index,loss,categorical_accuracy,val_loss,val_categorical_accuracy,model
0,0.42578205466270447,0.8855555653572083,0.4329427480697632,0.8799999952316284,C31D11
1,0.4143790304660797,0.8927778005599976,0.42498070001602173,0.8899999856948853,C31D11
2,0.410061776638031,0.897777795791626,0.4245506227016449,0.875,C31D11
3,0.39769548177719116,0.9133333563804626,0.4524402618408203,0.8600000143051147,C31D11
4,0.38972538709640503,0.9205555319786072,0.41885483264923096,0.8849999904632568,C31D11
5,0.3834949731826782,0.929444432258606,0.4497983157634735,0.8600000143051147,C31D11
6,0.37775787711143494,0.9350000023841858,0.42408522963523865,0.8899999856948853,C31D11
7,0.37164661288261414,0.9411110877990723,0.4465262293815613,0.8600000143051147,C31D11
8,0.3726459741592407,0.9383333325386047,0.4336102306842804,0.8799999952316284,C31D11
9,0.3663327097892761,0.9472222328186035,0.4174770712852478,0.8949999809265137,C31D11
10,0.3589603304862976,0.9555555582046509,0.4369584023952484,0.8650000095367432,C31D11
11,0.355394184589386,0.9594444632530212,0.42774853110313416,0.8849999904632568,C31D11
12,0.3535546064376831,0.9622222185134888,0.426111102104187,0.8799999952316284,C31D11
13,0.3500194251537323,0.9649999737739563,0.4220816493034363,0.8799999952316284,C31D11
14,0.3485703468322754,0.9655555486679077,0.4270809590816498,0.8849999904632568,C31D11
15,0.3480493128299713,0.9661111235618591,0.42494404315948486,0.8799999952316284,C31D11
16,0.34750571846961975,0.9666666388511658,0.42784491181373596,0.8799999952316284,C31D11
17,0.3462218940258026,0.9677777886390686,0.4285447299480438,0.8799999952316284,C31D11
18,0.34597915410995483,0.9677777886390686,0.4296959638595581,0.875,C31D11
19,0.34591925144195557,0.9677777886390686,0.42664584517478943,0.875,C31D11
