index,loss,categorical_accuracy,val_loss,val_categorical_accuracy,model
0,0.4373933672904968,0.8694444298744202,0.45465314388275146,0.8450000286102295,C12D11
1,0.42017289996147156,0.8899999856948853,0.4337151050567627,0.8849999904632568,C12D11
2,0.4205063283443451,0.8872222304344177,0.4432315528392792,0.8700000047683716,C12D11
3,0.4095631241798401,0.8999999761581421,0.4314920902252197,0.8650000095367432,C12D11
4,0.40111860632896423,0.9072222113609314,0.43865907192230225,0.8700000047683716,C12D11
5,0.3963414430618286,0.9150000214576721,0.43293601274490356,0.8799999952316284,C12D11
6,0.3874048590660095,0.926111102104187,0.4305022060871124,0.8799999952316284,C12D11
7,0.3824367821216583,0.9333333373069763,0.4317946135997772,0.8849999904632568,C12D11
8,0.38159292936325073,0.9333333373069763,0.44438880681991577,0.8650000095367432,C12D11
9,0.37934282422065735,0.9344444274902344,0.4397032558917999,0.8650000095367432,C12D11
10,0.37149304151535034,0.9461110830307007,0.4346240162849426,0.875,C12D11
11,0.369151771068573,0.9472222328186035,0.4346296787261963,0.875,C12D11
12,0.36669403314590454,0.948888897895813,0.435064435005188,0.875,C12D11
13,0.3641785979270935,0.9516666531562805,0.43118613958358765,0.875,C12D11
14,0.36306658387184143,0.9544444680213928,0.4291752576828003,0.8799999952316284,C12D11
15,0.36121320724487305,0.9555555582046509,0.4312703013420105,0.875,C12D11
16,0.3596359193325043,0.9555555582046509,0.4321644604206085,0.8799999952316284,C12D11
17,0.35936239361763,0.9561111330986023,0.4336557686328888,0.875,C12D11
18,0.3582797646522522,0.9572222232818604,0.431043803691864,0.8799999952316284,C12D11
19,0.35725632309913635,0.9583333134651184,0.43162819743156433,0.8899999856948853,C12D11
