index,loss,categorical_accuracy,val_loss,val_categorical_accuracy,model
0,0.5832969546318054,0.7211111187934875,0.556540310382843,0.7649999856948853,C22D22
1,0.5756344795227051,0.7294444441795349,0.5427645444869995,0.7649999856948853,C22D22
2,0.5770120024681091,0.7283333539962769,0.5440375804901123,0.7649999856948853,C22D22
3,0.5687414407730103,0.7438889145851135,0.5522779226303101,0.7599999904632568,C22D22
4,0.5788679122924805,0.7316666841506958,0.5592461824417114,0.7699999809265137,C22D22
5,0.5795826315879822,0.7188888788223267,0.5473425388336182,0.7649999856948853,C22D22
6,0.5690376162528992,0.7433333396911621,0.5324912071228027,0.7950000166893005,C22D22
7,0.5779176950454712,0.7300000190734863,0.5246914625167847,0.800000011920929,C22D22
8,0.5766716599464417,0.722777783870697,0.5616580247879028,0.7549999952316284,C22D22
9,0.5723201036453247,0.7344444394111633,0.534157931804657,0.7850000262260437,C22D22
10,0.5705559849739075,0.7355555295944214,0.5482168793678284,0.7649999856948853,C22D22
11,0.5670074224472046,0.7327777743339539,0.5328309535980225,0.7950000166893005,C22D22
12,0.5626670122146606,0.7477777600288391,0.5254502892494202,0.7950000166893005,C22D22
13,0.5611481070518494,0.7505555748939514,0.5285475850105286,0.7850000262260437,C22D22
14,0.5536293387413025,0.7572222352027893,0.5286546349525452,0.800000011920929,C22D22
15,0.5579372048377991,0.7511110901832581,0.5406102538108826,0.7699999809265137,C22D22
16,0.57481449842453,0.7255555391311646,0.5378726720809937,0.7649999856948853,C22D22
17,0.5646532773971558,0.7450000047683716,0.5468721985816956,0.7649999856948853,C22D22
18,0.5532667636871338,0.7566666603088379,0.5449559688568115,0.7749999761581421,C22D22
19,0.5591322779655457,0.7488889098167419,0.5553289651870728,0.7450000047683716,C22D22
