index,loss,categorical_accuracy,val_loss,val_categorical_accuracy,model
0,0.49302059412002563,0.8122222423553467,0.502516508102417,0.800000011920929,C31D12
1,0.47804704308509827,0.8266666531562805,0.5169359445571899,0.7799999713897705,C31D12
2,0.47256192564964294,0.8388888835906982,0.5130859613418579,0.7799999713897705,C31D12
3,0.4681520164012909,0.8416666388511658,0.5196133255958557,0.7850000262260437,C31D12
4,0.4594251811504364,0.8516666889190674,0.5160056948661804,0.7850000262260437,C31D12
5,0.45264771580696106,0.8583333492279053,0.512700617313385,0.7950000166893005,C31D12
6,0.44165119528770447,0.8722222447395325,0.5060265064239502,0.7950000166893005,C31D12
7,0.4398362934589386,0.875,0.5236236453056335,0.7799999713897705,C31D12
8,0.43522199988365173,0.8811110854148865,0.5145426392555237,0.7799999713897705,C31D12
9,0.42932847142219543,0.8811110854148865,0.5131843686103821,0.7799999713897705,C31D12
10,0.4333881735801697,0.8833333253860474,0.5204452276229858,0.7850000262260437,C31D12
11,0.4286373257637024,0.8822222352027893,0.5055760741233826,0.7850000262260437,C31D12
12,0.41949689388275146,0.8922222256660461,0.5239119529724121,0.7799999713897705,C31D12
13,0.41843554377555847,0.8972222208976746,0.5023810863494873,0.8050000071525574,C31D12
14,0.41872161626815796,0.8911111354827881,0.5053033232688904,0.7900000214576721,C31D12
15,0.4128730893135071,0.8994444608688354,0.5083998441696167,0.7799999713897705,C31D12
16,0.41015008091926575,0.9038888812065125,0.5068212747573853,0.7900000214576721,C31D12
17,0.40854552388191223,0.9027777910232544,0.49437251687049866,0.800000011920929,C31D12
18,0.4015986919403076,0.9127777814865112,0.5109683275222778,0.7799999713897705,C31D12
19,0.3987223207950592,0.9166666865348816,0.5040996074676514,0.800000011920929,C31D12
