index,loss,categorical_accuracy,val_loss,val_categorical_accuracy,model
0,0.5865110754966736,0.7200000286102295,0.5579445362091064,0.7450000047683716,C21D32
1,0.5910575985908508,0.7011111378669739,0.5707913041114807,0.7200000286102295,C21D32
2,0.5965001583099365,0.6994444727897644,0.5503122806549072,0.7599999904632568,C21D32
3,0.5935291051864624,0.6961110830307007,0.5735211372375488,0.7250000238418579,C21D32
4,0.5840447545051575,0.7211111187934875,0.5498569011688232,0.7599999904632568,C21D32
5,0.5816192626953125,0.7188888788223267,0.5454655885696411,0.7549999952316284,C21D32
6,0.5916118025779724,0.7038888931274414,0.564044713973999,0.7350000143051147,C21D32
7,0.5906481742858887,0.7077777981758118,0.561886191368103,0.7400000095367432,C21D32
8,0.5803585052490234,0.722777783870697,0.555042028427124,0.75,C21D32
9,0.5907022356987,0.7083333134651184,0.5533500909805298,0.7549999952316284,C21D32
10,0.5871966481208801,0.7144444584846497,0.5519311428070068,0.75,C21D32
11,0.5783895254135132,0.7238888740539551,0.5437871813774109,0.75,C21D32
12,0.5928066968917847,0.7061111330986023,0.5438968539237976,0.7450000047683716,C21D32
13,0.5883278846740723,0.7127777934074402,0.5459408760070801,0.7450000047683716,C21D32
14,0.5835782289505005,0.7138888835906982,0.5590773224830627,0.75,C21D32
15,0.5881485342979431,0.7105555534362793,0.5451071262359619,0.7549999952316284,C21D32
16,0.5838922262191772,0.7138888835906982,0.5480319857597351,0.7450000047683716,C21D32
17,0.5813983678817749,0.7155555486679077,0.5484269261360168,0.7450000047683716,C21D32
18,0.5865902304649353,0.7072222232818604,0.5614023208618164,0.7400000095367432,C21D32
19,0.5778129696846008,0.7177777886390686,0.5531719326972961,0.7549999952316284,C21D32
