index,loss,categorical_accuracy,val_loss,val_categorical_accuracy,model
0,0.4651367962360382,0.8433333039283752,0.4365892708301544,0.875,C32D11
1,0.4531739354133606,0.8544444441795349,0.43002933263778687,0.8899999856948853,C32D11
2,0.46451935172080994,0.8455555438995361,0.4275023639202118,0.8899999856948853,C32D11
3,0.45774737000465393,0.8516666889190674,0.4274453818798065,0.8899999856948853,C32D11
4,0.45368361473083496,0.855555534362793,0.4284326136112213,0.875,C32D11
5,0.46701690554618835,0.8411111235618591,0.4291231632232666,0.8849999904632568,C32D11
6,0.4631367623806,0.8450000286102295,0.43467947840690613,0.875,C32D11
7,0.4552730917930603,0.8527777791023254,0.4303666353225708,0.8600000143051147,C32D11
8,0.45134130120277405,0.8550000190734863,0.4269663691520691,0.8799999952316284,C32D11
9,0.45055830478668213,0.8583333492279053,0.4255934953689575,0.8899999856948853,C32D11
10,0.45187079906463623,0.8566666841506958,0.42944395542144775,0.8799999952316284,C32D11
11,0.4487322270870209,0.8650000095367432,0.4401319921016693,0.8550000190734863,C32D11
12,0.44965553283691406,0.8594444394111633,0.4459483027458191,0.8600000143051147,C32D11
13,0.44675928354263306,0.8616666793823242,0.43230098485946655,0.8799999952316284,C32D11
14,0.4460817575454712,0.8655555844306946,0.4335615634918213,0.8799999952316284,C32D11
15,0.4402965307235718,0.871666669845581,0.4319678843021393,0.8799999952316284,C32D11
16,0.4511604905128479,0.8561111092567444,0.4303399622440338,0.875,C32D11
17,0.4498026669025421,0.8566666841506958,0.4638175666332245,0.8500000238418579,C32D11
18,0.43723976612091064,0.8744444251060486,0.42912161350250244,0.8849999904632568,C32D11
19,0.4379080533981323,0.8711110949516296,0.4396611154079437,0.8700000047683716,C32D11
