index,loss,categorical_accuracy,val_loss,val_categorical_accuracy,model
0,0.37858763337135315,0.9408190250396729,0.36661475896835327,0.9466436505317688,C11D21
1,0.3724844753742218,0.9418884515762329,0.36661475896835327,0.9466436505317688,C11D21
2,0.3721781075000763,0.9419378042221069,0.36661475896835327,0.9466436505317688,C11D21
