index,loss,categorical_accuracy,val_loss,val_categorical_accuracy,model
0,0.38879573345184326,0.9390914440155029,0.36683204770088196,0.9466436505317688,C22D21
1,0.37486910820007324,0.9419652223587036,0.36669567227363586,0.9466436505317688,C22D21
2,0.37341880798339844,0.9419652223587036,0.36666229367256165,0.9466436505317688,C22D21
