index,loss,categorical_accuracy,val_loss,val_categorical_accuracy,model
0,0.4288432002067566,0.8861111402511597,0.394780695438385,0.9200000166893005,C31D32
1,0.415841281414032,0.8994444608688354,0.396180123090744,0.9100000262260437,C31D32
2,0.422440767288208,0.8916666507720947,0.40262168645858765,0.9100000262260437,C31D32
3,0.41690781712532043,0.8955555558204651,0.40472671389579773,0.9049999713897705,C31D32
4,0.4137430191040039,0.8999999761581421,0.39817553758621216,0.9150000214576721,C31D32
5,0.4165855348110199,0.8949999809265137,0.4122169017791748,0.8999999761581421,C31D32
6,0.40767788887023926,0.9044444561004639,0.3970765173435211,0.9150000214576721,C31D32
7,0.40105685591697693,0.9133333563804626,0.4175998568534851,0.8949999809265137,C31D32
8,0.3991173207759857,0.9177777767181396,0.4214928448200226,0.8899999856948853,C31D32
9,0.39843055605888367,0.9138888716697693,0.3978869616985321,0.9150000214576721,C31D32
10,0.39894354343414307,0.9144444465637207,0.3933476507663727,0.9200000166893005,C31D32
11,0.4035798907279968,0.9116666913032532,0.426313579082489,0.8799999952316284,C31D32
12,0.39073002338409424,0.9244444370269775,0.40028971433639526,0.9100000262260437,C31D32
13,0.38660937547683716,0.929444432258606,0.40624868869781494,0.9049999713897705,C31D32
14,0.38738736510276794,0.929444432258606,0.40528205037117004,0.9100000262260437,C31D32
15,0.3866775929927826,0.9277777671813965,0.40236884355545044,0.9100000262260437,C31D32
16,0.3933456838130951,0.9205555319786072,0.4064677059650421,0.9049999713897705,C31D32
17,0.38920000195503235,0.9277777671813965,0.4100188910961151,0.8999999761581421,C31D32
18,0.38646215200424194,0.9288889169692993,0.39893653988838196,0.9150000214576721,C31D32
19,0.3901282548904419,0.9244444370269775,0.45993706583976746,0.8550000190734863,C31D32
