index,loss,categorical_accuracy,val_loss,val_categorical_accuracy,model
0,0.4263031482696533,0.8816666603088379,0.4195343852043152,0.8899999856948853,C31D31
1,0.4135003685951233,0.8966666460037231,0.40992987155914307,0.8949999809265137,C31D31
2,0.4087064564228058,0.9011111259460449,0.4022091329097748,0.9150000214576721,C31D31
3,0.3979029357433319,0.9150000214576721,0.4228653311729431,0.8849999904632568,C31D31
4,0.3951873481273651,0.9177777767181396,0.41625577211380005,0.8899999856948853,C31D31
5,0.3923959732055664,0.9188888669013977,0.4364509582519531,0.875,C31D31
6,0.39403873682022095,0.9177777767181396,0.41265469789505005,0.8949999809265137,C31D31
7,0.3833366930484772,0.929444432258606,0.4081016480922699,0.8999999761581421,C31D31
8,0.37825924158096313,0.9344444274902344,0.4305550754070282,0.8849999904632568,C31D31
9,0.37409257888793945,0.9377777576446533,0.41137465834617615,0.8949999809265137,C31D31
10,0.3735220432281494,0.9383333325386047,0.4185101389884949,0.8899999856948853,C31D31
11,0.36727067828178406,0.9477777481079102,0.4095780849456787,0.9049999713897705,C31D31
12,0.3647595942020416,0.9505555629730225,0.4057660400867462,0.9049999713897705,C31D31
13,0.36248788237571716,0.9511111378669739,0.4025818109512329,0.9150000214576721,C31D31
14,0.3615783154964447,0.9516666531562805,0.4098994731903076,0.8949999809265137,C31D31
15,0.3584435284137726,0.9566666483879089,0.40978753566741943,0.8949999809265137,C31D31
16,0.35767287015914917,0.9566666483879089,0.4097713530063629,0.9049999713897705,C31D31
17,0.3570537865161896,0.9561111330986023,0.4172389507293701,0.8899999856948853,C31D31
18,0.3566470146179199,0.9572222232818604,0.41074761748313904,0.9049999713897705,C31D31
19,0.35541215538978577,0.9583333134651184,0.4120977520942688,0.8999999761581421,C31D31
