index,loss,categorical_accuracy,val_loss,val_categorical_accuracy,model
0,0.5186070203781128,0.7894444465637207,0.49872344732284546,0.8050000071525574,C22D32
1,0.5177298784255981,0.7916666865348816,0.48987457156181335,0.8199999928474426,C22D32
2,0.5175600647926331,0.7900000214576721,0.4987580478191376,0.8149999976158142,C22D32
3,0.5144455432891846,0.7927777767181396,0.4762312173843384,0.8450000286102295,C22D32
4,0.5085922479629517,0.8016666769981384,0.47961872816085815,0.8399999737739563,C22D32
5,0.5141192674636841,0.7994444370269775,0.49937236309051514,0.8100000023841858,C22D32
6,0.5120813250541687,0.7961111068725586,0.4797185957431793,0.8399999737739563,C22D32
7,0.5020385384559631,0.8066666722297668,0.48278290033340454,0.824999988079071,C22D32
8,0.5090519189834595,0.7938888669013977,0.4850999712944031,0.8299999833106995,C22D32
9,0.5065886378288269,0.804444432258606,0.4862843453884125,0.824999988079071,C22D32
10,0.5148630142211914,0.7922222018241882,0.5210400819778442,0.7799999713897705,C22D32
11,0.5079273581504822,0.8022222518920898,0.5024741888046265,0.8100000023841858,C22D32
12,0.49900394678115845,0.8127777576446533,0.4989641308784485,0.8149999976158142,C22D32
13,0.5044887661933899,0.8038889169692993,0.4801769256591797,0.8349999785423279,C22D32
14,0.4932037591934204,0.8177777528762817,0.4948829412460327,0.824999988079071,C22D32
15,0.4960074722766876,0.8116666674613953,0.4943315088748932,0.8149999976158142,C22D32
16,0.5009379982948303,0.8133333325386047,0.49214157462120056,0.824999988079071,C22D32
17,0.49129897356033325,0.8216666579246521,0.48298799991607666,0.824999988079071,C22D32
18,0.49820438027381897,0.8149999976158142,0.4796147644519806,0.8349999785423279,C22D32
19,0.49252980947494507,0.8149999976158142,0.4866286516189575,0.8199999928474426,C22D32
