index,loss,categorical_accuracy,val_loss,val_categorical_accuracy,model
0,0.46196556091308594,0.846666693687439,0.45164772868156433,0.8500000238418579,C11D21
1,0.4626936912536621,0.8483333587646484,0.4867291748523712,0.8050000071525574,C11D21
2,0.46242576837539673,0.847777783870697,0.4664241671562195,0.8399999737739563,C11D21
3,0.45831677317619324,0.8527777791023254,0.45305484533309937,0.8650000095367432,C11D21
4,0.4574643075466156,0.852222204208374,0.45298248529434204,0.8500000238418579,C11D21
5,0.45336830615997314,0.8566666841506958,0.4598971903324127,0.8450000286102295,C11D21
6,0.4514864981174469,0.8605555295944214,0.4511871635913849,0.8500000238418579,C11D21
7,0.4493260681629181,0.8600000143051147,0.45900508761405945,0.8349999785423279,C11D21
8,0.4451106786727905,0.8655555844306946,0.45799925923347473,0.8500000238418579,C11D21
9,0.44522616267204285,0.870555579662323,0.457972913980484,0.8500000238418579,C11D21
10,0.4445447325706482,0.8677777647972107,0.451579749584198,0.8550000190734863,C11D21
11,0.4362943470478058,0.8755555748939514,0.45261165499687195,0.8500000238418579,C11D21
12,0.44369423389434814,0.8666666746139526,0.44720354676246643,0.8600000143051147,C11D21
13,0.4359319806098938,0.8777777552604675,0.47496864199638367,0.8299999833106995,C11D21
14,0.4338989853858948,0.8777777552604675,0.4497298300266266,0.8550000190734863,C11D21
15,0.42318448424339294,0.8922222256660461,0.44685298204421997,0.8550000190734863,C11D21
16,0.4292926788330078,0.8844444155693054,0.4456097483634949,0.8600000143051147,C11D21
17,0.4314277768135071,0.882777750492096,0.44709262251853943,0.8650000095367432,C11D21
18,0.4288008213043213,0.8838889002799988,0.4388349950313568,0.8700000047683716,C11D21
19,0.4268346130847931,0.8872222304344177,0.4359145760536194,0.8700000047683716,C11D21
