index,loss,categorical_accuracy,val_loss,val_categorical_accuracy,model
0,0.5360966920852661,0.7711111307144165,0.5342594981193542,0.7649999856948853,C21D11
1,0.5496981739997864,0.754444420337677,0.5373614430427551,0.7699999809265137,C21D11
2,0.5346730351448059,0.7655555605888367,0.5435572862625122,0.7450000047683716,C21D11
3,0.5379769206047058,0.7566666603088379,0.528626561164856,0.7749999761581421,C21D11
4,0.5405891537666321,0.7599999904632568,0.5471742153167725,0.7350000143051147,C21D11
5,0.5353742241859436,0.7605555653572083,0.5327017903327942,0.7549999952316284,C21D11
6,0.5321428179740906,0.7605555653572083,0.5265264511108398,0.7799999713897705,C21D11
7,0.5399109721183777,0.7599999904632568,0.5257412791252136,0.7850000262260437,C21D11
8,0.5318120718002319,0.7644444704055786,0.5261932611465454,0.7900000214576721,C21D11
9,0.5316081643104553,0.772777795791626,0.533840537071228,0.7549999952316284,C21D11
10,0.5315250158309937,0.7638888955116272,0.5454824566841125,0.7250000238418579,C21D11
11,0.527975857257843,0.7777777910232544,0.5390120148658752,0.7400000095367432,C21D11
12,0.5339784026145935,0.7672222256660461,0.5414345264434814,0.7549999952316284,C21D11
13,0.5260041356086731,0.7777777910232544,0.5342926383018494,0.7400000095367432,C21D11
14,0.5271144509315491,0.7661111354827881,0.5365068912506104,0.75,C21D11
15,0.5215721130371094,0.7811111211776733,0.5159090161323547,0.8050000071525574,C21D11
16,0.5223998427391052,0.7822222113609314,0.5417895317077637,0.7350000143051147,C21D11
17,0.5304778814315796,0.7683333158493042,0.5270626544952393,0.75,C21D11
18,0.521570086479187,0.7905555367469788,0.523897647857666,0.7799999713897705,C21D11
19,0.5245112776756287,0.7794444561004639,0.5338619351387024,0.7599999904632568,C21D11
