index,loss,categorical_accuracy,val_loss,val_categorical_accuracy,model
0,0.6892226934432983,0.5149999856948853,0.6812662482261658,0.5149999856948853,C21D32
1,0.6876205801963806,0.5205555558204651,0.6804959177970886,0.5199999809265137,C21D32
2,0.686248242855072,0.5222222208976746,0.6793907880783081,0.550000011920929,C21D32
3,0.6858338713645935,0.5344444513320923,0.6789436340332031,0.574999988079071,C21D32
4,0.6845102906227112,0.5455555319786072,0.678032398223877,0.6150000095367432,C21D32
5,0.6829054355621338,0.5555555820465088,0.6756052374839783,0.5950000286102295,C21D32
6,0.6822934746742249,0.5550000071525574,0.6735935807228088,0.5899999737739563,C21D32
7,0.6814501881599426,0.5527777671813965,0.6723135113716125,0.6499999761581421,C21D32
8,0.6809785962104797,0.5588889122009277,0.671019971370697,0.7149999737739563,C21D32
9,0.6797642707824707,0.5799999833106995,0.6696703433990479,0.7400000095367432,C21D32
10,0.6807053685188293,0.5761111378669739,0.668711245059967,0.75,C21D32
11,0.6770312786102295,0.5799999833106995,0.6649450063705444,0.7200000286102295,C21D32
12,0.6735703945159912,0.5833333134651184,0.6626913547515869,0.7300000190734863,C21D32
13,0.6761583089828491,0.5861111283302307,0.6630945801734924,0.7350000143051147,C21D32
14,0.6796305775642395,0.5777778029441833,0.6605064272880554,0.75,C21D32
15,0.6724344491958618,0.5894444584846497,0.6570342779159546,0.7450000047683716,C21D32
16,0.6742007732391357,0.5944444537162781,0.65533447265625,0.7549999952316284,C21D32
17,0.6734772324562073,0.57833331823349,0.6529980301856995,0.7549999952316284,C21D32
18,0.6683880090713501,0.5950000286102295,0.6504149436950684,0.7599999904632568,C21D32
19,0.6686438918113708,0.5972222089767456,0.6464569568634033,0.7649999856948853,C21D32
