index,loss,categorical_accuracy,val_loss,val_categorical_accuracy,model
0,0.44501855969429016,0.8627777695655823,0.4512007236480713,0.8550000190734863,C11D21
1,0.43979406356811523,0.8694444298744202,0.472332239151001,0.824999988079071,C11D21
2,0.442701131105423,0.8688889145851135,0.43766364455223083,0.8700000047683716,C11D21
3,0.4304044842720032,0.8838889002799988,0.4408227801322937,0.8700000047683716,C11D21
4,0.4396269619464874,0.870555579662323,0.43476173281669617,0.8849999904632568,C11D21
5,0.43295514583587646,0.8766666650772095,0.44196799397468567,0.875,C11D21
6,0.435191810131073,0.8772222399711609,0.43194282054901123,0.8799999952316284,C11D21
7,0.42681029438972473,0.8883333206176758,0.4402017891407013,0.875,C11D21
8,0.42618703842163086,0.8855555653572083,0.4632878005504608,0.8500000238418579,C11D21
9,0.42466217279434204,0.8894444704055786,0.44209012389183044,0.8650000095367432,C11D21
10,0.4231118857860565,0.8855555653572083,0.44902217388153076,0.8650000095367432,C11D21
11,0.41992923617362976,0.894444465637207,0.4408773183822632,0.8550000190734863,C11D21
12,0.41788628697395325,0.8922222256660461,0.43977487087249756,0.875,C11D21
13,0.41451701521873474,0.9016666412353516,0.441405713558197,0.875,C11D21
14,0.41544848680496216,0.898888885974884,0.4501515328884125,0.8450000286102295,C11D21
15,0.40673935413360596,0.9072222113609314,0.46204081177711487,0.8500000238418579,C11D21
16,0.4165976941585541,0.8938888907432556,0.4419502913951874,0.8700000047683716,C11D21
17,0.40927326679229736,0.9049999713897705,0.4508359432220459,0.8650000095367432,C11D21
18,0.40963366627693176,0.9066666960716248,0.4484662115573883,0.8600000143051147,C11D21
19,0.4093905985355377,0.9044444561004639,0.4399597644805908,0.875,C11D21
