index,loss,categorical_accuracy,val_loss,val_categorical_accuracy,model
0,0.37545669078826904,0.9406545162200928,0.36661475896835327,0.9466436505317688,C21D21
1,0.37163758277893066,0.9419103860855103,0.36661475896835327,0.9466436505317688,C21D21
2,0.3715721368789673,0.9419213533401489,0.36661475896835327,0.9466436505317688,C21D21
