index,loss,categorical_accuracy,val_loss,val_categorical_accuracy,model
0,0.5027972459793091,0.8033333420753479,0.4627038538455963,0.8299999833106995,C21D21
1,0.493347704410553,0.8166666626930237,0.47084662318229675,0.8299999833106995,C21D21
2,0.4931252598762512,0.8166666626930237,0.47081419825553894,0.8399999737739563,C21D21
3,0.49521076679229736,0.8138889074325562,0.4702643156051636,0.8349999785423279,C21D21
4,0.49354875087738037,0.8133333325386047,0.4822925329208374,0.8299999833106995,C21D21
5,0.49982950091362,0.8094444274902344,0.45566999912261963,0.8399999737739563,C21D21
6,0.49287113547325134,0.8166666626930237,0.4649299681186676,0.8450000286102295,C21D21
7,0.4877755343914032,0.823888897895813,0.4602505564689636,0.8399999737739563,C21D21
8,0.49377456307411194,0.8149999976158142,0.4538622200489044,0.8500000238418579,C21D21
9,0.4929684102535248,0.8149999976158142,0.4575102627277374,0.8500000238418579,C21D21
10,0.48660382628440857,0.8155555725097656,0.45904242992401123,0.8500000238418579,C21D21
11,0.4862484931945801,0.8216666579246521,0.4590177536010742,0.8550000190734863,C21D21
12,0.48993441462516785,0.8155555725097656,0.4507071375846863,0.8550000190734863,C21D21
13,0.4839063882827759,0.8255555629730225,0.48016929626464844,0.824999988079071,C21D21
14,0.4863106310367584,0.8199999928474426,0.48125797510147095,0.824999988079071,C21D21
15,0.4892056882381439,0.8161110877990723,0.45347121357917786,0.8550000190734863,C21D21
16,0.4890810251235962,0.8188889026641846,0.4546670615673065,0.8450000286102295,C21D21
17,0.4900243878364563,0.8122222423553467,0.4532698094844818,0.8550000190734863,C21D21
18,0.48974093794822693,0.8177777528762817,0.4500730633735657,0.8500000238418579,C21D21
19,0.47842836380004883,0.82833331823349,0.4744478464126587,0.8299999833106995,C21D21
