index,loss,categorical_accuracy,val_loss,val_categorical_accuracy,model
0,0.6623185873031616,0.6177777647972107,0.6493808031082153,0.6899999976158142,C21D32
1,0.6607560515403748,0.629444420337677,0.648848295211792,0.7149999737739563,C21D32
2,0.659008264541626,0.6150000095367432,0.6495739817619324,0.7149999737739563,C21D32
3,0.6576390862464905,0.6261110901832581,0.6475266814231873,0.7200000286102295,C21D32
4,0.656050443649292,0.6383333206176758,0.6397666335105896,0.7099999785423279,C21D32
5,0.6532003879547119,0.6383333206176758,0.6366328597068787,0.7099999785423279,C21D32
6,0.6480532288551331,0.6483333110809326,0.6379945278167725,0.7200000286102295,C21D32
7,0.6530275344848633,0.6333333253860474,0.6327207684516907,0.7200000286102295,C21D32
8,0.647326648235321,0.6483333110809326,0.628286600112915,0.7149999737739563,C21D32
9,0.6463220119476318,0.6511111259460449,0.6268869638442993,0.7250000238418579,C21D32
10,0.6436362862586975,0.6527777910232544,0.6242765188217163,0.7200000286102295,C21D32
11,0.6416984796524048,0.6505555510520935,0.6198118329048157,0.7099999785423279,C21D32
12,0.6382054090499878,0.6666666865348816,0.6207438111305237,0.7149999737739563,C21D32
13,0.6380285620689392,0.6588888764381409,0.6163015961647034,0.699999988079071,C21D32
14,0.6380767226219177,0.6561111211776733,0.614256739616394,0.7049999833106995,C21D32
15,0.6343591809272766,0.6766666769981384,0.6125141382217407,0.7200000286102295,C21D32
16,0.6268999576568604,0.6816666722297668,0.6101725697517395,0.7049999833106995,C21D32
17,0.6315042972564697,0.6555555462837219,0.6135340332984924,0.7200000286102295,C21D32
18,0.6230669021606445,0.6816666722297668,0.6057733297348022,0.7200000286102295,C21D32
19,0.6281997561454773,0.675000011920929,0.6098477840423584,0.7200000286102295,C21D32
