index,loss,categorical_accuracy,val_loss,val_categorical_accuracy,model
0,0.6822941899299622,0.5649999976158142,0.681598961353302,0.6499999761581421,C22D31
1,0.6816845536231995,0.550000011920929,0.6803643703460693,0.6650000214576721,C22D31
2,0.6797481775283813,0.5644444227218628,0.6786261796951294,0.6549999713897705,C22D31
3,0.6782072186470032,0.5722222328186035,0.6766807436943054,0.6449999809265137,C22D31
4,0.6762255430221558,0.5683333277702332,0.6743940114974976,0.6800000071525574,C22D31
5,0.6746845245361328,0.5699999928474426,0.6724308729171753,0.6800000071525574,C22D31
6,0.671970784664154,0.57833331823349,0.6697613596916199,0.6650000214576721,C22D31
7,0.6703569889068604,0.5777778029441833,0.6668050289154053,0.675000011920929,C22D31
8,0.6681448221206665,0.597777783870697,0.663605272769928,0.6700000166893005,C22D31
9,0.6646797060966492,0.6161110997200012,0.662447988986969,0.7350000143051147,C22D31
10,0.6611105799674988,0.620555579662323,0.659207820892334,0.6349999904632568,C22D31
11,0.660453736782074,0.6144444346427917,0.653459906578064,0.6600000262260437,C22D31
12,0.6590241193771362,0.628333330154419,0.6525628566741943,0.7549999952316284,C22D31
13,0.6547796726226807,0.6422222256660461,0.6456398963928223,0.7250000238418579,C22D31
14,0.6509954333305359,0.6355555653572083,0.6409656405448914,0.7350000143051147,C22D31
15,0.6468175649642944,0.6472222208976746,0.6364429593086243,0.699999988079071,C22D31
16,0.646991491317749,0.6572222113609314,0.6326091885566711,0.7099999785423279,C22D31
17,0.6424857378005981,0.6661111116409302,0.6270061135292053,0.7250000238418579,C22D31
18,0.6364067196846008,0.6727777719497681,0.6231411099433899,0.7099999785423279,C22D31
19,0.6354754567146301,0.67166668176651,0.6203711628913879,0.7749999761581421,C22D31
