index,loss,categorical_accuracy,val_loss,val_categorical_accuracy,model
0,0.45320433378219604,0.8516666889190674,0.4260019063949585,0.8899999856948853,C32D31
1,0.4459249973297119,0.8622221946716309,0.4313572645187378,0.8849999904632568,C32D31
2,0.44649171829223633,0.8611111044883728,0.4283244013786316,0.8849999904632568,C32D31
3,0.44933807849884033,0.8572221994400024,0.4431821405887604,0.8650000095367432,C32D31
4,0.4463109076023102,0.8622221946716309,0.43101921677589417,0.875,C32D31
5,0.4435853660106659,0.8655555844306946,0.43075016140937805,0.875,C32D31
6,0.4350384473800659,0.871666669845581,0.42609483003616333,0.8799999952316284,C32D31
7,0.44750291109085083,0.8544444441795349,0.42783012986183167,0.875,C32D31
8,0.44198739528656006,0.8661110997200012,0.4311414062976837,0.8799999952316284,C32D31
9,0.4408681094646454,0.8661110997200012,0.431287944316864,0.875,C32D31
10,0.43395331501960754,0.8727777600288391,0.4428095519542694,0.875,C32D31
11,0.4387681484222412,0.8677777647972107,0.43302780389785767,0.875,C32D31
12,0.44252291321754456,0.8644444346427917,0.42553409934043884,0.8849999904632568,C32D31
13,0.44022318720817566,0.8666666746139526,0.42605724930763245,0.8799999952316284,C32D31
14,0.4352550208568573,0.8761110901832581,0.4297293424606323,0.875,C32D31
15,0.4366469979286194,0.870555579662323,0.42647433280944824,0.8849999904632568,C32D31
16,0.43473026156425476,0.875,0.421941876411438,0.8899999856948853,C32D31
17,0.43055686354637146,0.8766666650772095,0.44452840089797974,0.8700000047683716,C32D31
18,0.4326362907886505,0.878333330154419,0.430690199136734,0.8700000047683716,C32D31
19,0.43009939789772034,0.875,0.43061867356300354,0.8799999952316284,C32D31
