index,loss,categorical_accuracy,val_loss,val_categorical_accuracy,model
0,0.4831223785877228,0.8255555629730225,0.4547015428543091,0.8500000238418579,C22D21
1,0.48500120639801025,0.823888897895813,0.4677477180957794,0.8399999737739563,C22D21
2,0.4767771363258362,0.8316666483879089,0.45576012134552,0.8550000190734863,C22D21
3,0.48295438289642334,0.8216666579246521,0.4502635896205902,0.8650000095367432,C22D21
4,0.47671738266944885,0.8349999785423279,0.45793041586875916,0.8450000286102295,C22D21
5,0.47541937232017517,0.8338888883590698,0.4617103636264801,0.8399999737739563,C22D21
6,0.4800586998462677,0.8316666483879089,0.4813860356807709,0.8149999976158142,C22D21
7,0.475918173789978,0.8299999833106995,0.445440411567688,0.8600000143051147,C22D21
8,0.47247928380966187,0.8338888883590698,0.4705994725227356,0.8349999785423279,C22D21
9,0.4720112979412079,0.8394444584846497,0.4474429190158844,0.8600000143051147,C22D21
10,0.47319257259368896,0.8377777934074402,0.46671992540359497,0.8450000286102295,C22D21
11,0.4880838692188263,0.8211110830307007,0.45927196741104126,0.8500000238418579,C22D21
12,0.46684274077415466,0.8411111235618591,0.4836879074573517,0.8399999737739563,C22D21
13,0.4703482985496521,0.8405555486679077,0.4533064365386963,0.8550000190734863,C22D21
14,0.47310468554496765,0.8366666436195374,0.4474394619464874,0.8600000143051147,C22D21
15,0.4677266478538513,0.8438888788223267,0.4636090099811554,0.8500000238418579,C22D21
16,0.46626725792884827,0.8444444537162781,0.46250423789024353,0.8399999737739563,C22D21
17,0.47389525175094604,0.8366666436195374,0.4453304708003998,0.8600000143051147,C22D21
18,0.4635518789291382,0.8438888788223267,0.4458518326282501,0.8700000047683716,C22D21
19,0.4618811011314392,0.847777783870697,0.44522637128829956,0.8700000047683716,C22D21
