index,loss,categorical_accuracy,val_loss,val_categorical_accuracy,model
0,0.5472224354743958,0.7599999904632568,0.5432083606719971,0.7599999904632568,C22D32
1,0.5343437790870667,0.7722222208976746,0.583314836025238,0.7149999737739563,C22D32
2,0.5453565716743469,0.7611111402511597,0.5679187178611755,0.7350000143051147,C22D32
3,0.5363516807556152,0.769444465637207,0.5443372130393982,0.7649999856948853,C22D32
4,0.5367788076400757,0.7711111307144165,0.5602043271064758,0.75,C22D32
5,0.5303499102592468,0.773888885974884,0.572500467300415,0.7450000047683716,C22D32
6,0.5227915644645691,0.7794444561004639,0.5618718862533569,0.7350000143051147,C22D32
7,0.5212266445159912,0.7883333563804626,0.5424112677574158,0.7699999809265137,C22D32
8,0.5340985655784607,0.7711111307144165,0.5688420534133911,0.7350000143051147,C22D32
9,0.517193078994751,0.7927777767181396,0.5753727555274963,0.7250000238418579,C22D32
10,0.5232852101325989,0.7833333611488342,0.538173496723175,0.7699999809265137,C22D32
11,0.5254055261611938,0.7827777862548828,0.5614054203033447,0.7450000047683716,C22D32
12,0.5140586495399475,0.7988888621330261,0.5795130729675293,0.7149999737739563,C22D32
13,0.5271458029747009,0.7833333611488342,0.5582690834999084,0.7450000047683716,C22D32
14,0.534244179725647,0.7744444608688354,0.5524914264678955,0.75,C22D32
15,0.5220867991447449,0.7883333563804626,0.5378846526145935,0.7749999761581421,C22D32
16,0.5192723870277405,0.7922222018241882,0.5507123470306396,0.7450000047683716,C22D32
17,0.5165988206863403,0.7938888669013977,0.5329568982124329,0.7900000214576721,C22D32
18,0.5216051340103149,0.7905555367469788,0.5447734594345093,0.7649999856948853,C22D32
19,0.5276423692703247,0.7822222113609314,0.550324022769928,0.75,C22D32
