index,loss,categorical_accuracy,val_loss,val_categorical_accuracy,model
0,0.557959794998169,0.7488889098167419,0.4976200759410858,0.824999988079071,C21D32
1,0.5639393329620361,0.7411110997200012,0.49358829855918884,0.824999988079071,C21D32
2,0.5561125874519348,0.7461110949516296,0.5041117668151855,0.7900000214576721,C21D32
3,0.55633544921875,0.746666669845581,0.5062996745109558,0.7950000166893005,C21D32
4,0.5575119853019714,0.7427777647972107,0.5643916726112366,0.7400000095367432,C21D32
5,0.5545081496238708,0.757777750492096,0.5054714679718018,0.7900000214576721,C21D32
6,0.5563464760780334,0.7433333396911621,0.5043379068374634,0.8050000071525574,C21D32
7,0.5574278831481934,0.7433333396911621,0.507290244102478,0.7950000166893005,C21D32
8,0.549871563911438,0.7511110901832581,0.5315679311752319,0.7799999713897705,C21D32
9,0.563235342502594,0.7350000143051147,0.4950063228607178,0.8199999928474426,C21D32
10,0.5547702312469482,0.75,0.5507499575614929,0.75,C21D32
11,0.552381157875061,0.75,0.503424882888794,0.800000011920929,C21D32
12,0.5591447353363037,0.7411110997200012,0.49347320199012756,0.8149999976158142,C21D32
13,0.5496962070465088,0.7572222352027893,0.48791491985321045,0.8149999976158142,C21D32
14,0.5518835783004761,0.7516666650772095,0.4969964623451233,0.8050000071525574,C21D32
15,0.5557093620300293,0.7516666650772095,0.506069004535675,0.7950000166893005,C21D32
16,0.5454645156860352,0.7611111402511597,0.49783316254615784,0.800000011920929,C21D32
17,0.5396469235420227,0.7627778053283691,0.5085877180099487,0.7950000166893005,C21D32
18,0.5397440195083618,0.7711111307144165,0.5074066519737244,0.800000011920929,C21D32
19,0.5597211122512817,0.7438889145851135,0.5225787162780762,0.7649999856948853,C21D32
