index,loss,categorical_accuracy,val_loss,val_categorical_accuracy,model
0,0.5359131693840027,0.7661111354827881,0.5024867653846741,0.7900000214576721,C22D12
1,0.528104841709137,0.769444465637207,0.5392106175422668,0.7599999904632568,C22D12
2,0.5338672399520874,0.7683333158493042,0.5099620819091797,0.7850000262260437,C22D12
3,0.5319921374320984,0.7666666507720947,0.5245273113250732,0.7799999713897705,C22D12
4,0.529155433177948,0.772777795791626,0.5508406162261963,0.7450000047683716,C22D12
5,0.5262051820755005,0.7822222113609314,0.5150948166847229,0.7850000262260437,C22D12
6,0.5190240740776062,0.7794444561004639,0.5419775247573853,0.7549999952316284,C22D12
7,0.5251425504684448,0.7733333110809326,0.5063706040382385,0.7950000166893005,C22D12
8,0.5216208100318909,0.777222216129303,0.5157907009124756,0.7749999761581421,C22D12
9,0.5205780267715454,0.7838888764381409,0.5308805704116821,0.7549999952316284,C22D12
10,0.5283498167991638,0.769444465637207,0.5103421211242676,0.7799999713897705,C22D12
11,0.517723023891449,0.7844444513320923,0.4995884299278259,0.7850000262260437,C22D12
12,0.5157263278961182,0.7894444465637207,0.5034506320953369,0.800000011920929,C22D12
13,0.5168153643608093,0.7894444465637207,0.5003557801246643,0.7950000166893005,C22D12
14,0.5142924785614014,0.7911111116409302,0.5108448266983032,0.7850000262260437,C22D12
15,0.5117126703262329,0.7938888669013977,0.519530713558197,0.7799999713897705,C22D12
16,0.5058634877204895,0.7955555319786072,0.5089494585990906,0.7950000166893005,C22D12
17,0.5153395533561707,0.7911111116409302,0.5155351161956787,0.7850000262260437,C22D12
18,0.5101078748703003,0.7894444465637207,0.4991470277309418,0.800000011920929,C22D12
19,0.5075460076332092,0.7950000166893005,0.49826446175575256,0.8050000071525574,C22D12
