index,loss,categorical_accuracy,val_loss,val_categorical_accuracy,model
0,0.6838626861572266,0.5438888669013977,0.685136616230011,0.5199999809265137,C31D22
1,0.6813897490501404,0.5438888669013977,0.6848665475845337,0.5199999809265137,C31D22
2,0.681815505027771,0.5438888669013977,0.683215856552124,0.5199999809265137,C31D22
3,0.6785926818847656,0.5438888669013977,0.6833981275558472,0.5199999809265137,C31D22
4,0.6779854893684387,0.5438888669013977,0.6802728772163391,0.5199999809265137,C31D22
5,0.6756734848022461,0.5433333516120911,0.6807859539985657,0.5199999809265137,C31D22
6,0.6770095229148865,0.5427777767181396,0.6767591834068298,0.5199999809265137,C31D22
7,0.6733303070068359,0.5438888669013977,0.6729804873466492,0.5199999809265137,C31D22
8,0.6738592386245728,0.5433333516120911,0.671273946762085,0.5199999809265137,C31D22
9,0.6659717559814453,0.5438888669013977,0.6735683679580688,0.5199999809265137,C31D22
10,0.667037308216095,0.5427777767181396,0.6696357131004333,0.5199999809265137,C31D22
11,0.664556086063385,0.5433333516120911,0.6637625098228455,0.5199999809265137,C31D22
12,0.661788821220398,0.5422222018241882,0.6602388620376587,0.5199999809265137,C31D22
13,0.6627823114395142,0.5488888621330261,0.6573703289031982,0.675000011920929,C31D22
14,0.6552319526672363,0.6066666841506958,0.6552736163139343,0.675000011920929,C31D22
15,0.6536792516708374,0.6261110901832581,0.6520026326179504,0.6600000262260437,C31D22
16,0.6501310467720032,0.6472222208976746,0.6477138996124268,0.675000011920929,C31D22
17,0.6448513269424438,0.6811110973358154,0.6453183889389038,0.6700000166893005,C31D22
18,0.6432809829711914,0.6877777576446533,0.6391133666038513,0.7049999833106995,C31D22
19,0.6365360021591187,0.6983333230018616,0.6336551308631897,0.7099999785423279,C31D22
