index,loss,categorical_accuracy,val_loss,val_categorical_accuracy,model
0,0.69138103723526,0.5288888812065125,0.683474600315094,0.5950000286102295,C21D22
1,0.6919310092926025,0.5249999761581421,0.6834130883216858,0.5950000286102295,C21D22
2,0.6914774179458618,0.5322222113609314,0.6833205223083496,0.5950000286102295,C21D22
3,0.691757321357727,0.5266666412353516,0.6833069324493408,0.5950000286102295,C21D22
4,0.6904872059822083,0.5366666913032532,0.683289647102356,0.5950000286102295,C21D22
5,0.6904576420783997,0.5383333563804626,0.6832404136657715,0.5950000286102295,C21D22
6,0.6909017562866211,0.5299999713897705,0.6831687092781067,0.5950000286102295,C21D22
7,0.6919832229614258,0.5222222208976746,0.683086097240448,0.5950000286102295,C21D22
8,0.6916739344596863,0.5266666412353516,0.6830571889877319,0.5950000286102295,C21D22
9,0.6923700571060181,0.5216666460037231,0.6830403804779053,0.5950000286102295,C21D22
10,0.6918298602104187,0.5177778005599976,0.682983934879303,0.5950000286102295,C21D22
11,0.6916210651397705,0.5261111259460449,0.6829191446304321,0.5950000286102295,C21D22
12,0.6911947131156921,0.5244444608688354,0.682951033115387,0.5950000286102295,C21D22
13,0.691440761089325,0.5327777862548828,0.68293297290802,0.5950000286102295,C21D22
14,0.6915532946586609,0.5311111211776733,0.6829450130462646,0.5950000286102295,C21D22
15,0.6905611157417297,0.5333333611488342,0.6829286217689514,0.5950000286102295,C21D22
16,0.6890333890914917,0.5416666865348816,0.682898759841919,0.5950000286102295,C21D22
17,0.6912901401519775,0.5211111307144165,0.6828033924102783,0.5950000286102295,C21D22
18,0.6917999386787415,0.5161111354827881,0.6827279925346375,0.5950000286102295,C21D22
19,0.6913133859634399,0.5277777910232544,0.6827213168144226,0.5950000286102295,C21D22
