index,loss,categorical_accuracy,val_loss,val_categorical_accuracy,model
0,0.5869285464286804,0.7122222185134888,0.5506789684295654,0.75,C21D21
1,0.5813628435134888,0.726111114025116,0.5520840287208557,0.7549999952316284,C21D21
2,0.5778550505638123,0.7238888740539551,0.5526990294456482,0.7549999952316284,C21D21
3,0.5840004086494446,0.7138888835906982,0.5499745011329651,0.7599999904632568,C21D21
4,0.5781320333480835,0.7127777934074402,0.5489752292633057,0.7350000143051147,C21D21
5,0.5802572965621948,0.7200000286102295,0.5520868301391602,0.7549999952316284,C21D21
6,0.5684043169021606,0.7383333444595337,0.5437077879905701,0.7599999904632568,C21D21
7,0.5713025331497192,0.7311111092567444,0.5528610348701477,0.7599999904632568,C21D21
8,0.5806273818016052,0.7200000286102295,0.5486918687820435,0.7549999952316284,C21D21
9,0.5776631236076355,0.7222222089767456,0.5442739725112915,0.7450000047683716,C21D21
10,0.5762911438941956,0.7266666889190674,0.5429474711418152,0.75,C21D21
11,0.5729008913040161,0.7288888692855835,0.5508955121040344,0.7599999904632568,C21D21
12,0.5725120306015015,0.7294444441795349,0.543117880821228,0.7649999856948853,C21D21
13,0.5777139663696289,0.7294444441795349,0.544950008392334,0.7649999856948853,C21D21
14,0.5717208981513977,0.7316666841506958,0.5418944358825684,0.7549999952316284,C21D21
15,0.58157879114151,0.7127777934074402,0.543591320514679,0.7699999809265137,C21D21
16,0.5775118470191956,0.7233333587646484,0.5540950298309326,0.7549999952316284,C21D21
17,0.5707949995994568,0.7277777791023254,0.5404341220855713,0.7549999952316284,C21D21
18,0.5715625286102295,0.7288888692855835,0.5363737940788269,0.7850000262260437,C21D21
19,0.574530839920044,0.7266666889190674,0.539846658706665,0.7749999761581421,C21D21
