index,loss,categorical_accuracy,val_loss,val_categorical_accuracy,model
0,0.5528423190116882,0.7494444251060486,0.5775645971298218,0.7300000190734863,C32D21
1,0.5472083687782288,0.7588889002799988,0.6054182648658752,0.7049999833106995,C32D21
2,0.5419782400131226,0.7699999809265137,0.5966181755065918,0.7049999833106995,C32D21
3,0.547462522983551,0.754444420337677,0.5688742995262146,0.7350000143051147,C32D21
4,0.54622882604599,0.754444420337677,0.5841817259788513,0.7099999785423279,C32D21
5,0.5514491200447083,0.754444420337677,0.5701544284820557,0.7450000047683716,C32D21
6,0.5486997365951538,0.7561110854148865,0.605948269367218,0.7099999785423279,C32D21
7,0.5444939732551575,0.7616666555404663,0.5605571269989014,0.7450000047683716,C32D21
8,0.545089602470398,0.7583333253860474,0.581991970539093,0.7250000238418579,C32D21
9,0.5351974368095398,0.773888885974884,0.6295278072357178,0.6850000023841858,C32D21
10,0.5343723893165588,0.777222216129303,0.5727452635765076,0.7300000190734863,C32D21
11,0.5447293519973755,0.7644444704055786,0.5689036846160889,0.7350000143051147,C32D21
12,0.5391612648963928,0.7672222256660461,0.5715851783752441,0.7300000190734863,C32D21
13,0.5445864796638489,0.7622222304344177,0.5605049133300781,0.7549999952316284,C32D21
14,0.5347024202346802,0.769444465637207,0.5730881094932556,0.7250000238418579,C32D21
15,0.5377302169799805,0.7683333158493042,0.5868245363235474,0.7149999737739563,C32D21
16,0.5470540523529053,0.7611111402511597,0.5655156970024109,0.7350000143051147,C32D21
17,0.5378995537757874,0.7705555558204651,0.5775964856147766,0.7200000286102295,C32D21
18,0.5414072275161743,0.7677778005599976,0.5862419009208679,0.7149999737739563,C32D21
19,0.5300021767616272,0.7794444561004639,0.5716464519500732,0.7400000095367432,C32D21
