index,loss,categorical_accuracy,val_loss,val_categorical_accuracy,model
0,0.4476907253265381,0.8577777743339539,0.42670291662216187,0.8799999952316284,C12D31
1,0.43585631251335144,0.8722222447395325,0.43419182300567627,0.8799999952316284,C12D31
2,0.4263405501842499,0.8844444155693054,0.4252965450286865,0.875,C12D31
3,0.41247618198394775,0.8966666460037231,0.4505751132965088,0.8600000143051147,C12D31
4,0.40903303027153015,0.8999999761581421,0.43240848183631897,0.8849999904632568,C12D31
5,0.4040968418121338,0.9077777862548828,0.44343894720077515,0.8600000143051147,C12D31
6,0.39787691831588745,0.9155555367469788,0.44737598299980164,0.8600000143051147,C12D31
7,0.3914647102355957,0.9233333468437195,0.4281391203403473,0.8799999952316284,C12D31
8,0.383632630109787,0.9288889169692993,0.41127023100852966,0.9100000262260437,C12D31
9,0.38213711977005005,0.9338889122009277,0.4101681411266327,0.8999999761581421,C12D31
10,0.38111168146133423,0.9322222471237183,0.41520774364471436,0.8999999761581421,C12D31
11,0.3738301694393158,0.9422222375869751,0.4209267795085907,0.8899999856948853,C12D31
12,0.3707883656024933,0.9444444179534912,0.4297928214073181,0.8799999952316284,C12D31
13,0.37080812454223633,0.9444444179534912,0.447529137134552,0.8600000143051147,C12D31
14,0.36740848422050476,0.9477777481079102,0.43070489168167114,0.8799999952316284,C12D31
15,0.3647688031196594,0.9505555629730225,0.4333808422088623,0.8650000095367432,C12D31
16,0.36138516664505005,0.9538888931274414,0.42757973074913025,0.8799999952316284,C12D31
17,0.360746830701828,0.9544444680213928,0.42884039878845215,0.875,C12D31
18,0.36017489433288574,0.9549999833106995,0.41691890358924866,0.8999999761581421,C12D31
19,0.3602748215198517,0.9544444680213928,0.42564287781715393,0.8799999952316284,C12D31
