index,loss,categorical_accuracy,val_loss,val_categorical_accuracy,model
0,0.5516715049743652,0.7583333253860474,0.5745757222175598,0.7350000143051147,C32D32
1,0.5627098679542542,0.7394444346427917,0.5212200284004211,0.7950000166893005,C32D32
2,0.5495330691337585,0.7555555701255798,0.5232563018798828,0.7900000214576721,C32D32
3,0.5590829253196716,0.7427777647972107,0.5153073072433472,0.7950000166893005,C32D32
4,0.5448363423347473,0.7649999856948853,0.5358456969261169,0.7799999713897705,C32D32
5,0.5606665015220642,0.7438889145851135,0.5460986495018005,0.7649999856948853,C32D32
6,0.5478788614273071,0.7555555701255798,0.5354306697845459,0.7850000262260437,C32D32
7,0.5375643372535706,0.7655555605888367,0.5187389850616455,0.7950000166893005,C32D32
8,0.5535796880722046,0.7599999904632568,0.5303981304168701,0.7649999856948853,C32D32
9,0.5544134974479675,0.75,0.5363331437110901,0.7649999856948853,C32D32
10,0.5437543988227844,0.7644444704055786,0.5800195336341858,0.7350000143051147,C32D32
11,0.5461102724075317,0.757777750492096,0.5349283218383789,0.7749999761581421,C32D32
12,0.5398654341697693,0.7733333110809326,0.5281656384468079,0.7850000262260437,C32D32
13,0.5374784469604492,0.7744444608688354,0.5231547951698303,0.7850000262260437,C32D32
14,0.5358961820602417,0.7761111259460449,0.5275809168815613,0.7900000214576721,C32D32
15,0.5415310263633728,0.7672222256660461,0.5260326266288757,0.7850000262260437,C32D32
16,0.5425052642822266,0.7594444155693054,0.5165690183639526,0.7950000166893005,C32D32
17,0.5369833111763,0.773888885974884,0.5100147724151611,0.8050000071525574,C32D32
18,0.5439947247505188,0.7711111307144165,0.5301802158355713,0.7900000214576721,C32D32
19,0.5374674201011658,0.7722222208976746,0.526139497756958,0.7850000262260437,C32D32
