index,loss,categorical_accuracy,val_loss,val_categorical_accuracy,model
0,0.44811689853668213,0.8583333492279053,0.47033455967903137,0.8349999785423279,C12D31
1,0.4368744492530823,0.8738889098167419,0.4874240756034851,0.8100000023841858,C12D31
2,0.42966821789741516,0.8799999952316284,0.4823719263076782,0.8149999976158142,C12D31
3,0.42095229029655457,0.8899999856948853,0.4797908365726471,0.824999988079071,C12D31
4,0.4157966375350952,0.8966666460037231,0.48620370030403137,0.8100000023841858,C12D31
5,0.40838006138801575,0.9072222113609314,0.5031374096870422,0.7950000166893005,C12D31
6,0.4055534899234772,0.9116666913032532,0.4781888723373413,0.8299999833106995,C12D31
7,0.40277016162872314,0.9116666913032532,0.4807617962360382,0.8149999976158142,C12D31
8,0.3998298943042755,0.9150000214576721,0.47731658816337585,0.8349999785423279,C12D31
9,0.3944305181503296,0.9227777719497681,0.48054808378219604,0.8199999928474426,C12D31
10,0.3918375074863434,0.9238888621330261,0.48110660910606384,0.824999988079071,C12D31
11,0.388391375541687,0.929444432258606,0.48445358872413635,0.8199999928474426,C12D31
12,0.38679859042167664,0.9322222471237183,0.47627151012420654,0.824999988079071,C12D31
13,0.38286200165748596,0.9327777624130249,0.482136070728302,0.8199999928474426,C12D31
14,0.38348162174224854,0.9327777624130249,0.4840807318687439,0.8199999928474426,C12D31
15,0.3792785406112671,0.9383333325386047,0.48058173060417175,0.8199999928474426,C12D31
16,0.37815389037132263,0.9399999976158142,0.490538626909256,0.8199999928474426,C12D31
17,0.38018447160720825,0.9361110925674438,0.48915690183639526,0.8149999976158142,C12D31
18,0.37408843636512756,0.945555567741394,0.4988451302051544,0.8050000071525574,C12D31
19,0.3733186721801758,0.945555567741394,0.4873064458370209,0.8149999976158142,C12D31
