index,loss,categorical_accuracy,val_loss,val_categorical_accuracy,model
0,0.585603654384613,0.7366666793823242,0.5915791392326355,0.7450000047683716,C31D22
1,0.5917401909828186,0.7311111092567444,0.6280660629272461,0.6949999928474426,C31D22
2,0.5932371020317078,0.7111111283302307,0.5874762535095215,0.75,C31D22
3,0.5789328813552856,0.7416666746139526,0.5845181941986084,0.75,C31D22
4,0.5736358761787415,0.742222249507904,0.5805761814117432,0.7649999856948853,C31D22
5,0.5737680196762085,0.7483333349227905,0.5809971690177917,0.7250000238418579,C31D22
6,0.5696892738342285,0.75,0.595172643661499,0.7350000143051147,C31D22
7,0.5756546258926392,0.7444444298744202,0.5802984833717346,0.7350000143051147,C31D22
8,0.5571897625923157,0.7711111307144165,0.5731672644615173,0.7549999952316284,C31D22
9,0.5576834082603455,0.7744444608688354,0.5803112983703613,0.7300000190734863,C31D22
10,0.5572975277900696,0.7627778053283691,0.5770466923713684,0.7450000047683716,C31D22
11,0.56784987449646,0.753333330154419,0.6005948781967163,0.7049999833106995,C31D22
12,0.5446525812149048,0.7894444465637207,0.569212019443512,0.75,C31D22
13,0.550642192363739,0.773888885974884,0.612090528011322,0.699999988079071,C31D22
14,0.5433933734893799,0.7811111211776733,0.5634095668792725,0.7599999904632568,C31D22
15,0.5491941571235657,0.7716666460037231,0.5860592126846313,0.7400000095367432,C31D22
16,0.5335590839385986,0.7938888669013977,0.5658004879951477,0.7350000143051147,C31D22
17,0.5331907868385315,0.7955555319786072,0.576331615447998,0.7450000047683716,C31D22
18,0.5449535250663757,0.7711111307144165,0.575349748134613,0.75,C31D22
19,0.5285348892211914,0.7961111068725586,0.5504924654960632,0.7649999856948853,C31D22
