index,loss,categorical_accuracy,val_loss,val_categorical_accuracy,model
0,0.4657125174999237,0.8416666388511658,0.4668242633342743,0.8399999737739563,C22D31
1,0.47014743089675903,0.8361111283302307,0.45086729526519775,0.8450000286102295,C22D31
2,0.46885156631469727,0.8355555534362793,0.4377414584159851,0.8600000143051147,C22D31
3,0.46388375759124756,0.8433333039283752,0.456373393535614,0.8399999737739563,C22D31
4,0.45934441685676575,0.8505555391311646,0.43419158458709717,0.875,C22D31
5,0.46912792325019836,0.8383333086967468,0.43847164511680603,0.8650000095367432,C22D31
6,0.45457443594932556,0.8527777791023254,0.4565446078777313,0.8399999737739563,C22D31
7,0.46159687638282776,0.8450000286102295,0.47465333342552185,0.8199999928474426,C22D31
8,0.4605710208415985,0.8438888788223267,0.4738307297229767,0.8299999833106995,C22D31
9,0.4609158933162689,0.8472222089767456,0.44527602195739746,0.8650000095367432,C22D31
10,0.45447468757629395,0.8550000190734863,0.46038246154785156,0.8450000286102295,C22D31
11,0.4566073715686798,0.8494444489479065,0.44612860679626465,0.8650000095367432,C22D31
12,0.458999365568161,0.8488888740539551,0.4469371736049652,0.8600000143051147,C22D31
13,0.45746394991874695,0.851111114025116,0.46096688508987427,0.8399999737739563,C22D31
14,0.45393428206443787,0.852222204208374,0.4393526315689087,0.8650000095367432,C22D31
15,0.45929545164108276,0.8472222089767456,0.45849740505218506,0.8349999785423279,C22D31
16,0.45466384291648865,0.8527777791023254,0.44447457790374756,0.8650000095367432,C22D31
17,0.45585209131240845,0.851111114025116,0.44051823019981384,0.875,C22D31
18,0.44939255714416504,0.8616666793823242,0.4691004157066345,0.8299999833106995,C22D31
19,0.4511686861515045,0.8605555295944214,0.47697675228118896,0.8199999928474426,C22D31
