index,loss,categorical_accuracy,val_loss,val_categorical_accuracy,model
0,0.46467524766921997,0.8455555438995361,0.4953155219554901,0.8149999976158142,C22D12
1,0.45964139699935913,0.8444444537162781,0.4777752161026001,0.8149999976158142,C22D12
2,0.4588860273361206,0.8500000238418579,0.4846138656139374,0.824999988079071,C22D12
3,0.4649026095867157,0.8422222137451172,0.47327956557273865,0.8299999833106995,C22D12
4,0.45615702867507935,0.8516666889190674,0.47381487488746643,0.824999988079071,C22D12
5,0.4633220136165619,0.8394444584846497,0.4900878667831421,0.8199999928474426,C22D12
6,0.4536426365375519,0.855555534362793,0.4718957245349884,0.8199999928474426,C22D12
7,0.45652347803115845,0.851111114025116,0.4710111618041992,0.8349999785423279,C22D12
8,0.4540993273258209,0.8561111092567444,0.4824955463409424,0.8199999928474426,C22D12
9,0.45609167218208313,0.8483333587646484,0.46483832597732544,0.8450000286102295,C22D12
10,0.4492940902709961,0.8577777743339539,0.4665745198726654,0.8349999785423279,C22D12
11,0.4532594382762909,0.8583333492279053,0.4593927264213562,0.8399999737739563,C22D12
12,0.4572065472602844,0.852222204208374,0.46294039487838745,0.8349999785423279,C22D12
13,0.4475065767765045,0.8577777743339539,0.46876537799835205,0.8450000286102295,C22D12
14,0.4609840214252472,0.8427777886390686,0.46244630217552185,0.8349999785423279,C22D12
15,0.4467911124229431,0.8600000143051147,0.466216504573822,0.8299999833106995,C22D12
16,0.4454912543296814,0.8611111044883728,0.46661651134490967,0.8349999785423279,C22D12
17,0.45052918791770935,0.8594444394111633,0.47583597898483276,0.8299999833106995,C22D12
18,0.44229230284690857,0.8700000047683716,0.4683387279510498,0.8299999833106995,C22D12
19,0.44464972615242004,0.8627777695655823,0.47301602363586426,0.8299999833106995,C22D12
