index,loss,categorical_accuracy,val_loss,val_categorical_accuracy,model
0,0.4436132609844208,0.8644444346427917,0.4810068607330322,0.824999988079071,C11D12
1,0.4350481927394867,0.8733333349227905,0.4350338876247406,0.8600000143051147,C11D12
2,0.4238176941871643,0.8855555653572083,0.46066954731941223,0.8500000238418579,C11D12
3,0.4200379550457001,0.8911111354827881,0.44839078187942505,0.8650000095367432,C11D12
4,0.416655957698822,0.8933333158493042,0.44344189763069153,0.8650000095367432,C11D12
5,0.4058796465396881,0.9044444561004639,0.4532865881919861,0.8550000190734863,C11D12
6,0.4023227393627167,0.9105555415153503,0.44877228140830994,0.8600000143051147,C11D12
7,0.39746809005737305,0.9177777767181396,0.43974027037620544,0.875,C11D12
8,0.39583179354667664,0.9172222018241882,0.4500962495803833,0.8600000143051147,C11D12
9,0.39358097314834595,0.9172222018241882,0.4533815085887909,0.8500000238418579,C11D12
10,0.3931833803653717,0.9172222018241882,0.4491521418094635,0.8650000095367432,C11D12
11,0.3949090540409088,0.9166666865348816,0.43876782059669495,0.8650000095367432,C11D12
12,0.38650649785995483,0.9244444370269775,0.4644613564014435,0.8399999737739563,C11D12
13,0.380068302154541,0.9322222471237183,0.44791945815086365,0.8550000190734863,C11D12
14,0.3756660223007202,0.9388889074325562,0.4497533142566681,0.8600000143051147,C11D12
15,0.37342914938926697,0.9411110877990723,0.44194236397743225,0.8600000143051147,C11D12
16,0.37042394280433655,0.9427777528762817,0.45185452699661255,0.8500000238418579,C11D12
17,0.3683875501155853,0.9461110830307007,0.4410174489021301,0.8650000095367432,C11D12
18,0.36650925874710083,0.9477777481079102,0.4423288106918335,0.8600000143051147,C11D12
19,0.36589017510414124,0.9483333230018616,0.44076019525527954,0.8700000047683716,C11D12
