index,loss,categorical_accuracy,val_loss,val_categorical_accuracy,model
0,0.5094385147094727,0.8050000071525574,0.4782739281654358,0.8299999833106995,C12D22
1,0.5121275782585144,0.8022222518920898,0.5024164319038391,0.8050000071525574,C12D22
2,0.5199472308158875,0.7944444417953491,0.506692111492157,0.7950000166893005,C12D22
3,0.509426474571228,0.8061110973358154,0.49868783354759216,0.8100000023841858,C12D22
4,0.5082678198814392,0.8038889169692993,0.4765995144844055,0.8349999785423279,C12D22
5,0.5172857046127319,0.7955555319786072,0.46688395738601685,0.8550000190734863,C12D22
6,0.5073672533035278,0.8055555820465088,0.4822011888027191,0.8299999833106995,C12D22
7,0.49256980419158936,0.8211110830307007,0.49718907475471497,0.8050000071525574,C12D22
8,0.500124454498291,0.8144444227218628,0.46478840708732605,0.8500000238418579,C12D22
9,0.5027164816856384,0.8133333325386047,0.4878530204296112,0.8199999928474426,C12D22
10,0.501752495765686,0.8100000023841858,0.468709260225296,0.8450000286102295,C12D22
11,0.4894549250602722,0.82833331823349,0.4691057503223419,0.8399999737739563,C12D22
12,0.4853919446468353,0.8305555582046509,0.48996666073799133,0.8299999833106995,C12D22
13,0.47913724184036255,0.8416666388511658,0.47693097591400146,0.8349999785423279,C12D22
14,0.48697569966316223,0.823888897895813,0.4563819468021393,0.8600000143051147,C12D22
15,0.4768737256526947,0.8388888835906982,0.49125298857688904,0.8050000071525574,C12D22
16,0.47551730275154114,0.8383333086967468,0.5125057697296143,0.800000011920929,C12D22
17,0.48252183198928833,0.8294444680213928,0.5268309116363525,0.7850000262260437,C12D22
18,0.48329949378967285,0.8305555582046509,0.47134697437286377,0.8399999737739563,C12D22
19,0.48128288984298706,0.8316666483879089,0.47479361295700073,0.8349999785423279,C12D22
