index,loss,categorical_accuracy,val_loss,val_categorical_accuracy,model
0,0.4513746500015259,0.8627777695655823,0.5118097066879272,0.800000011920929,C12D32
1,0.4534643590450287,0.8566666841506958,0.4648364782333374,0.8450000286102295,C12D32
2,0.4342474937438965,0.879444420337677,0.44445663690567017,0.8700000047683716,C12D32
3,0.4329952001571655,0.8799999952316284,0.45364177227020264,0.8600000143051147,C12D32
4,0.42918094992637634,0.8849999904632568,0.45786789059638977,0.8500000238418579,C12D32
5,0.41940194368362427,0.897777795791626,0.46674641966819763,0.8349999785423279,C12D32
6,0.42092618346214294,0.8933333158493042,0.45871248841285706,0.8600000143051147,C12D32
7,0.4146822690963745,0.8999999761581421,0.4598385691642761,0.8500000238418579,C12D32
8,0.4183051288127899,0.8966666460037231,0.47091636061668396,0.8349999785423279,C12D32
9,0.41184401512145996,0.9027777910232544,0.4888676106929779,0.8199999928474426,C12D32
10,0.4124329090118408,0.903333306312561,0.4499157667160034,0.8600000143051147,C12D32
11,0.4141227602958679,0.8999999761581421,0.4589143991470337,0.8500000238418579,C12D32
12,0.4083453118801117,0.9094444513320923,0.4496626555919647,0.8650000095367432,C12D32
13,0.40398290753364563,0.9116666913032532,0.4788544476032257,0.824999988079071,C12D32
14,0.40692082047462463,0.9077777862548828,0.4644095301628113,0.8399999737739563,C12D32
15,0.4043804109096527,0.9111111164093018,0.45217543840408325,0.8600000143051147,C12D32
16,0.3979627788066864,0.9183333516120911,0.46228477358818054,0.8550000190734863,C12D32
17,0.3991948664188385,0.9177777767181396,0.4608278274536133,0.8550000190734863,C12D32
18,0.39995136857032776,0.9177777767181396,0.473108172416687,0.8399999737739563,C12D32
19,0.39899176359176636,0.9183333516120911,0.4492906928062439,0.8650000095367432,C12D32
