index,loss,categorical_accuracy,val_loss,val_categorical_accuracy,model
0,0.5892988443374634,0.7083333134651184,0.5554563999176025,0.7450000047683716,C32D32
1,0.5986292958259583,0.6888889074325562,0.5167203545570374,0.7950000166893005,C32D32
2,0.5885117053985596,0.7116666436195374,0.5100871920585632,0.8050000071525574,C32D32
3,0.5774489045143127,0.7266666889190674,0.5308970212936401,0.7950000166893005,C32D32
4,0.5811383128166199,0.7205555438995361,0.5179945230484009,0.800000011920929,C32D32
5,0.5788553953170776,0.7233333587646484,0.5492333769798279,0.75,C32D32
6,0.5774574279785156,0.7233333587646484,0.5149157047271729,0.800000011920929,C32D32
7,0.5879517793655396,0.7094444632530212,0.5241310596466064,0.7900000214576721,C32D32
8,0.5817312002182007,0.7222222089767456,0.5187482237815857,0.7900000214576721,C32D32
9,0.5784910321235657,0.7200000286102295,0.5274369716644287,0.7900000214576721,C32D32
10,0.5819482207298279,0.7238888740539551,0.5134389996528625,0.8100000023841858,C32D32
11,0.5842693448066711,0.7144444584846497,0.5281517505645752,0.7900000214576721,C32D32
12,0.5787999033927917,0.7205555438995361,0.5015244483947754,0.8199999928474426,C32D32
13,0.5813462734222412,0.7155555486679077,0.5170137286186218,0.8100000023841858,C32D32
14,0.5695185661315918,0.7361111044883728,0.5009252429008484,0.8149999976158142,C32D32
15,0.5702583193778992,0.7294444441795349,0.5112046599388123,0.800000011920929,C32D32
16,0.5745757222175598,0.727222204208374,0.5118420124053955,0.8100000023841858,C32D32
17,0.575493574142456,0.7294444441795349,0.5455124974250793,0.75,C32D32
18,0.5782418251037598,0.7161111235618591,0.5196958184242249,0.7900000214576721,C32D32
19,0.5666938424110413,0.7444444298744202,0.500265896320343,0.8050000071525574,C32D32
