index,loss,categorical_accuracy,val_loss,val_categorical_accuracy,model
0,0.5866570472717285,0.7127777934074402,0.5983874797821045,0.7049999833106995,C32D32
1,0.5893425941467285,0.7127777934074402,0.5552085638046265,0.7649999856948853,C32D32
2,0.5847832560539246,0.7177777886390686,0.5605549812316895,0.7450000047683716,C32D32
3,0.5782030820846558,0.7244444489479065,0.5390415787696838,0.7850000262260437,C32D32
4,0.5866360664367676,0.7105555534362793,0.5449877381324768,0.7799999713897705,C32D32
5,0.5840273499488831,0.7188888788223267,0.5423678159713745,0.7799999713897705,C32D32
6,0.5808237195014954,0.7238888740539551,0.5724271535873413,0.7350000143051147,C32D32
7,0.587012529373169,0.7149999737739563,0.5594351887702942,0.75,C32D32
8,0.5833808779716492,0.722777783870697,0.551513135433197,0.7649999856948853,C32D32
9,0.573411226272583,0.7383333444595337,0.5499400496482849,0.7599999904632568,C32D32
10,0.5773216485977173,0.7205555438995361,0.5604304671287537,0.7549999952316284,C32D32
11,0.5718482732772827,0.7372221946716309,0.5584491491317749,0.7599999904632568,C32D32
12,0.5802204608917236,0.7238888740539551,0.6049084663391113,0.7099999785423279,C32D32
13,0.5894650816917419,0.7094444632530212,0.5445377826690674,0.7699999809265137,C32D32
14,0.5829100608825684,0.7233333587646484,0.5919292569160461,0.7149999737739563,C32D32
15,0.5925616025924683,0.7122222185134888,0.5442057847976685,0.7749999761581421,C32D32
16,0.577663004398346,0.7311111092567444,0.538992166519165,0.7699999809265137,C32D32
17,0.5764097571372986,0.7244444489479065,0.5513636469841003,0.7649999856948853,C32D32
18,0.5772148966789246,0.7316666841506958,0.5575565099716187,0.7549999952316284,C32D32
19,0.578826367855072,0.7238888740539551,0.5503960847854614,0.7699999809265137,C32D32
