index,loss,categorical_accuracy,val_loss,val_categorical_accuracy,model
0,0.44467854499816895,0.8633333444595337,0.4692157506942749,0.8299999833106995,C12D31
1,0.4224000573158264,0.8888888955116272,0.45964837074279785,0.8500000238418579,C12D31
2,0.42115166783332825,0.8877778053283691,0.4673644006252289,0.8349999785423279,C12D31
3,0.41137176752090454,0.9016666412353516,0.4743882417678833,0.824999988079071,C12D31
4,0.4032678008079529,0.9088888764381409,0.456592321395874,0.8550000190734863,C12D31
5,0.39817574620246887,0.9133333563804626,0.45938774943351746,0.8500000238418579,C12D31
6,0.3991827964782715,0.9127777814865112,0.460971474647522,0.8550000190734863,C12D31
7,0.3887815773487091,0.926111102104187,0.4628664255142212,0.8399999737739563,C12D31
8,0.3821990191936493,0.9350000023841858,0.4590120017528534,0.8500000238418579,C12D31
9,0.3807670772075653,0.9350000023841858,0.4604032635688782,0.8500000238418579,C12D31
10,0.3745786249637604,0.9427777528762817,0.4560408294200897,0.8450000286102295,C12D31
11,0.3718220591545105,0.9449999928474426,0.4578756093978882,0.8500000238418579,C12D31
12,0.3710412383079529,0.9461110830307007,0.4594179391860962,0.8450000286102295,C12D31
13,0.36803123354911804,0.9477777481079102,0.4575553238391876,0.8500000238418579,C12D31
14,0.36593684554100037,0.9505555629730225,0.45651766657829285,0.8550000190734863,C12D31
15,0.3621242642402649,0.9555555582046509,0.45352545380592346,0.8550000190734863,C12D31
16,0.36099129915237427,0.9555555582046509,0.45320361852645874,0.8650000095367432,C12D31
17,0.35974887013435364,0.9561111330986023,0.45276299118995667,0.8550000190734863,C12D31
18,0.3589162826538086,0.9566666483879089,0.45405158400535583,0.8500000238418579,C12D31
19,0.35844144225120544,0.9566666483879089,0.45362454652786255,0.8550000190734863,C12D31
