index,loss,categorical_accuracy,val_loss,val_categorical_accuracy,model
0,0.44211143255233765,0.8683333396911621,0.45746657252311707,0.8550000190734863,C11D12
1,0.43092501163482666,0.8799999952316284,0.4719981253147125,0.824999988079071,C11D12
2,0.42837002873420715,0.8811110854148865,0.44970375299453735,0.8650000095367432,C11D12
3,0.41660815477371216,0.8938888907432556,0.4543416202068329,0.8600000143051147,C11D12
4,0.4051614999771118,0.9072222113609314,0.4641764163970947,0.8450000286102295,C11D12
5,0.4005601704120636,0.9111111164093018,0.4699355959892273,0.8349999785423279,C11D12
6,0.3965897262096405,0.9155555367469788,0.4564068615436554,0.8550000190734863,C11D12
7,0.3953629434108734,0.9161111116409302,0.4664991497993469,0.8450000286102295,C11D12
8,0.3919748365879059,0.9183333516120911,0.4601612091064453,0.8550000190734863,C11D12
9,0.38638216257095337,0.9244444370269775,0.4531179666519165,0.8550000190734863,C11D12
10,0.3835233151912689,0.929444432258606,0.45362532138824463,0.8550000190734863,C11D12
11,0.3755796253681183,0.9372222423553467,0.45297837257385254,0.8550000190734863,C11D12
12,0.3764394521713257,0.9366666674613953,0.4488371014595032,0.8600000143051147,C11D12
13,0.3713027536869049,0.9427777528762817,0.44944193959236145,0.8650000095367432,C11D12
14,0.3685511648654938,0.9461110830307007,0.45144519209861755,0.8650000095367432,C11D12
15,0.36437568068504333,0.949999988079071,0.4737783670425415,0.8299999833106995,C11D12
16,0.3628513813018799,0.9522222280502319,0.4606427848339081,0.8550000190734863,C11D12
17,0.36241093277931213,0.9511111378669739,0.4552537500858307,0.8500000238418579,C11D12
18,0.36181870102882385,0.9522222280502319,0.4554002285003662,0.8600000143051147,C11D12
19,0.3617325723171234,0.9516666531562805,0.45769646763801575,0.8450000286102295,C11D12
