index,loss,categorical_accuracy,val_loss,val_categorical_accuracy,model
0,0.6716787219047546,0.5872222185134888,0.6505252718925476,0.6549999713897705,C22D12
1,0.6732616424560547,0.5744444727897644,0.642892599105835,0.75,C22D12
2,0.6657595038414001,0.6033333539962769,0.6362452507019043,0.7149999737739563,C22D12
3,0.66497403383255,0.5961111187934875,0.6424544453620911,0.6549999713897705,C22D12
4,0.6657162308692932,0.6072221994400024,0.6303878426551819,0.7549999952316284,C22D12
5,0.6619887948036194,0.6144444346427917,0.6257253289222717,0.7350000143051147,C22D12
6,0.6569572687149048,0.6188889145851135,0.6189696192741394,0.7400000095367432,C22D12
7,0.6594145894050598,0.6144444346427917,0.6185795068740845,0.7749999761581421,C22D12
8,0.6526325941085815,0.625,0.6150538325309753,0.7799999713897705,C22D12
9,0.6467229723930359,0.6394444704055786,0.6119446754455566,0.7250000238418579,C22D12
10,0.6488723158836365,0.6222222447395325,0.6083846688270569,0.75,C22D12
11,0.644068717956543,0.6416666507720947,0.6032191514968872,0.7799999713897705,C22D12
12,0.6408109664916992,0.6377778053283691,0.5956352353096008,0.7599999904632568,C22D12
13,0.6339249014854431,0.6494444608688354,0.5877980589866638,0.7900000214576721,C22D12
14,0.6244983673095703,0.6727777719497681,0.5801494121551514,0.7699999809265137,C22D12
15,0.6231772303581238,0.6672222018241882,0.5836168527603149,0.7850000262260437,C22D12
16,0.616077184677124,0.6822222471237183,0.5742316246032715,0.7850000262260437,C22D12
17,0.6164131164550781,0.6722221970558167,0.5615412592887878,0.7799999713897705,C22D12
18,0.6159118413925171,0.6744444370269775,0.5535119771957397,0.8050000071525574,C22D12
19,0.6065079569816589,0.6866666674613953,0.5533813238143921,0.7649999856948853,C22D12
