index,loss,categorical_accuracy,val_loss,val_categorical_accuracy,model
0,0.44432246685028076,0.8694444298744202,0.4014900326728821,0.9150000214576721,C11D22
1,0.43633323907852173,0.8777777552604675,0.4084847569465637,0.8999999761581421,C11D22
2,0.4361031651496887,0.879444420337677,0.39833343029022217,0.9150000214576721,C11D22
3,0.42925286293029785,0.8844444155693054,0.44338706135749817,0.8700000047683716,C11D22
4,0.43431541323661804,0.879444420337677,0.4062093496322632,0.9049999713897705,C11D22
5,0.4248983860015869,0.8888888955116272,0.41850903630256653,0.8899999856948853,C11D22
6,0.44371795654296875,0.8694444298744202,0.40488743782043457,0.9049999713897705,C11D22
7,0.4253109097480774,0.8877778053283691,0.4077197015285492,0.9049999713897705,C11D22
8,0.41931161284446716,0.8955555558204651,0.4135380685329437,0.9049999713897705,C11D22
9,0.41543781757354736,0.9005555510520935,0.41804200410842896,0.8949999809265137,C11D22
10,0.4199974834918976,0.8905555605888367,0.40519726276397705,0.9100000262260437,C11D22
11,0.4130825698375702,0.9011111259460449,0.4198167324066162,0.8949999809265137,C11D22
12,0.41709455847740173,0.8972222208976746,0.42265328764915466,0.8949999809265137,C11D22
13,0.4127034842967987,0.9016666412353516,0.42398887872695923,0.8899999856948853,C11D22
14,0.42276084423065186,0.8911111354827881,0.41993144154548645,0.8949999809265137,C11D22
15,0.4107193052768707,0.9049999713897705,0.42217010259628296,0.8899999856948853,C11D22
16,0.4118500351905823,0.8999999761581421,0.41452163457870483,0.8999999761581421,C11D22
17,0.4027399718761444,0.9138888716697693,0.4070587158203125,0.9100000262260437,C11D22
18,0.40494322776794434,0.9100000262260437,0.41441088914871216,0.8949999809265137,C11D22
19,0.4123023450374603,0.9027777910232544,0.4108985960483551,0.9049999713897705,C11D22
