index,loss,categorical_accuracy,val_loss,val_categorical_accuracy,model
0,0.516758382320404,0.7866666913032532,0.5349422693252563,0.7749999761581421,C11D31
1,0.5146851539611816,0.7844444513320923,0.5115166902542114,0.7799999713897705,C11D31
2,0.5108416676521301,0.7938888669013977,0.5067545175552368,0.7900000214576721,C11D31
3,0.5045031309127808,0.7994444370269775,0.5012109875679016,0.800000011920929,C11D31
4,0.5058383941650391,0.7977777719497681,0.4949788749217987,0.7950000166893005,C11D31
5,0.4989364743232727,0.8033333420753479,0.49736183881759644,0.8100000023841858,C11D31
6,0.49727481603622437,0.8166666626930237,0.5175535082817078,0.7749999761581421,C11D31
7,0.4974844455718994,0.8100000023841858,0.505204975605011,0.7950000166893005,C11D31
8,0.4934682548046112,0.8188889026641846,0.48824217915534973,0.8100000023841858,C11D31
9,0.49320393800735474,0.8144444227218628,0.49464356899261475,0.8149999976158142,C11D31
10,0.4873669147491455,0.8166666626930237,0.48596882820129395,0.8100000023841858,C11D31
11,0.48654603958129883,0.8266666531562805,0.4867928624153137,0.8199999928474426,C11D31
12,0.48088955879211426,0.8299999833106995,0.49128448963165283,0.8100000023841858,C11D31
13,0.4839683473110199,0.8266666531562805,0.4848759174346924,0.8149999976158142,C11D31
14,0.4768502414226532,0.8316666483879089,0.4925503432750702,0.7900000214576721,C11D31
15,0.4753812253475189,0.8349999785423279,0.4800277650356293,0.8399999737739563,C11D31
16,0.47616323828697205,0.8305555582046509,0.47945624589920044,0.8299999833106995,C11D31
17,0.47020822763442993,0.8411111235618591,0.47697097063064575,0.8199999928474426,C11D31
18,0.47170379757881165,0.8377777934074402,0.4928116500377655,0.7950000166893005,C11D31
19,0.46267423033714294,0.8538888692855835,0.4768582284450531,0.8500000238418579,C11D31
