index,loss,categorical_accuracy,val_loss,val_categorical_accuracy,model
0,0.428952693939209,0.8811110854148865,0.4460243284702301,0.8650000095367432,C12D11
1,0.42066189646720886,0.8877778053283691,0.44820526242256165,0.8550000190734863,C12D11
2,0.41164806485176086,0.898888885974884,0.44844818115234375,0.8450000286102295,C12D11
3,0.40369293093681335,0.9072222113609314,0.4539599120616913,0.8550000190734863,C12D11
4,0.39861148595809937,0.9133333563804626,0.4507474899291992,0.8600000143051147,C12D11
5,0.39732739329338074,0.9127777814865112,0.45007526874542236,0.8600000143051147,C12D11
6,0.38986995816230774,0.9211111068725586,0.4501921534538269,0.8650000095367432,C12D11
7,0.38390621542930603,0.929444432258606,0.4525831639766693,0.8650000095367432,C12D11
8,0.3812163770198822,0.9327777624130249,0.4480958580970764,0.8600000143051147,C12D11
9,0.37356939911842346,0.9411110877990723,0.44635817408561707,0.8550000190734863,C12D11
10,0.37067216634750366,0.945555567741394,0.4458402693271637,0.8600000143051147,C12D11
11,0.3708389699459076,0.9433333277702332,0.4497447609901428,0.8500000238418579,C12D11
12,0.3675488233566284,0.9477777481079102,0.4447329342365265,0.875,C12D11
13,0.3668392598628998,0.9472222328186035,0.4476073384284973,0.8550000190734863,C12D11
14,0.3649619519710541,0.949999988079071,0.445992112159729,0.8700000047683716,C12D11
15,0.3642319440841675,0.9505555629730225,0.4465172290802002,0.8600000143051147,C12D11
16,0.3633913993835449,0.9511111378669739,0.44558948278427124,0.8600000143051147,C12D11
17,0.3624904751777649,0.9516666531562805,0.44488510489463806,0.8550000190734863,C12D11
18,0.36200717091560364,0.9516666531562805,0.441895991563797,0.8700000047683716,C12D11
19,0.3615265488624573,0.9527778029441833,0.4424925744533539,0.8650000095367432,C12D11
