index,loss,categorical_accuracy,val_loss,val_categorical_accuracy,model
0,0.37809062004089355,0.9400511980056763,0.36661475896835327,0.9466436505317688,C21D32
1,0.37273311614990234,0.9418555498123169,0.36661475896835327,0.9466436505317688,C21D32
2,0.3723532259464264,0.9419213533401489,0.36661475896835327,0.9466436505317688,C21D32
