index,loss,categorical_accuracy,val_loss,val_categorical_accuracy,model
0,0.4863392114639282,0.823888897895813,0.4357984960079193,0.8849999904632568,C31D21
1,0.4752829074859619,0.8405555486679077,0.4377060830593109,0.8849999904632568,C31D21
2,0.4629020094871521,0.8538888692855835,0.44360682368278503,0.875,C31D21
3,0.4620647728443146,0.8505555391311646,0.44274061918258667,0.8700000047683716,C31D21
4,0.4506043493747711,0.8655555844306946,0.43785956501960754,0.8700000047683716,C31D21
5,0.4513259828090668,0.867222249507904,0.4418555796146393,0.875,C31D21
6,0.4468490183353424,0.8738889098167419,0.44128477573394775,0.8799999952316284,C31D21
7,0.43640783429145813,0.8822222352027893,0.43863871693611145,0.8700000047683716,C31D21
8,0.4385242164134979,0.8755555748939514,0.4383434057235718,0.875,C31D21
9,0.43309640884399414,0.8866666555404663,0.4368911683559418,0.8700000047683716,C31D21
10,0.4293145537376404,0.8905555605888367,0.4344358742237091,0.8899999856948853,C31D21
11,0.420093834400177,0.8999999761581421,0.44025787711143494,0.875,C31D21
12,0.42635130882263184,0.8949999809265137,0.44185081124305725,0.8799999952316284,C31D21
13,0.4255883991718292,0.8938888907432556,0.43768858909606934,0.8849999904632568,C31D21
14,0.4202401638031006,0.8994444608688354,0.44337916374206543,0.8700000047683716,C31D21
15,0.4216523766517639,0.898888885974884,0.4590546488761902,0.8550000190734863,C31D21
16,0.41717928647994995,0.903333306312561,0.4502987563610077,0.8700000047683716,C31D21
17,0.41953083872795105,0.8999999761581421,0.4370858073234558,0.8849999904632568,C31D21
18,0.418243408203125,0.9005555510520935,0.44043418765068054,0.8700000047683716,C31D21
19,0.4064520001411438,0.9177777767181396,0.44554150104522705,0.875,C31D21
