index,loss,categorical_accuracy,val_loss,val_categorical_accuracy,model
0,0.46026092767715454,0.8427777886390686,0.45913681387901306,0.8450000286102295,C11D11
1,0.44859370589256287,0.8611111044883728,0.4567950367927551,0.8399999737739563,C11D11
2,0.43765830993652344,0.8727777600288391,0.47378993034362793,0.824999988079071,C11D11
3,0.4345588982105255,0.8738889098167419,0.45003050565719604,0.8500000238418579,C11D11
4,0.4287353456020355,0.8844444155693054,0.4593966007232666,0.8450000286102295,C11D11
5,0.4232866168022156,0.8888888955116272,0.4537927210330963,0.8550000190734863,C11D11
6,0.41818785667419434,0.8999999761581421,0.4461619257926941,0.8450000286102295,C11D11
7,0.41274577379226685,0.9055555462837219,0.4809441864490509,0.8299999833106995,C11D11
8,0.41003352403640747,0.9055555462837219,0.4810662865638733,0.8100000023841858,C11D11
9,0.40820205211639404,0.9116666913032532,0.44953644275665283,0.8600000143051147,C11D11
10,0.40248221158981323,0.9138888716697693,0.4448862075805664,0.8450000286102295,C11D11
11,0.39882734417915344,0.9205555319786072,0.4470936059951782,0.8550000190734863,C11D11
12,0.3987554907798767,0.9188888669013977,0.45178765058517456,0.8550000190734863,C11D11
13,0.39811259508132935,0.9211111068725586,0.4542454481124878,0.8450000286102295,C11D11
14,0.3940604031085968,0.926111102104187,0.4422486126422882,0.8500000238418579,C11D11
15,0.39215901494026184,0.9255555272102356,0.4421004354953766,0.8550000190734863,C11D11
16,0.38752225041389465,0.9327777624130249,0.4398428201675415,0.8600000143051147,C11D11
17,0.38805091381073,0.9283333420753479,0.461750864982605,0.8349999785423279,C11D11
18,0.3825460374355316,0.9394444227218628,0.4469497799873352,0.8600000143051147,C11D11
19,0.3836075961589813,0.9388889074325562,0.45102742314338684,0.8450000286102295,C11D11
