index,loss,categorical_accuracy,val_loss,val_categorical_accuracy,model
0,0.4555586874485016,0.8538888692855835,0.49548280239105225,0.7900000214576721,C12D11
1,0.4455336630344391,0.8633333444595337,0.48675841093063354,0.8199999928474426,C12D11
2,0.43870601058006287,0.8744444251060486,0.489713579416275,0.7900000214576721,C12D11
3,0.4347904920578003,0.8744444251060486,0.4843400716781616,0.8100000023841858,C12D11
4,0.42535480856895447,0.8844444155693054,0.5040429830551147,0.7850000262260437,C12D11
5,0.4216960072517395,0.8933333158493042,0.478117972612381,0.8199999928474426,C12D11
6,0.4181655943393707,0.8994444608688354,0.484037309885025,0.8149999976158142,C12D11
7,0.4113430380821228,0.9044444561004639,0.48125413060188293,0.8149999976158142,C12D11
8,0.4094468951225281,0.9072222113609314,0.46351319551467896,0.8500000238418579,C12D11
9,0.40648356080055237,0.9111111164093018,0.47049954533576965,0.8349999785423279,C12D11
10,0.4014565348625183,0.9150000214576721,0.482090562582016,0.8149999976158142,C12D11
11,0.39801713824272156,0.9166666865348816,0.46984362602233887,0.8349999785423279,C12D11
12,0.39768245816230774,0.9205555319786072,0.475717157125473,0.8299999833106995,C12D11
13,0.38993409276008606,0.9305555820465088,0.4875843822956085,0.8100000023841858,C12D11
14,0.38868772983551025,0.9300000071525574,0.47299087047576904,0.824999988079071,C12D11
15,0.38399767875671387,0.9355555772781372,0.4665861427783966,0.8500000238418579,C12D11
16,0.3856387138366699,0.9333333373069763,0.4910822808742523,0.8100000023841858,C12D11
17,0.3771686255931854,0.9433333277702332,0.47798728942871094,0.824999988079071,C12D11
18,0.3767409324645996,0.9405555725097656,0.4777694642543793,0.8299999833106995,C12D11
19,0.3747190237045288,0.9444444179534912,0.47212082147598267,0.8349999785423279,C12D11
