index,loss,categorical_accuracy,val_loss,val_categorical_accuracy,model
0,0.5308454036712646,0.7749999761581421,0.5114440321922302,0.7850000262260437,C22D31
1,0.5389599204063416,0.7622222304344177,0.5144158601760864,0.7900000214576721,C22D31
2,0.5414580702781677,0.7594444155693054,0.5077011585235596,0.7850000262260437,C22D31
3,0.5323293805122375,0.7705555558204651,0.5181296467781067,0.7850000262260437,C22D31
4,0.5233603715896606,0.7805555462837219,0.5025709271430969,0.7900000214576721,C22D31
5,0.5275520086288452,0.778333306312561,0.5029022097587585,0.8100000023841858,C22D31
6,0.5245257019996643,0.7799999713897705,0.5121802091598511,0.8050000071525574,C22D31
7,0.5240592956542969,0.7844444513320923,0.49929100275039673,0.800000011920929,C22D31
8,0.526863157749176,0.7761111259460449,0.5021787881851196,0.7950000166893005,C22D31
9,0.5210869312286377,0.7799999713897705,0.5063235759735107,0.7950000166893005,C22D31
10,0.5207375884056091,0.7844444513320923,0.5022130012512207,0.8100000023841858,C22D31
11,0.5297515392303467,0.773888885974884,0.4989255666732788,0.8050000071525574,C22D31
12,0.5141482949256897,0.7905555367469788,0.4964500069618225,0.7950000166893005,C22D31
13,0.5150317549705505,0.7888888716697693,0.529869556427002,0.7699999809265137,C22D31
14,0.5151431560516357,0.7933333516120911,0.49190735816955566,0.7900000214576721,C22D31
15,0.5161635279655457,0.7866666913032532,0.49772143363952637,0.8100000023841858,C22D31
16,0.5181542038917542,0.7855555415153503,0.4978886544704437,0.7850000262260437,C22D31
17,0.519587516784668,0.7816666960716248,0.49516525864601135,0.8199999928474426,C22D31
18,0.5131856203079224,0.7961111068725586,0.49402591586112976,0.8199999928474426,C22D31
19,0.5061075091362,0.7983333468437195,0.503085732460022,0.8100000023841858,C22D31
