index,loss,categorical_accuracy,val_loss,val_categorical_accuracy,model
0,0.44548821449279785,0.8677777647972107,0.4138159155845642,0.8999999761581421,C31D22
1,0.43442201614379883,0.8811110854148865,0.42119380831718445,0.8949999809265137,C31D22
2,0.4361386299133301,0.8799999952316284,0.4292023479938507,0.8849999904632568,C31D22
3,0.43154197931289673,0.8838889002799988,0.4152887761592865,0.8999999761581421,C31D22
4,0.43605837225914,0.8766666650772095,0.39906227588653564,0.9200000166893005,C31D22
5,0.43681392073631287,0.8772222399711609,0.42074766755104065,0.8899999856948853,C31D22
6,0.4275321066379547,0.8894444704055786,0.4265643060207367,0.8899999856948853,C31D22
7,0.4294993281364441,0.8861111402511597,0.41425636410713196,0.8999999761581421,C31D22
8,0.4191203713417053,0.8966666460037231,0.4167098104953766,0.8999999761581421,C31D22
9,0.42331743240356445,0.8911111354827881,0.4029063880443573,0.9150000214576721,C31D22
10,0.41936272382736206,0.8949999809265137,0.4162653386592865,0.8999999761581421,C31D22
11,0.41754090785980225,0.8972222208976746,0.4292212724685669,0.8899999856948853,C31D22
12,0.4169785976409912,0.898888885974884,0.4146302342414856,0.9049999713897705,C31D22
13,0.4209910035133362,0.894444465637207,0.42062416672706604,0.8949999809265137,C31D22
14,0.40841275453567505,0.9077777862548828,0.43185994029045105,0.8849999904632568,C31D22
15,0.41389894485473633,0.902222216129303,0.44140952825546265,0.875,C31D22
16,0.4108089506626129,0.903333306312561,0.43204331398010254,0.8849999904632568,C31D22
17,0.4029153883457184,0.9133333563804626,0.4078214764595032,0.9100000262260437,C31D22
18,0.39807072281837463,0.9188888669013977,0.4169405698776245,0.8999999761581421,C31D22
19,0.3976373076438904,0.9194444417953491,0.41504576802253723,0.8999999761581421,C31D22
