index,loss,categorical_accuracy,val_loss,val_categorical_accuracy,model
0,0.4826536476612091,0.8288888931274414,0.5254636406898499,0.7850000262260437,C12D22
1,0.46672603487968445,0.8472222089767456,0.48634567856788635,0.8299999833106995,C12D22
2,0.46996453404426575,0.8416666388511658,0.4770312011241913,0.8349999785423279,C12D22
3,0.46212124824523926,0.8472222089767456,0.49031388759613037,0.824999988079071,C12D22
4,0.47779542207717896,0.8299999833106995,0.4739505648612976,0.8399999737739563,C12D22
5,0.4699420928955078,0.8411111235618591,0.49463698267936707,0.8149999976158142,C12D22
6,0.4633130133152008,0.8461111187934875,0.5309250354766846,0.7799999713897705,C12D22
7,0.4614141285419464,0.851111114025116,0.4922131299972534,0.8199999928474426,C12D22
8,0.4521878659725189,0.8622221946716309,0.4921451210975647,0.8199999928474426,C12D22
9,0.4588349461555481,0.8527777791023254,0.48176833987236023,0.8299999833106995,C12D22
10,0.4653511643409729,0.8455555438995361,0.48707112669944763,0.824999988079071,C12D22
11,0.4609663188457489,0.851111114025116,0.5109579563140869,0.800000011920929,C12D22
12,0.4452206790447235,0.867222249507904,0.5059460997581482,0.8050000071525574,C12D22
13,0.44496238231658936,0.8700000047683716,0.4926329553127289,0.8149999976158142,C12D22
14,0.4588921070098877,0.8516666889190674,0.49386975169181824,0.8199999928474426,C12D22
15,0.4409063458442688,0.8738889098167419,0.48662877082824707,0.824999988079071,C12D22
16,0.44691649079322815,0.8655555844306946,0.5155519247055054,0.7900000214576721,C12D22
17,0.43335509300231934,0.879444420337677,0.49725139141082764,0.8149999976158142,C12D22
18,0.4378720819950104,0.8755555748939514,0.49524056911468506,0.8149999976158142,C12D22
19,0.4389837384223938,0.8722222447395325,0.49821048974990845,0.8149999976158142,C12D22
