index,loss,categorical_accuracy,val_loss,val_categorical_accuracy,model
0,0.45041993260383606,0.8611111044883728,0.4679225981235504,0.8450000286102295,C12D32
1,0.43753546476364136,0.8733333349227905,0.47503861784935,0.8299999833106995,C12D32
2,0.43855735659599304,0.8744444251060486,0.4351179897785187,0.8799999952316284,C12D32
3,0.4346798062324524,0.8788889050483704,0.4247821867465973,0.8899999856948853,C12D32
4,0.4365614354610443,0.875,0.46191489696502686,0.8450000286102295,C12D32
5,0.4217877984046936,0.8922222256660461,0.43480387330055237,0.875,C12D32
6,0.4280833601951599,0.8849999904632568,0.4333789050579071,0.8799999952316284,C12D32
7,0.42384278774261475,0.8888888955116272,0.47106045484542847,0.8349999785423279,C12D32
8,0.4206717908382416,0.8899999856948853,0.4431719481945038,0.8700000047683716,C12D32
9,0.41507688164711,0.8983333110809326,0.4392167329788208,0.875,C12D32
10,0.41814106702804565,0.8955555558204651,0.42884713411331177,0.8849999904632568,C12D32
11,0.41729214787483215,0.894444465637207,0.4398248791694641,0.8700000047683716,C12D32
12,0.40564683079719543,0.9088888764381409,0.4333910644054413,0.8849999904632568,C12D32
13,0.409150630235672,0.9049999713897705,0.44381943345069885,0.8700000047683716,C12D32
14,0.40775424242019653,0.9072222113609314,0.44462859630584717,0.8700000047683716,C12D32
15,0.41264981031417847,0.9016666412353516,0.4444087743759155,0.8700000047683716,C12D32
16,0.4103233814239502,0.9016666412353516,0.4596725404262543,0.8500000238418579,C12D32
17,0.4019908905029297,0.9133333563804626,0.43853870034217834,0.875,C12D32
18,0.40458041429519653,0.9111111164093018,0.437066912651062,0.8799999952316284,C12D32
19,0.4014371335506439,0.9138888716697693,0.46496251225471497,0.8500000238418579,C12D32
