index,loss,categorical_accuracy,val_loss,val_categorical_accuracy,model
0,0.5125153064727783,0.7972221970558167,0.47062647342681885,0.8299999833106995,C12D21
1,0.5117199420928955,0.8033333420753479,0.4795595407485962,0.8199999928474426,C12D21
2,0.505611002445221,0.8050000071525574,0.4927658140659332,0.8149999976158142,C12D21
3,0.500270664691925,0.8133333325386047,0.47361043095588684,0.8199999928474426,C12D21
4,0.49616625905036926,0.8161110877990723,0.4563235342502594,0.8550000190734863,C12D21
5,0.4936971366405487,0.8122222423553467,0.4560548663139343,0.8650000095367432,C12D21
6,0.48301440477371216,0.8333333134651184,0.49922409653663635,0.800000011920929,C12D21
7,0.4830786883831024,0.8316666483879089,0.4638766944408417,0.8500000238418579,C12D21
8,0.48316916823387146,0.8305555582046509,0.45447200536727905,0.8600000143051147,C12D21
9,0.47762325406074524,0.8349999785423279,0.4743891656398773,0.8349999785423279,C12D21
10,0.47907301783561707,0.8361111283302307,0.4824405312538147,0.8199999928474426,C12D21
11,0.47644200921058655,0.8311111330986023,0.5020422339439392,0.8050000071525574,C12D21
12,0.46876952052116394,0.847777783870697,0.4525989592075348,0.8600000143051147,C12D21
13,0.46204400062561035,0.8550000190734863,0.47391560673713684,0.8199999928474426,C12D21
14,0.4651302099227905,0.852222204208374,0.47606784105300903,0.824999988079071,C12D21
15,0.46223369240760803,0.8533333539962769,0.4591813385486603,0.8450000286102295,C12D21
16,0.4544997811317444,0.8633333444595337,0.4607203006744385,0.8500000238418579,C12D21
17,0.4535626471042633,0.8622221946716309,0.45063677430152893,0.8650000095367432,C12D21
18,0.4513012766838074,0.8627777695655823,0.45286983251571655,0.8450000286102295,C12D21
19,0.4472827613353729,0.8711110949516296,0.44907382130622864,0.8600000143051147,C12D21
