index,loss,categorical_accuracy,val_loss,val_categorical_accuracy,model
0,0.42406708002090454,0.8861111402511597,0.42801129817962646,0.8899999856948853,C12D31
1,0.41521579027175903,0.8949999809265137,0.436188668012619,0.875,C12D31
2,0.41101402044296265,0.9016666412353516,0.4212139844894409,0.8949999809265137,C12D31
3,0.4017835557460785,0.9094444513320923,0.43073439598083496,0.8799999952316284,C12D31
4,0.3968300521373749,0.9133333563804626,0.43843963742256165,0.8600000143051147,C12D31
5,0.38961881399154663,0.9233333468437195,0.4141319692134857,0.8999999761581421,C12D31
6,0.38959914445877075,0.9227777719497681,0.422537624835968,0.8849999904632568,C12D31
7,0.3802241384983063,0.9338889122009277,0.4369344413280487,0.8700000047683716,C12D31
8,0.37469178438186646,0.9399999976158142,0.4209214746952057,0.8949999809265137,C12D31
9,0.370233416557312,0.9449999928474426,0.4153430163860321,0.8899999856948853,C12D31
10,0.37102508544921875,0.9433333277702332,0.4196256399154663,0.8799999952316284,C12D31
11,0.36739370226860046,0.9477777481079102,0.4179026782512665,0.8899999856948853,C12D31
12,0.3659789562225342,0.948888897895813,0.41842859983444214,0.8999999761581421,C12D31
13,0.36422282457351685,0.9494444727897644,0.42418918013572693,0.8849999904632568,C12D31
14,0.36388081312179565,0.949999988079071,0.41950690746307373,0.8949999809265137,C12D31
15,0.36295217275619507,0.9522222280502319,0.4200071692466736,0.8899999856948853,C12D31
16,0.361923485994339,0.9527778029441833,0.42065972089767456,0.8899999856948853,C12D31
17,0.36065876483917236,0.9538888931274414,0.4221162796020508,0.8849999904632568,C12D31
18,0.35984230041503906,0.9544444680213928,0.42367294430732727,0.8799999952316284,C12D31
19,0.35889798402786255,0.9555555582046509,0.42809000611305237,0.8700000047683716,C12D31
