index,loss,categorical_accuracy,val_loss,val_categorical_accuracy,model
0,0.5867354869842529,0.7288888692855835,0.5764188170433044,0.7400000095367432,C22D31
1,0.5852194428443909,0.730555534362793,0.5735170245170593,0.7300000190734863,C22D31
2,0.5837681889533997,0.7233333587646484,0.5702234506607056,0.7450000047683716,C22D31
3,0.5812077522277832,0.7322221994400024,0.5760967135429382,0.7300000190734863,C22D31
4,0.5836217403411865,0.7233333587646484,0.5725070238113403,0.7300000190734863,C22D31
5,0.5820934772491455,0.7277777791023254,0.5729405879974365,0.7400000095367432,C22D31
6,0.5772558450698853,0.7366666793823242,0.5661511421203613,0.75,C22D31
7,0.5750433802604675,0.7388888597488403,0.5726640820503235,0.7350000143051147,C22D31
8,0.5767467617988586,0.7355555295944214,0.5607906579971313,0.7699999809265137,C22D31
9,0.5725084543228149,0.7388888597488403,0.5731351375579834,0.7400000095367432,C22D31
10,0.5696525573730469,0.7338888645172119,0.5582835674285889,0.7450000047683716,C22D31
11,0.5681508183479309,0.7427777647972107,0.5670666694641113,0.7400000095367432,C22D31
12,0.565266489982605,0.7511110901832581,0.5544891953468323,0.7400000095367432,C22D31
13,0.5682448744773865,0.742222249507904,0.5640707015991211,0.7450000047683716,C22D31
14,0.5678224563598633,0.7411110997200012,0.551106870174408,0.7649999856948853,C22D31
15,0.5569194555282593,0.7549999952316284,0.55071622133255,0.7599999904632568,C22D31
16,0.56589275598526,0.7461110949516296,0.5677859783172607,0.7400000095367432,C22D31
17,0.563050389289856,0.746666669845581,0.5687433481216431,0.7250000238418579,C22D31
18,0.5627115368843079,0.7438889145851135,0.5556538105010986,0.7549999952316284,C22D31
19,0.5611216425895691,0.7444444298744202,0.5503107905387878,0.7649999856948853,C22D31
