index,loss,categorical_accuracy,val_loss,val_categorical_accuracy,model
0,0.4769001603126526,0.8294444680213928,0.44500914216041565,0.8700000047683716,C21D12
1,0.4724164605140686,0.8322222232818604,0.4468068778514862,0.8600000143051147,C21D12
2,0.4673073887825012,0.8383333086967468,0.4413967430591583,0.8700000047683716,C21D12
3,0.4648316204547882,0.8394444584846497,0.44825175404548645,0.8450000286102295,C21D12
4,0.4649716913700104,0.8433333039283752,0.4462379217147827,0.8650000095367432,C21D12
5,0.4585917890071869,0.8483333587646484,0.4423009157180786,0.8700000047683716,C21D12
6,0.46454885601997375,0.8411111235618591,0.45268702507019043,0.8500000238418579,C21D12
7,0.46237435936927795,0.8450000286102295,0.4521934986114502,0.8550000190734863,C21D12
8,0.4667620062828064,0.8338888883590698,0.4445699453353882,0.8700000047683716,C21D12
9,0.4625505805015564,0.8433333039283752,0.43884745240211487,0.8799999952316284,C21D12
10,0.4620426893234253,0.8433333039283752,0.4399525821208954,0.8849999904632568,C21D12
11,0.45340976119041443,0.8566666841506958,0.4417543113231659,0.8700000047683716,C21D12
12,0.45944273471832275,0.8455555438995361,0.44788751006126404,0.8550000190734863,C21D12
13,0.4617646336555481,0.8433333039283752,0.4462164342403412,0.8650000095367432,C21D12
14,0.4529438614845276,0.8572221994400024,0.4362124502658844,0.8799999952316284,C21D12
15,0.46446099877357483,0.8388888835906982,0.4416598379611969,0.8849999904632568,C21D12
16,0.46398505568504333,0.8394444584846497,0.4581606686115265,0.8399999737739563,C21D12
17,0.4612589180469513,0.8438888788223267,0.4403165578842163,0.875,C21D12
18,0.47026634216308594,0.8322222232818604,0.444523423910141,0.8700000047683716,C21D12
19,0.45298081636428833,0.8566666841506958,0.4446374177932739,0.8600000143051147,C21D12
