index,loss,categorical_accuracy,val_loss,val_categorical_accuracy,model
0,0.6933333873748779,0.519444465637207,0.6890485286712646,0.5600000023841858,C32D22
1,0.6929357051849365,0.519444465637207,0.6891821026802063,0.5600000023841858,C32D22
2,0.6925060749053955,0.5188888907432556,0.6892173886299133,0.5600000023841858,C32D22
3,0.692686140537262,0.519444465637207,0.6893928647041321,0.5600000023841858,C32D22
4,0.6923246383666992,0.519444465637207,0.6894131302833557,0.5600000023841858,C32D22
5,0.6925374865531921,0.519444465637207,0.6894787549972534,0.5600000023841858,C32D22
6,0.6925258636474609,0.519444465637207,0.6895571351051331,0.5600000023841858,C32D22
7,0.6928168535232544,0.519444465637207,0.6895570158958435,0.5600000023841858,C32D22
8,0.6925635933876038,0.519444465637207,0.6896129846572876,0.5600000023841858,C32D22
9,0.6930282115936279,0.519444465637207,0.689720869064331,0.5600000023841858,C32D22
10,0.6925466060638428,0.5188888907432556,0.6897392272949219,0.5600000023841858,C32D22
11,0.692122220993042,0.519444465637207,0.6897910833358765,0.5600000023841858,C32D22
12,0.6920211315155029,0.519444465637207,0.6896750926971436,0.5600000023841858,C32D22
13,0.6922891139984131,0.519444465637207,0.6896536946296692,0.5600000023841858,C32D22
14,0.6926536560058594,0.519444465637207,0.6897713541984558,0.5600000023841858,C32D22
15,0.6926410794258118,0.519444465637207,0.6897991895675659,0.5600000023841858,C32D22
16,0.6927534341812134,0.519444465637207,0.6898472309112549,0.5600000023841858,C32D22
17,0.6930712461471558,0.519444465637207,0.6899329423904419,0.5600000023841858,C32D22
18,0.6924437880516052,0.519444465637207,0.689969539642334,0.5600000023841858,C32D22
19,0.6923938393592834,0.519444465637207,0.6899417042732239,0.5600000023841858,C32D22
