index,loss,categorical_accuracy,val_loss,val_categorical_accuracy,model
0,0.4771025478839874,0.8277778029441833,0.46758076548576355,0.8399999737739563,C11D11
1,0.4777354598045349,0.8266666531562805,0.43886569142341614,0.8650000095367432,C11D11
2,0.46401000022888184,0.8427777886390686,0.43325892090797424,0.8650000095367432,C11D11
3,0.4583279490470886,0.8500000238418579,0.42580536007881165,0.8849999904632568,C11D11
4,0.4544205069541931,0.855555534362793,0.43659308552742004,0.8650000095367432,C11D11
5,0.449800044298172,0.8633333444595337,0.4516713619232178,0.8600000143051147,C11D11
6,0.447212278842926,0.8594444394111633,0.4228953421115875,0.8899999856948853,C11D11
7,0.4443221986293793,0.8677777647972107,0.44122862815856934,0.8600000143051147,C11D11
8,0.4371044635772705,0.8761110901832581,0.4271887242794037,0.8799999952316284,C11D11
9,0.4428221881389618,0.8677777647972107,0.4252169132232666,0.8700000047683716,C11D11
10,0.4327298700809479,0.8822222352027893,0.4261866807937622,0.8849999904632568,C11D11
11,0.42886948585510254,0.8861111402511597,0.469821959733963,0.8199999928474426,C11D11
12,0.42795246839523315,0.8849999904632568,0.4297150671482086,0.8700000047683716,C11D11
13,0.4214191734790802,0.8994444608688354,0.43401461839675903,0.875,C11D11
14,0.4195581078529358,0.9011111259460449,0.42622047662734985,0.8849999904632568,C11D11
15,0.41973304748535156,0.897777795791626,0.42298272252082825,0.8849999904632568,C11D11
16,0.41645073890686035,0.903333306312561,0.43143031001091003,0.875,C11D11
17,0.41416695713996887,0.902222216129303,0.43274733424186707,0.8799999952316284,C11D11
18,0.4106704294681549,0.9144444465637207,0.43083053827285767,0.8700000047683716,C11D11
19,0.40932220220565796,0.9049999713897705,0.43605077266693115,0.8849999904632568,C11D11
