index,loss,categorical_accuracy,val_loss,val_categorical_accuracy,model
0,0.5000693202018738,0.8005555272102356,0.5067726373672485,0.8100000023841858,C11D11
1,0.4934825301170349,0.8094444274902344,0.496468186378479,0.800000011920929,C11D11
2,0.4885915517807007,0.8199999928474426,0.49740520119667053,0.800000011920929,C11D11
3,0.487849622964859,0.8149999976158142,0.5021568536758423,0.8149999976158142,C11D11
4,0.48102524876594543,0.8233333230018616,0.4996200203895569,0.8149999976158142,C11D11
5,0.4830803871154785,0.823888897895813,0.4928445816040039,0.8100000023841858,C11D11
6,0.47573885321617126,0.8344444632530212,0.4985772669315338,0.800000011920929,C11D11
7,0.4715508818626404,0.8411111235618591,0.49408793449401855,0.8149999976158142,C11D11
8,0.4675903618335724,0.8483333587646484,0.4885132610797882,0.8299999833106995,C11D11
9,0.4657042920589447,0.847777783870697,0.5064312815666199,0.800000011920929,C11D11
10,0.4656721353530884,0.8488888740539551,0.4817326068878174,0.8349999785423279,C11D11
11,0.45879873633384705,0.8577777743339539,0.4829282760620117,0.8299999833106995,C11D11
12,0.4571589231491089,0.8572221994400024,0.48138266801834106,0.8399999737739563,C11D11
13,0.45339661836624146,0.8622221946716309,0.48023760318756104,0.824999988079071,C11D11
14,0.4546182155609131,0.8577777743339539,0.475241094827652,0.8500000238418579,C11D11
15,0.4462667405605316,0.8694444298744202,0.47855108976364136,0.8299999833106995,C11D11
16,0.44734811782836914,0.8677777647972107,0.4852418005466461,0.8349999785423279,C11D11
17,0.4421529769897461,0.8788889050483704,0.48991698026657104,0.8050000071525574,C11D11
18,0.4401553273200989,0.8761110901832581,0.49523940682411194,0.800000011920929,C11D11
19,0.4408603310585022,0.875,0.49830910563468933,0.7900000214576721,C11D11
