index,loss,categorical_accuracy,val_loss,val_categorical_accuracy,model
0,0.6925529837608337,0.5161111354827881,0.698315441608429,0.5,C21D22
1,0.6924290060997009,0.5244444608688354,0.6977275013923645,0.5,C21D22
2,0.690424382686615,0.5400000214576721,0.6967625617980957,0.5,C21D22
3,0.6943065524101257,0.5066666603088379,0.6971645355224609,0.5,C21D22
4,0.6875994801521301,0.5533333420753479,0.6957514882087708,0.5,C21D22
5,0.693423330783844,0.5094444155693054,0.6962084174156189,0.5,C21D22
6,0.6923527717590332,0.523888885974884,0.6963465809822083,0.5,C21D22
7,0.6900660395622253,0.5388888716697693,0.6951093077659607,0.5,C21D22
8,0.6914918422698975,0.5177778005599976,0.6949806213378906,0.5,C21D22
9,0.6908403635025024,0.5350000262260437,0.6954939961433411,0.5,C21D22
10,0.6906726956367493,0.5316666960716248,0.6953434944152832,0.5,C21D22
11,0.6881847977638245,0.5422222018241882,0.695360004901886,0.5,C21D22
12,0.6906158328056335,0.5394444465637207,0.6951940059661865,0.5,C21D22
13,0.6923409700393677,0.519444465637207,0.6951173543930054,0.5,C21D22
14,0.6883319616317749,0.5422222018241882,0.6951624155044556,0.5,C21D22
15,0.6892749071121216,0.5416666865348816,0.6956151723861694,0.5,C21D22
16,0.6855968832969666,0.5561110973358154,0.6949070692062378,0.5,C21D22
17,0.6887295842170715,0.5477777719497681,0.694923996925354,0.5,C21D22
18,0.6898369789123535,0.5338888764381409,0.6950536966323853,0.5,C21D22
19,0.688830554485321,0.5355555415153503,0.6947933435440063,0.5,C21D22
