index,loss,categorical_accuracy,val_loss,val_categorical_accuracy,model
0,0.6883680820465088,0.5450000166893005,0.692322313785553,0.5249999761581421,C32D21
1,0.6887136101722717,0.5450000166893005,0.6924145221710205,0.5249999761581421,C32D21
2,0.688847005367279,0.5450000166893005,0.6925531029701233,0.5249999761581421,C32D21
3,0.6896411776542664,0.5450000166893005,0.6925466060638428,0.5249999761581421,C32D21
4,0.6895567774772644,0.5455555319786072,0.692497730255127,0.5249999761581421,C32D21
5,0.6897006630897522,0.5450000166893005,0.692440927028656,0.5249999761581421,C32D21
6,0.6894067525863647,0.5450000166893005,0.692340075969696,0.5249999761581421,C32D21
7,0.6892448663711548,0.5455555319786072,0.6921975612640381,0.5249999761581421,C32D21
8,0.6894458532333374,0.5444444417953491,0.6923150420188904,0.5249999761581421,C32D21
9,0.6894436478614807,0.5450000166893005,0.6923784613609314,0.5249999761581421,C32D21
10,0.6891622543334961,0.5450000166893005,0.6924911737442017,0.5249999761581421,C32D21
11,0.689241349697113,0.5450000166893005,0.692460834980011,0.5249999761581421,C32D21
12,0.690137505531311,0.5450000166893005,0.6923640966415405,0.5249999761581421,C32D21
13,0.6889841556549072,0.5461111068725586,0.6923738718032837,0.5249999761581421,C32D21
14,0.6882201433181763,0.5444444417953491,0.6924259662628174,0.5249999761581421,C32D21
15,0.6890734434127808,0.5450000166893005,0.692451536655426,0.5249999761581421,C32D21
16,0.6891999840736389,0.5450000166893005,0.6924165487289429,0.5249999761581421,C32D21
17,0.688480019569397,0.5450000166893005,0.6924545764923096,0.5249999761581421,C32D21
18,0.6893553137779236,0.5450000166893005,0.6924307942390442,0.5249999761581421,C32D21
19,0.6896764636039734,0.5450000166893005,0.6922635436058044,0.5249999761581421,C32D21
