index,loss,categorical_accuracy,val_loss,val_categorical_accuracy,model
0,0.6929508447647095,0.5144444704055786,0.6888100504875183,0.5550000071525574,C22D32
1,0.6940881609916687,0.5122222304344177,0.68919837474823,0.5550000071525574,C22D32
2,0.6924062967300415,0.5161111354827881,0.6893922686576843,0.5550000071525574,C22D32
3,0.6927639842033386,0.5122222304344177,0.6895794868469238,0.5550000071525574,C22D32
4,0.6929681301116943,0.5149999856948853,0.6897504925727844,0.5550000071525574,C22D32
5,0.6922735571861267,0.5161111354827881,0.6900178790092468,0.5550000071525574,C22D32
6,0.6930934190750122,0.5149999856948853,0.6901825666427612,0.5550000071525574,C22D32
7,0.6919970512390137,0.5155555605888367,0.6901882886886597,0.5550000071525574,C22D32
8,0.6920000314712524,0.5172222256660461,0.6901610493659973,0.5550000071525574,C22D32
9,0.6928719878196716,0.5144444704055786,0.6902092099189758,0.5550000071525574,C22D32
10,0.6927555203437805,0.5177778005599976,0.690328061580658,0.5550000071525574,C22D32
11,0.6927137970924377,0.5133333206176758,0.6904152035713196,0.5550000071525574,C22D32
12,0.6923348903656006,0.5144444704055786,0.6904242038726807,0.5550000071525574,C22D32
13,0.6927447319030762,0.5099999904632568,0.6905074119567871,0.5550000071525574,C22D32
14,0.6922690868377686,0.5155555605888367,0.6904737949371338,0.5550000071525574,C22D32
15,0.6923818588256836,0.5127778053283691,0.6904263496398926,0.5550000071525574,C22D32
16,0.6928879618644714,0.5133333206176758,0.6905030012130737,0.5550000071525574,C22D32
17,0.6918538212776184,0.5183333158493042,0.6904667019844055,0.5550000071525574,C22D32
18,0.6926790475845337,0.5111111402511597,0.6905258893966675,0.5550000071525574,C22D32
19,0.6921706199645996,0.5122222304344177,0.6905477643013,0.5550000071525574,C22D32
