index,loss,categorical_accuracy,val_loss,val_categorical_accuracy,model
0,0.4547351896762848,0.8583333492279053,0.43433743715286255,0.8849999904632568,C31D21
1,0.4399130642414093,0.8733333349227905,0.47209632396698,0.8399999737739563,C31D21
2,0.44059085845947266,0.8727777600288391,0.42759987711906433,0.8899999856948853,C31D21
3,0.42111435532569885,0.8916666507720947,0.4685772657394409,0.8450000286102295,C31D21
4,0.41810551285743713,0.8961111307144165,0.4309596121311188,0.8849999904632568,C31D21
5,0.4108060598373413,0.903333306312561,0.4354802966117859,0.8799999952316284,C31D21
6,0.4094724953174591,0.9044444561004639,0.4402269721031189,0.8799999952316284,C31D21
7,0.41343051195144653,0.9011111259460449,0.4335804283618927,0.8799999952316284,C31D21
8,0.3956066071987152,0.9205555319786072,0.458500474691391,0.8500000238418579,C31D21
9,0.40135857462882996,0.9138888716697693,0.4525964856147766,0.8550000190734863,C31D21
10,0.4066879153251648,0.9077777862548828,0.4693388044834137,0.8399999737739563,C31D21
11,0.39414724707603455,0.9233333468437195,0.45638754963874817,0.8550000190734863,C31D21
12,0.39072760939598083,0.925000011920929,0.46087437868118286,0.8550000190734863,C31D21
13,0.3922719359397888,0.925000011920929,0.4439975619316101,0.8650000095367432,C31D21
14,0.38322311639785767,0.9344444274902344,0.44561195373535156,0.8600000143051147,C31D21
15,0.3810797929763794,0.9361110925674438,0.4552478790283203,0.8550000190734863,C31D21
16,0.3843540847301483,0.9344444274902344,0.43770286440849304,0.875,C31D21
17,0.37686803936958313,0.9416666626930237,0.44582512974739075,0.8650000095367432,C31D21
18,0.37391218543052673,0.9433333277702332,0.43424466252326965,0.8799999952316284,C31D21
19,0.3733347952365875,0.9449999928474426,0.43885406851768494,0.875,C31D21
