index,loss,categorical_accuracy,val_loss,val_categorical_accuracy,model
0,0.4287354648113251,0.8788889050483704,0.4538070559501648,0.8500000238418579,C31D11
1,0.41195112466812134,0.897777795791626,0.4436713457107544,0.8650000095367432,C31D11
2,0.4065701961517334,0.9011111259460449,0.4508092999458313,0.8600000143051147,C31D11
3,0.398484468460083,0.9105555415153503,0.42220234870910645,0.8799999952316284,C31D11
4,0.3878750801086426,0.9238888621330261,0.4250986874103546,0.8899999856948853,C31D11
5,0.3810036778450012,0.9333333373069763,0.43304088711738586,0.875,C31D11
6,0.3722321093082428,0.9422222375869751,0.4497993588447571,0.8600000143051147,C31D11
7,0.3707004487514496,0.9422222375869751,0.43962639570236206,0.8600000143051147,C31D11
8,0.36917436122894287,0.9461110830307007,0.4462628960609436,0.8500000238418579,C31D11
9,0.364980548620224,0.949999988079071,0.4331832826137543,0.875,C31D11
10,0.3613227307796478,0.9527778029441833,0.44141656160354614,0.8650000095367432,C31D11
11,0.3610277771949768,0.95333331823349,0.4421907663345337,0.8700000047683716,C31D11
12,0.35725167393684387,0.9572222232818604,0.443712055683136,0.8600000143051147,C31D11
13,0.35684990882873535,0.9577777981758118,0.44242122769355774,0.8600000143051147,C31D11
14,0.35652217268943787,0.9572222232818604,0.44101643562316895,0.8700000047683716,C31D11
15,0.3535180985927582,0.9605555534362793,0.4498085081577301,0.8500000238418579,C31D11
16,0.35324952006340027,0.9605555534362793,0.44156792759895325,0.8550000190734863,C31D11
17,0.3534291386604309,0.9605555534362793,0.44902506470680237,0.8550000190734863,C31D11
18,0.3526995778083801,0.9611111283302307,0.4488397240638733,0.8600000143051147,C31D11
19,0.3520001769065857,0.9616666436195374,0.445395827293396,0.8600000143051147,C31D11
