index,loss,categorical_accuracy,val_loss,val_categorical_accuracy,model
0,0.4995294213294983,0.801111102104187,0.4589921236038208,0.8600000143051147,C21D31
1,0.4930901825428009,0.8094444274902344,0.47419020533561707,0.8199999928474426,C21D31
2,0.4996590316295624,0.804444432258606,0.4431750476360321,0.8700000047683716,C21D31
3,0.48027607798576355,0.8299999833106995,0.4951152503490448,0.8100000023841858,C21D31
4,0.48790010809898376,0.8177777528762817,0.4855125844478607,0.824999988079071,C21D31
5,0.47727084159851074,0.8277778029441833,0.4440023899078369,0.875,C21D31
6,0.482822984457016,0.8211110830307007,0.479938268661499,0.824999988079071,C21D31
7,0.4861770570278168,0.8172222375869751,0.4579128324985504,0.8450000286102295,C21D31
8,0.49466633796691895,0.8083333373069763,0.45498892664909363,0.8500000238418579,C21D31
9,0.4901878237724304,0.8161110877990723,0.4592222571372986,0.8500000238418579,C21D31
10,0.48747915029525757,0.8172222375869751,0.44845572113990784,0.8650000095367432,C21D31
11,0.4799546003341675,0.8288888931274414,0.45674267411231995,0.8349999785423279,C21D31
12,0.4832838475704193,0.8222222328186035,0.4587065577507019,0.8450000286102295,C21D31
13,0.47858840227127075,0.8277778029441833,0.44570010900497437,0.8600000143051147,C21D31
14,0.48494869470596313,0.820555567741394,0.4587874710559845,0.8650000095367432,C21D31
15,0.49663424491882324,0.8072222471237183,0.4452453553676605,0.8650000095367432,C21D31
16,0.47842997312545776,0.8277778029441833,0.450389564037323,0.8550000190734863,C21D31
17,0.4815044105052948,0.8233333230018616,0.4574946165084839,0.8500000238418579,C21D31
18,0.4786185920238495,0.82833331823349,0.44901612401008606,0.8600000143051147,C21D31
19,0.4721868932247162,0.8355555534362793,0.459494948387146,0.8399999737739563,C21D31
