index,loss,categorical_accuracy,val_loss,val_categorical_accuracy,model
0,0.503623366355896,0.7955555319786072,0.5032135844230652,0.7950000166893005,C11D12
1,0.49636438488960266,0.8116666674613953,0.474509596824646,0.8349999785423279,C11D12
2,0.48916035890579224,0.8216666579246521,0.4661206007003784,0.8399999737739563,C11D12
3,0.4811630845069885,0.8233333230018616,0.4564504325389862,0.8600000143051147,C11D12
4,0.4679383337497711,0.8500000238418579,0.47911807894706726,0.8349999785423279,C11D12
5,0.46316543221473694,0.8572221994400024,0.45838233828544617,0.8450000286102295,C11D12
6,0.46004608273506165,0.8483333587646484,0.47089603543281555,0.8349999785423279,C11D12
7,0.4576573669910431,0.8544444441795349,0.45840656757354736,0.8399999737739563,C11D12
8,0.44667303562164307,0.8683333396911621,0.4469633102416992,0.8650000095367432,C11D12
9,0.44529882073402405,0.8711110949516296,0.4624742567539215,0.8500000238418579,C11D12
10,0.4403451979160309,0.8772222399711609,0.448974609375,0.8450000286102295,C11D12
11,0.4328519105911255,0.8877778053283691,0.4603576958179474,0.8500000238418579,C11D12
12,0.42820194363594055,0.8899999856948853,0.45994940400123596,0.8550000190734863,C11D12
13,0.42342501878738403,0.894444465637207,0.45041006803512573,0.8600000143051147,C11D12
14,0.42479580640792847,0.8916666507720947,0.46881920099258423,0.8349999785423279,C11D12
15,0.4175899028778076,0.902222216129303,0.4421400725841522,0.8550000190734863,C11D12
16,0.41594305634498596,0.9016666412353516,0.4432578384876251,0.8500000238418579,C11D12
17,0.4184982180595398,0.898888885974884,0.44826140999794006,0.8550000190734863,C11D12
18,0.4117377996444702,0.9066666960716248,0.4414271414279938,0.8650000095367432,C11D12
19,0.4055141806602478,0.9116666913032532,0.4379379153251648,0.8849999904632568,C11D12
