index,loss,categorical_accuracy,val_loss,val_categorical_accuracy,model
0,0.3887186646461487,0.9405776858329773,0.36664560437202454,0.9466436505317688,C11D22
1,0.3725903332233429,0.9419597387313843,0.36661651730537415,0.9466436505317688,C11D22
2,0.37211427092552185,0.9419652223587036,0.36661478877067566,0.9466436505317688,C11D22
