index,loss,categorical_accuracy,val_loss,val_categorical_accuracy,model
0,0.5384717583656311,0.7666666507720947,0.5275562405586243,0.7749999761581421,C21D21
1,0.5331621170043945,0.7666666507720947,0.5281250476837158,0.7799999713897705,C21D21
2,0.542131245136261,0.7527777552604675,0.504892885684967,0.8050000071525574,C21D21
3,0.5265219211578369,0.7777777910232544,0.4947846531867981,0.8199999928474426,C21D21
4,0.5198913216590881,0.7866666913032532,0.49318379163742065,0.8199999928474426,C21D21
5,0.5315471291542053,0.772777795791626,0.49394333362579346,0.8199999928474426,C21D21
6,0.5262203216552734,0.7733333110809326,0.5052415132522583,0.7950000166893005,C21D21
7,0.5186355710029602,0.7866666913032532,0.500927746295929,0.8050000071525574,C21D21
8,0.5280721783638,0.7733333110809326,0.5206701159477234,0.7900000214576721,C21D21
9,0.5229354500770569,0.7855555415153503,0.49646270275115967,0.8149999976158142,C21D21
10,0.5297263860702515,0.7711111307144165,0.5142168998718262,0.7850000262260437,C21D21
11,0.5224645137786865,0.778333306312561,0.49853476881980896,0.8050000071525574,C21D21
12,0.5182349681854248,0.7861111164093018,0.4932967722415924,0.8100000023841858,C21D21
13,0.5197961330413818,0.7827777862548828,0.4990740716457367,0.800000011920929,C21D21
14,0.5358198285102844,0.7711111307144165,0.48981326818466187,0.8149999976158142,C21D21
15,0.5191335082054138,0.7794444561004639,0.48572930693626404,0.8299999833106995,C21D21
16,0.5188787579536438,0.7844444513320923,0.4891737699508667,0.8149999976158142,C21D21
17,0.5221601128578186,0.7877777814865112,0.4955396354198456,0.8149999976158142,C21D21
18,0.5216716527938843,0.7844444513320923,0.49731504917144775,0.800000011920929,C21D21
19,0.5209648013114929,0.7838888764381409,0.4985658526420593,0.8149999976158142,C21D21
