index,loss,categorical_accuracy,val_loss,val_categorical_accuracy,model
0,0.693352997303009,0.49444442987442017,0.6929922699928284,0.5049999952316284,C21D12
1,0.692868173122406,0.5127778053283691,0.6929733753204346,0.5049999952316284,C21D12
2,0.6923499703407288,0.5350000262260437,0.693229615688324,0.5049999952316284,C21D12
3,0.6918124556541443,0.5366666913032532,0.6933083534240723,0.5049999952316284,C21D12
4,0.6914081573486328,0.5322222113609314,0.6934670805931091,0.5049999952316284,C21D12
5,0.6911546587944031,0.5316666960716248,0.693469226360321,0.5049999952316284,C21D12
6,0.6913613080978394,0.5327777862548828,0.6935511827468872,0.5049999952316284,C21D12
7,0.6915775537490845,0.5327777862548828,0.6936834454536438,0.5049999952316284,C21D12
8,0.6914141774177551,0.5305555462837219,0.6937919855117798,0.5049999952316284,C21D12
9,0.6912801861763,0.5305555462837219,0.6938788890838623,0.5049999952316284,C21D12
10,0.6909488439559937,0.5305555462837219,0.6938723921775818,0.5049999952316284,C21D12
11,0.6909189224243164,0.5338888764381409,0.6936367154121399,0.5049999952316284,C21D12
12,0.6908683776855469,0.5311111211776733,0.6937071084976196,0.5049999952316284,C21D12
13,0.6912662982940674,0.5316666960716248,0.6938098073005676,0.5049999952316284,C21D12
14,0.6910479068756104,0.5327777862548828,0.6938300132751465,0.5049999952316284,C21D12
15,0.6910476088523865,0.5311111211776733,0.6934335827827454,0.5049999952316284,C21D12
16,0.6900238990783691,0.5322222113609314,0.6930168271064758,0.5049999952316284,C21D12
17,0.6903735399246216,0.5344444513320923,0.6930288672447205,0.5049999952316284,C21D12
18,0.690068244934082,0.5322222113609314,0.6928154826164246,0.5049999952316284,C21D12
19,0.689355194568634,0.5422222018241882,0.6926789283752441,0.5049999952316284,C21D12
