index,loss,categorical_accuracy,val_loss,val_categorical_accuracy,model
0,0.47910597920417786,0.8288888931274414,0.44876885414123535,0.8700000047683716,C21D31
1,0.48852118849754333,0.8116666674613953,0.44298598170280457,0.8650000095367432,C21D31
2,0.48613855242729187,0.8149999976158142,0.43585219979286194,0.875,C21D31
3,0.4846297800540924,0.8183333277702332,0.4447263479232788,0.8700000047683716,C21D31
4,0.4846179783344269,0.820555567741394,0.45132729411125183,0.8500000238418579,C21D31
5,0.4801608920097351,0.8272222280502319,0.441212922334671,0.8700000047683716,C21D31
6,0.477186918258667,0.824999988079071,0.4370262026786804,0.8799999952316284,C21D31
7,0.4837598204612732,0.820555567741394,0.4419096112251282,0.8700000047683716,C21D31
8,0.48585307598114014,0.8188889026641846,0.4442094564437866,0.8650000095367432,C21D31
9,0.47367095947265625,0.8399999737739563,0.441783607006073,0.8799999952316284,C21D31
10,0.48691999912261963,0.8188889026641846,0.44351062178611755,0.8700000047683716,C21D31
11,0.4815521538257599,0.8255555629730225,0.44224631786346436,0.8600000143051147,C21D31
12,0.4773942530155182,0.8294444680213928,0.44677266478538513,0.8700000047683716,C21D31
13,0.4851856231689453,0.8138889074325562,0.44220906496047974,0.8799999952316284,C21D31
14,0.4767981171607971,0.8305555582046509,0.43993812799453735,0.875,C21D31
15,0.48061272501945496,0.8233333230018616,0.45283252000808716,0.8650000095367432,C21D31
16,0.4740348756313324,0.8272222280502319,0.4513181447982788,0.8650000095367432,C21D31
17,0.4774409234523773,0.8277778029441833,0.44021549820899963,0.875,C21D31
18,0.47854161262512207,0.8255555629730225,0.44046977162361145,0.8650000095367432,C21D31
19,0.4638859033584595,0.8399999737739563,0.44780054688453674,0.8600000143051147,C21D31
