index,loss,categorical_accuracy,val_loss,val_categorical_accuracy,model
0,0.6910036206245422,0.5199999809265137,0.6907055377960205,0.5249999761581421,C21D12
1,0.6897818446159363,0.5294444561004639,0.6907655596733093,0.5249999761581421,C21D12
2,0.6896086931228638,0.5400000214576721,0.6905801892280579,0.5249999761581421,C21D12
3,0.6896776556968689,0.5327777862548828,0.6905030012130737,0.5249999761581421,C21D12
4,0.690210223197937,0.5327777862548828,0.6903454661369324,0.5249999761581421,C21D12
5,0.6882259845733643,0.551111102104187,0.6901624202728271,0.5249999761581421,C21D12
6,0.688235878944397,0.5616666674613953,0.6899703145027161,0.5249999761581421,C21D12
7,0.6875883936882019,0.5699999928474426,0.6898596286773682,0.5249999761581421,C21D12
8,0.6868698596954346,0.5611110925674438,0.6897817850112915,0.5199999809265137,C21D12
9,0.6873133182525635,0.5605555772781372,0.6894192695617676,0.5199999809265137,C21D12
10,0.6857454180717468,0.5638889074325562,0.6891734600067139,0.5249999761581421,C21D12
11,0.6837000250816345,0.5872222185134888,0.6885405778884888,0.5199999809265137,C21D12
12,0.6845870614051819,0.5772222280502319,0.6881347894668579,0.5299999713897705,C21D12
13,0.6812512278556824,0.5855555534362793,0.6874266266822815,0.5299999713897705,C21D12
14,0.682549774646759,0.5777778029441833,0.6870729327201843,0.5299999713897705,C21D12
15,0.6808713674545288,0.5722222328186035,0.6861624717712402,0.5450000166893005,C21D12
16,0.678318977355957,0.602222204208374,0.6856379508972168,0.5550000071525574,C21D12
17,0.6771042346954346,0.6044444441795349,0.6843488812446594,0.5450000166893005,C21D12
18,0.6731396317481995,0.6005555391311646,0.6832470893859863,0.5550000071525574,C21D12
19,0.6701328754425049,0.6166666746139526,0.681532621383667,0.5550000071525574,C21D12
