index,loss,categorical_accuracy,val_loss,val_categorical_accuracy,model
0,0.6931604146957397,0.5116666555404663,0.6924988031387329,0.550000011920929,C12D12
1,0.6928421854972839,0.5199999809265137,0.6921041011810303,0.550000011920929,C12D12
2,0.6927236318588257,0.5199999809265137,0.6917765140533447,0.550000011920929,C12D12
3,0.6926162838935852,0.5199999809265137,0.6915056109428406,0.550000011920929,C12D12
4,0.6925370097160339,0.5199999809265137,0.6912769079208374,0.550000011920929,C12D12
5,0.6924659609794617,0.5199999809265137,0.6910904049873352,0.550000011920929,C12D12
6,0.6924088597297668,0.5199999809265137,0.6909160614013672,0.550000011920929,C12D12
7,0.6923536658287048,0.5199999809265137,0.6907548308372498,0.550000011920929,C12D12
8,0.6922881603240967,0.5199999809265137,0.6906145215034485,0.550000011920929,C12D12
9,0.6922462582588196,0.5199999809265137,0.6904796361923218,0.550000011920929,C12D12
10,0.6922063827514648,0.5199999809265137,0.6903789043426514,0.550000011920929,C12D12
11,0.692165195941925,0.5199999809265137,0.6902748942375183,0.550000011920929,C12D12
12,0.6921443939208984,0.5199999809265137,0.690201997756958,0.550000011920929,C12D12
13,0.6921055316925049,0.5199999809265137,0.6901387572288513,0.550000011920929,C12D12
14,0.692070722579956,0.5199999809265137,0.6900643706321716,0.550000011920929,C12D12
15,0.6920484304428101,0.5199999809265137,0.6900070309638977,0.550000011920929,C12D12
16,0.6919466257095337,0.5199999809265137,0.6899692416191101,0.550000011920929,C12D12
17,0.6918458342552185,0.5199999809265137,0.689896821975708,0.550000011920929,C12D12
18,0.6917330622673035,0.5199999809265137,0.6897110939025879,0.550000011920929,C12D12
19,0.6916544437408447,0.5199999809265137,0.6895912289619446,0.550000011920929,C12D12
