index,loss,categorical_accuracy,val_loss,val_categorical_accuracy,model
0,0.5578684210777283,0.7427777647972107,0.5151293277740479,0.7850000262260437,C22D21
1,0.561455249786377,0.7438889145851135,0.5133123993873596,0.7850000262260437,C22D21
2,0.5650590062141418,0.7372221946716309,0.5026983022689819,0.8100000023841858,C22D21
3,0.5484115481376648,0.7622222304344177,0.5246825218200684,0.7850000262260437,C22D21
4,0.5621892213821411,0.7416666746139526,0.500678539276123,0.8050000071525574,C22D21
5,0.5528551340103149,0.7527777552604675,0.4969395697116852,0.8199999928474426,C22D21
6,0.5501791834831238,0.754444420337677,0.5358818173408508,0.7649999856948853,C22D21
7,0.5564727783203125,0.742222249507904,0.5005725026130676,0.8100000023841858,C22D21
8,0.541465163230896,0.7638888955116272,0.5220804214477539,0.7950000166893005,C22D21
9,0.5508238077163696,0.7522222399711609,0.5114956498146057,0.7850000262260437,C22D21
10,0.538847029209137,0.7616666555404663,0.5081970691680908,0.800000011920929,C22D21
11,0.5417672991752625,0.7655555605888367,0.5134623050689697,0.7749999761581421,C22D21
12,0.5505505800247192,0.7605555653572083,0.5055742859840393,0.7950000166893005,C22D21
13,0.545846700668335,0.7516666650772095,0.5187494158744812,0.7599999904632568,C22D21
14,0.5506155490875244,0.753333330154419,0.5042670369148254,0.7950000166893005,C22D21
15,0.5322713851928711,0.777222216129303,0.49411869049072266,0.8199999928474426,C22D21
16,0.5433378219604492,0.7633333206176758,0.5105103254318237,0.800000011920929,C22D21
17,0.5432177186012268,0.757777750492096,0.4876793622970581,0.824999988079071,C22D21
18,0.5469154715538025,0.7549999952316284,0.5145511031150818,0.7950000166893005,C22D21
19,0.5365889668464661,0.7677778005599976,0.4875137209892273,0.8450000286102295,C22D21
