index,loss,categorical_accuracy,val_loss,val_categorical_accuracy,model
0,0.47682860493659973,0.8333333134651184,0.4903424084186554,0.8149999976158142,C31D11
1,0.46783915162086487,0.8383333086967468,0.5134084820747375,0.7749999761581421,C31D11
2,0.46246588230133057,0.8433333039283752,0.49327853322029114,0.824999988079071,C31D11
3,0.4549393057823181,0.852222204208374,0.5149083137512207,0.7749999761581421,C31D11
4,0.45252278447151184,0.8550000190734863,0.4929058849811554,0.824999988079071,C31D11
5,0.4451441168785095,0.8683333396911621,0.4913058578968048,0.8199999928474426,C31D11
6,0.44332870841026306,0.8694444298744202,0.4820510745048523,0.824999988079071,C31D11
7,0.44111064076423645,0.871666669845581,0.48066818714141846,0.824999988079071,C31D11
8,0.43619146943092346,0.8766666650772095,0.47992444038391113,0.8349999785423279,C31D11
9,0.4307204484939575,0.882777750492096,0.47650420665740967,0.8149999976158142,C31D11
10,0.42801207304000854,0.8877778053283691,0.5090715289115906,0.7850000262260437,C31D11
11,0.42458292841911316,0.8911111354827881,0.4778645634651184,0.8199999928474426,C31D11
12,0.41977939009666443,0.8961111307144165,0.5055972933769226,0.7749999761581421,C31D11
13,0.4163188934326172,0.9016666412353516,0.4812198281288147,0.8299999833106995,C31D11
14,0.41664227843284607,0.8994444608688354,0.48559120297431946,0.824999988079071,C31D11
15,0.4120325744152069,0.9049999713897705,0.4660065770149231,0.8399999737739563,C31D11
16,0.40894758701324463,0.9094444513320923,0.48155638575553894,0.824999988079071,C31D11
17,0.40793541073799133,0.9088888764381409,0.46925467252731323,0.8450000286102295,C31D11
18,0.4038976728916168,0.9144444465637207,0.49222129583358765,0.7900000214576721,C31D11
19,0.402072548866272,0.9183333516120911,0.4767948389053345,0.824999988079071,C31D11
