index,loss,categorical_accuracy,val_loss,val_categorical_accuracy,model
0,0.4603913426399231,0.8433333039283752,0.4391644299030304,0.8899999856948853,C22D11
1,0.451566606760025,0.8533333539962769,0.4270632565021515,0.8899999856948853,C22D11
2,0.4543696641921997,0.8538888692855835,0.45775702595710754,0.8550000190734863,C22D11
3,0.456826388835907,0.8461111187934875,0.44685059785842896,0.875,C22D11
4,0.4556078016757965,0.8488888740539551,0.4545581042766571,0.8500000238418579,C22D11
5,0.44567498564720154,0.8600000143051147,0.454274445772171,0.8550000190734863,C22D11
6,0.4543313980102539,0.8505555391311646,0.4414316415786743,0.8700000047683716,C22D11
7,0.4469107389450073,0.8561111092567444,0.44127488136291504,0.875,C22D11
8,0.4432688355445862,0.8611111044883728,0.442097544670105,0.8700000047683716,C22D11
9,0.43894901871681213,0.8688889145851135,0.4654691219329834,0.8299999833106995,C22D11
10,0.44486698508262634,0.8638888597488403,0.4297098219394684,0.8799999952316284,C22D11
11,0.45355087518692017,0.8550000190734863,0.4538906216621399,0.8550000190734863,C22D11
12,0.44025036692619324,0.8694444298744202,0.44658932089805603,0.8600000143051147,C22D11
13,0.4517594277858734,0.8516666889190674,0.44630035758018494,0.8700000047683716,C22D11
14,0.4446665346622467,0.8622221946716309,0.44698795676231384,0.8700000047683716,C22D11
15,0.4365784823894501,0.875,0.45203399658203125,0.8550000190734863,C22D11
16,0.4451943337917328,0.8627777695655823,0.45324647426605225,0.8450000286102295,C22D11
17,0.4510464072227478,0.8566666841506958,0.450508713722229,0.8650000095367432,C22D11
18,0.44286593794822693,0.8644444346427917,0.447577565908432,0.8600000143051147,C22D11
19,0.43797799944877625,0.8744444251060486,0.46967414021492004,0.824999988079071,C22D11
