index,loss,categorical_accuracy,val_loss,val_categorical_accuracy,model
0,0.532043993473053,0.7677778005599976,0.5061777234077454,0.7950000166893005,C21D12
1,0.5217446088790894,0.7850000262260437,0.5016413331031799,0.8050000071525574,C21D12
2,0.5294554829597473,0.7749999761581421,0.5014867782592773,0.8149999976158142,C21D12
3,0.5378060340881348,0.7672222256660461,0.5011534690856934,0.8149999976158142,C21D12
4,0.5253169536590576,0.7705555558204651,0.5018930435180664,0.8050000071525574,C21D12
5,0.5237915515899658,0.7827777862548828,0.5092199444770813,0.8050000071525574,C21D12
6,0.5291715264320374,0.7649999856948853,0.5057802200317383,0.8149999976158142,C21D12
7,0.5235741138458252,0.7794444561004639,0.5056125521659851,0.800000011920929,C21D12
8,0.5140975117683411,0.7894444465637207,0.4912952184677124,0.8299999833106995,C21D12
9,0.5217037200927734,0.777222216129303,0.49667656421661377,0.8500000238418579,C21D12
10,0.5196996331214905,0.7799999713897705,0.49111446738243103,0.8050000071525574,C21D12
11,0.517002284526825,0.7855555415153503,0.5027978420257568,0.8050000071525574,C21D12
12,0.516036868095398,0.7883333563804626,0.49064531922340393,0.8199999928474426,C21D12
13,0.5159034132957458,0.7833333611488342,0.48936718702316284,0.824999988079071,C21D12
14,0.5138497948646545,0.7900000214576721,0.5112201571464539,0.7850000262260437,C21D12
15,0.5154857039451599,0.7883333563804626,0.4950757324695587,0.8149999976158142,C21D12
16,0.5180917978286743,0.7872222065925598,0.49656403064727783,0.8199999928474426,C21D12
17,0.5029251575469971,0.8033333420753479,0.49111253023147583,0.8199999928474426,C21D12
18,0.5118744969367981,0.7911111116409302,0.5203108191490173,0.7900000214576721,C21D12
19,0.5009455680847168,0.804444432258606,0.48618853092193604,0.8199999928474426,C21D12
