index,loss,categorical_accuracy,val_loss,val_categorical_accuracy,model
0,0.37822043895721436,0.9412906765937805,0.3666518032550812,0.9466436505317688,C22D12
1,0.3713175654411316,0.9419652223587036,0.3666321039199829,0.9466436505317688,C22D12
2,0.3713149130344391,0.9419652223587036,0.3666246235370636,0.9466436505317688,C22D12
