index,loss,categorical_accuracy,val_loss,val_categorical_accuracy,model
0,0.6859198212623596,0.5288888812065125,0.6858861446380615,0.5299999713897705,C12D31
1,0.6852418184280396,0.5294444561004639,0.6850066184997559,0.5299999713897705,C12D31
2,0.684342086315155,0.5338888764381409,0.68413245677948,0.5299999713897705,C12D31
3,0.6831773519515991,0.5427777767181396,0.6827738881111145,0.574999988079071,C12D31
4,0.681853711605072,0.574999988079071,0.6813640594482422,0.5799999833106995,C12D31
5,0.6802408695220947,0.5744444727897644,0.6794618964195251,0.625,C12D31
6,0.6783357858657837,0.6138888597488403,0.6772089600563049,0.625,C12D31
7,0.6758586168289185,0.6516666412353516,0.6752104163169861,0.6050000190734863,C12D31
8,0.6727114915847778,0.6666666865348816,0.6730049252510071,0.6000000238418579,C12D31
9,0.6692436933517456,0.6633333563804626,0.6677426099777222,0.7099999785423279,C12D31
10,0.6648673415184021,0.6755555272102356,0.6626917123794556,0.6850000023841858,C12D31
11,0.6584139466285706,0.6755555272102356,0.6587992906570435,0.6449999809265137,C12D31
12,0.6515074372291565,0.6633333563804626,0.6509304642677307,0.6700000166893005,C12D31
13,0.6446077227592468,0.6733333468437195,0.6452773213386536,0.6549999713897705,C12D31
14,0.6356857419013977,0.6733333468437195,0.6387859582901001,0.675000011920929,C12D31
15,0.6310103535652161,0.6827777624130249,0.6322318911552429,0.699999988079071,C12D31
16,0.625198245048523,0.6694444417953491,0.6344613432884216,0.6549999713897705,C12D31
17,0.6219782829284668,0.6777777671813965,0.6192076206207275,0.6850000023841858,C12D31
18,0.6133536100387573,0.6850000023841858,0.6204947829246521,0.6549999713897705,C12D31
19,0.6073981523513794,0.6944444179534912,0.6298712491989136,0.6349999904632568,C12D31
