index,loss,categorical_accuracy,val_loss,val_categorical_accuracy,model
0,0.4421869218349457,0.8638888597488403,0.4122823476791382,0.8949999809265137,C12D31
1,0.4312649667263031,0.8761110901832581,0.43515336513519287,0.875,C12D31
2,0.4236804246902466,0.8872222304344177,0.40649494528770447,0.9049999713897705,C12D31
3,0.4146711826324463,0.8955555558204651,0.40146175026893616,0.9100000262260437,C12D31
4,0.416640967130661,0.8916666507720947,0.4023212790489197,0.9100000262260437,C12D31
5,0.40153738856315613,0.9088888764381409,0.4157514274120331,0.8949999809265137,C12D31
6,0.3955969214439392,0.9188888669013977,0.408517062664032,0.9100000262260437,C12D31
7,0.39832398295402527,0.9122222065925598,0.41730377078056335,0.8899999856948853,C12D31
8,0.38523396849632263,0.9300000071525574,0.4141921103000641,0.8999999761581421,C12D31
9,0.3837221562862396,0.9316666722297668,0.4166632890701294,0.8899999856948853,C12D31
10,0.3827302157878876,0.9333333373069763,0.4108477532863617,0.8949999809265137,C12D31
11,0.37712517380714417,0.9405555725097656,0.4127381145954132,0.8899999856948853,C12D31
12,0.3756123483181,0.9399999976158142,0.41739168763160706,0.8899999856948853,C12D31
13,0.37305310368537903,0.945555567741394,0.42100629210472107,0.8899999856948853,C12D31
14,0.3718497157096863,0.945555567741394,0.4120352268218994,0.9049999713897705,C12D31
15,0.36914464831352234,0.9461110830307007,0.41581493616104126,0.8949999809265137,C12D31
16,0.3674626648426056,0.9494444727897644,0.4161912798881531,0.8949999809265137,C12D31
17,0.3665788769721985,0.9505555629730225,0.41362449526786804,0.8899999856948853,C12D31
18,0.36536428332328796,0.9505555629730225,0.41323691606521606,0.8949999809265137,C12D31
19,0.3647552728652954,0.9516666531562805,0.4147118031978607,0.8899999856948853,C12D31
