index,loss,categorical_accuracy,val_loss,val_categorical_accuracy,model
0,0.6909351944923401,0.5416666865348816,0.6930354833602905,0.5049999952316284,C32D11
1,0.6898251175880432,0.5427777767181396,0.6935381293296814,0.5049999952316284,C32D11
2,0.6894921660423279,0.5427777767181396,0.6939598321914673,0.5049999952316284,C32D11
3,0.6893413662910461,0.5427777767181396,0.6942598819732666,0.5049999952316284,C32D11
4,0.6894123554229736,0.5427777767181396,0.6946218013763428,0.5049999952316284,C32D11
5,0.6890831589698792,0.5427777767181396,0.6947805285453796,0.5049999952316284,C32D11
6,0.6885197758674622,0.5427777767181396,0.694887638092041,0.5049999952316284,C32D11
7,0.6892068386077881,0.5427777767181396,0.694895327091217,0.5049999952316284,C32D11
8,0.6888515949249268,0.5427777767181396,0.6948961019515991,0.5049999952316284,C32D11
9,0.6891663670539856,0.5427777767181396,0.6949948668479919,0.5049999952316284,C32D11
10,0.6889829635620117,0.5427777767181396,0.6950005292892456,0.5049999952316284,C32D11
11,0.6892096400260925,0.5427777767181396,0.6949007511138916,0.5049999952316284,C32D11
12,0.6886255145072937,0.5427777767181396,0.6950462460517883,0.5049999952316284,C32D11
13,0.688748300075531,0.5427777767181396,0.6948903799057007,0.5049999952316284,C32D11
14,0.6885710954666138,0.5427777767181396,0.694651186466217,0.5049999952316284,C32D11
15,0.6886311769485474,0.5427777767181396,0.6946209669113159,0.5049999952316284,C32D11
16,0.6882694959640503,0.5427777767181396,0.6942049264907837,0.5049999952316284,C32D11
17,0.6882864236831665,0.5427777767181396,0.6935595870018005,0.5049999952316284,C32D11
18,0.6879713535308838,0.5427777767181396,0.6934446692466736,0.5049999952316284,C32D11
19,0.6879777908325195,0.5427777767181396,0.6931596994400024,0.5049999952316284,C32D11
