index,loss,categorical_accuracy,val_loss,val_categorical_accuracy,model
0,0.42074018716812134,0.8866666555404663,0.4511767327785492,0.8500000238418579,C31D31
1,0.4033236801624298,0.9061111211776733,0.4431931674480438,0.8650000095367432,C31D31
2,0.394808292388916,0.9155555367469788,0.44034722447395325,0.8700000047683716,C31D31
3,0.38492462038993835,0.9288889169692993,0.436298131942749,0.8700000047683716,C31D31
4,0.3795505166053772,0.9333333373069763,0.432972252368927,0.875,C31D31
5,0.3797830641269684,0.9327777624130249,0.43277305364608765,0.8799999952316284,C31D31
6,0.37178468704223633,0.9416666626930237,0.42686253786087036,0.8799999952316284,C31D31
7,0.3712290823459625,0.9433333277702332,0.4298027455806732,0.875,C31D31
8,0.3661944270133972,0.9466666579246521,0.43830499053001404,0.875,C31D31
9,0.3632734715938568,0.9527778029441833,0.44018852710723877,0.8700000047683716,C31D31
10,0.36001554131507874,0.9544444680213928,0.4322008490562439,0.875,C31D31
11,0.35923612117767334,0.9549999833106995,0.4332336187362671,0.8700000047683716,C31D31
12,0.3585323393344879,0.9549999833106995,0.4416184723377228,0.8650000095367432,C31D31
13,0.3575226366519928,0.9566666483879089,0.44602784514427185,0.8600000143051147,C31D31
14,0.3559267818927765,0.9583333134651184,0.44100722670555115,0.8650000095367432,C31D31
15,0.35538458824157715,0.9588888883590698,0.44056540727615356,0.875,C31D31
16,0.35494691133499146,0.9588888883590698,0.4408535361289978,0.8700000047683716,C31D31
17,0.35458752512931824,0.9594444632530212,0.44007742404937744,0.8700000047683716,C31D31
18,0.35416069626808167,0.9594444632530212,0.44046643376350403,0.8700000047683716,C31D31
19,0.3537901043891907,0.9599999785423279,0.4404495358467102,0.8700000047683716,C31D31
