index,loss,categorical_accuracy,val_loss,val_categorical_accuracy,model
0,0.3784763514995575,0.9403473734855652,0.36661475896835327,0.9466436505317688,C22D32
1,0.37197360396385193,0.9418884515762329,0.36661475896835327,0.9466436505317688,C22D32
2,0.3717726767063141,0.9419378042221069,0.36661475896835327,0.9466436505317688,C22D32
