index,loss,categorical_accuracy,val_loss,val_categorical_accuracy,model
0,0.5204959511756897,0.7938888669013977,0.424510657787323,0.8849999904632568,C21D32
1,0.5355737805366516,0.773888885974884,0.45493483543395996,0.8550000190734863,C21D32
2,0.532276451587677,0.7705555558204651,0.4133571684360504,0.9049999713897705,C21D32
3,0.5305401086807251,0.7716666460037231,0.43342769145965576,0.8799999952316284,C21D32
4,0.5277631878852844,0.7744444608688354,0.4793068766593933,0.824999988079071,C21D32
5,0.5336799621582031,0.7711111307144165,0.43484678864479065,0.8799999952316284,C21D32
6,0.5278522372245789,0.7805555462837219,0.4349183738231659,0.8849999904632568,C21D32
7,0.524204671382904,0.7816666960716248,0.4315873086452484,0.875,C21D32
8,0.5328912138938904,0.7749999761581421,0.4278290271759033,0.8899999856948853,C21D32
9,0.5144323110580444,0.7938888669013977,0.44568878412246704,0.8700000047683716,C21D32
10,0.5241893529891968,0.7844444513320923,0.4349927604198456,0.875,C21D32
11,0.5199913382530212,0.7872222065925598,0.4359603822231293,0.8700000047683716,C21D32
12,0.5309413075447083,0.7744444608688354,0.42615795135498047,0.8799999952316284,C21D32
13,0.5255092978477478,0.7794444561004639,0.4200809597969055,0.8949999809265137,C21D32
14,0.5350331664085388,0.7661111354827881,0.430936723947525,0.8799999952316284,C21D32
15,0.5226319432258606,0.7877777814865112,0.44783732295036316,0.8700000047683716,C21D32
16,0.5262178778648376,0.7733333110809326,0.4311078190803528,0.8700000047683716,C21D32
17,0.5193350315093994,0.7905555367469788,0.4240252375602722,0.8949999809265137,C21D32
18,0.5121578574180603,0.7938888669013977,0.4152980148792267,0.9049999713897705,C21D32
19,0.5266438722610474,0.7766666412353516,0.4487200975418091,0.8700000047683716,C21D32
