index,loss,categorical_accuracy,val_loss,val_categorical_accuracy,model
0,0.491658091545105,0.8144444227218628,0.5044339299201965,0.800000011920929,C32D11
1,0.4952850341796875,0.8050000071525574,0.49730080366134644,0.7900000214576721,C32D11
2,0.49438831210136414,0.8105555772781372,0.5026176571846008,0.7950000166893005,C32D11
3,0.48714128136634827,0.8183333277702332,0.5026549696922302,0.8050000071525574,C32D11
4,0.49699467420578003,0.8055555820465088,0.5041188597679138,0.7950000166893005,C32D11
5,0.4918183386325836,0.8161110877990723,0.5043168067932129,0.7799999713897705,C32D11
6,0.4897591173648834,0.8094444274902344,0.4966067373752594,0.8149999976158142,C32D11
7,0.4807281792163849,0.8261111378669739,0.5014194250106812,0.8149999976158142,C32D11
8,0.48260921239852905,0.8255555629730225,0.5233914852142334,0.7749999761581421,C32D11
9,0.48667019605636597,0.8149999976158142,0.49897342920303345,0.7900000214576721,C32D11
10,0.4833517372608185,0.8261111378669739,0.5031425356864929,0.7950000166893005,C32D11
11,0.48370441794395447,0.8233333230018616,0.49716758728027344,0.7900000214576721,C32D11
12,0.4742671847343445,0.8344444632530212,0.5181664228439331,0.7850000262260437,C32D11
13,0.47642484307289124,0.8294444680213928,0.5271456241607666,0.7749999761581421,C32D11
14,0.47757479548454285,0.8299999833106995,0.48912161588668823,0.800000011920929,C32D11
15,0.47735530138015747,0.82833331823349,0.4927850663661957,0.8050000071525574,C32D11
16,0.4736836850643158,0.8344444632530212,0.48882997035980225,0.800000011920929,C32D11
17,0.4619876742362976,0.8505555391311646,0.4982602596282959,0.8100000023841858,C32D11
18,0.4735868275165558,0.8333333134651184,0.5071320533752441,0.8050000071525574,C32D11
19,0.47435981035232544,0.8344444632530212,0.48742735385894775,0.8199999928474426,C32D11
