index,loss,categorical_accuracy,val_loss,val_categorical_accuracy,model
0,0.379452645778656,0.941510021686554,0.36661475896835327,0.9466436505317688,C11D32
1,0.3722326159477234,0.9419378042221069,0.36661475896835327,0.9466436505317688,C11D32
2,0.37186557054519653,0.9419378042221069,0.36661475896835327,0.9466436505317688,C11D32
