index,loss,categorical_accuracy,val_loss,val_categorical_accuracy,model
0,0.6863178014755249,0.5638889074325562,0.6965422630310059,0.47999998927116394,C22D22
1,0.6854958534240723,0.5638889074325562,0.6979385614395142,0.47999998927116394,C22D22
2,0.6867536902427673,0.554444432258606,0.701112687587738,0.47999998927116394,C22D22
3,0.6858109831809998,0.5516666769981384,0.7011892199516296,0.47999998927116394,C22D22
4,0.6856061220169067,0.5616666674613953,0.6983416080474854,0.47999998927116394,C22D22
5,0.6860734820365906,0.5566666722297668,0.6986958384513855,0.47999998927116394,C22D22
6,0.6869182586669922,0.5516666769981384,0.6984258890151978,0.47999998927116394,C22D22
7,0.685397207736969,0.5533333420753479,0.7008644342422485,0.47999998927116394,C22D22
8,0.6855685710906982,0.5455555319786072,0.7014144659042358,0.47999998927116394,C22D22
9,0.6837250590324402,0.5694444179534912,0.7007978558540344,0.47999998927116394,C22D22
10,0.6832306385040283,0.5694444179534912,0.698811411857605,0.47999998927116394,C22D22
11,0.6855684518814087,0.5505555272102356,0.6987639665603638,0.47999998927116394,C22D22
12,0.6822121739387512,0.5672222375869751,0.6997326016426086,0.47999998927116394,C22D22
13,0.6861207485198975,0.5472221970558167,0.6993412971496582,0.47999998927116394,C22D22
14,0.6800531148910522,0.5788888931274414,0.6992598176002502,0.47999998927116394,C22D22
15,0.6808689832687378,0.5755555629730225,0.7013121247291565,0.47999998927116394,C22D22
16,0.6830856204032898,0.5655555725097656,0.6983724236488342,0.47999998927116394,C22D22
17,0.684019923210144,0.5522222518920898,0.7007021307945251,0.47999998927116394,C22D22
18,0.6792925596237183,0.574999988079071,0.6994754076004028,0.47999998927116394,C22D22
19,0.6836524605751038,0.5605555772781372,0.6992310881614685,0.47999998927116394,C22D22
