index,loss,categorical_accuracy,val_loss,val_categorical_accuracy,model
0,0.6892939805984497,0.5422222018241882,0.6886395215988159,0.5450000166893005,C21D22
1,0.688914954662323,0.5366666913032532,0.6889052391052246,0.5450000166893005,C21D22
2,0.6883395910263062,0.5533333420753479,0.6887260675430298,0.5450000166893005,C21D22
3,0.6883628964424133,0.5411111116409302,0.688567578792572,0.5450000166893005,C21D22
4,0.6877344846725464,0.5372222065925598,0.6884415149688721,0.5450000166893005,C21D22
5,0.6863929033279419,0.5494444370269775,0.6886953711509705,0.5450000166893005,C21D22
6,0.6872504353523254,0.5444444417953491,0.688612699508667,0.5450000166893005,C21D22
7,0.6855597496032715,0.5572222471237183,0.6884182691574097,0.5450000166893005,C21D22
8,0.684585690498352,0.5649999976158142,0.6878808736801147,0.5450000166893005,C21D22
9,0.6891741752624512,0.5422222018241882,0.6882851123809814,0.5450000166893005,C21D22
10,0.6869916319847107,0.5527777671813965,0.6882085204124451,0.5450000166893005,C21D22
11,0.6887895464897156,0.5311111211776733,0.6882420182228088,0.5450000166893005,C21D22
12,0.6856934428215027,0.5550000071525574,0.6880902051925659,0.5450000166893005,C21D22
13,0.6873248219490051,0.550000011920929,0.6882545351982117,0.5450000166893005,C21D22
14,0.6840198636054993,0.5600000023841858,0.6879477500915527,0.5450000166893005,C21D22
15,0.6851074695587158,0.5627777576446533,0.6877392530441284,0.5450000166893005,C21D22
16,0.6865324378013611,0.5588889122009277,0.6887491345405579,0.5450000166893005,C21D22
17,0.6898120045661926,0.5388888716697693,0.6887620687484741,0.5450000166893005,C21D22
18,0.6852986812591553,0.5538889169692993,0.6886830925941467,0.5450000166893005,C21D22
19,0.682702898979187,0.5805555582046509,0.6874274611473083,0.5450000166893005,C21D22
