index,loss,categorical_accuracy,val_loss,val_categorical_accuracy,model
0,0.4454527795314789,0.8688889145851135,0.4295690655708313,0.8899999856948853,C12D21
1,0.44916197657585144,0.8605555295944214,0.4413132071495056,0.8700000047683716,C12D21
2,0.4300898611545563,0.8811110854148865,0.42211630940437317,0.8949999809265137,C12D21
3,0.43016916513442993,0.8816666603088379,0.4455232322216034,0.8650000095367432,C12D21
4,0.41738319396972656,0.8955555558204651,0.4396456778049469,0.875,C12D21
5,0.4208473861217499,0.8899999856948853,0.44952940940856934,0.8650000095367432,C12D21
6,0.41153961420059204,0.9044444561004639,0.44701507687568665,0.8550000190734863,C12D21
7,0.40857598185539246,0.9027777910232544,0.43667903542518616,0.875,C12D21
8,0.412792831659317,0.8972222208976746,0.45267120003700256,0.8600000143051147,C12D21
9,0.41202080249786377,0.8999999761581421,0.44924935698509216,0.8650000095367432,C12D21
10,0.4043958783149719,0.9088888764381409,0.46285006403923035,0.8450000286102295,C12D21
11,0.3986334204673767,0.9155555367469788,0.4555720090866089,0.8550000190734863,C12D21
12,0.4017351269721985,0.9116666913032532,0.4677494168281555,0.8450000286102295,C12D21
13,0.39984214305877686,0.9144444465637207,0.43786823749542236,0.875,C12D21
14,0.3908454477787018,0.925000011920929,0.4474997818470001,0.8650000095367432,C12D21
15,0.3901716470718384,0.9233333468437195,0.44096839427948,0.8700000047683716,C12D21
16,0.39416587352752686,0.9200000166893005,0.4376668632030487,0.8700000047683716,C12D21
17,0.38701504468917847,0.9305555820465088,0.4487932324409485,0.8600000143051147,C12D21
18,0.38096126914024353,0.9355555772781372,0.454117089509964,0.8550000190734863,C12D21
19,0.38424888253211975,0.9305555820465088,0.4407934546470642,0.875,C12D21
