index,loss,categorical_accuracy,val_loss,val_categorical_accuracy,model
0,0.482898086309433,0.8288888931274414,0.4774335026741028,0.8349999785423279,C12D22
1,0.4865282475948334,0.824999988079071,0.46434882283210754,0.8500000238418579,C12D22
2,0.47777119278907776,0.8338888883590698,0.4791116416454315,0.8349999785423279,C12D22
3,0.47849056124687195,0.8366666436195374,0.4694547653198242,0.8349999785423279,C12D22
4,0.48930931091308594,0.820555567741394,0.47097742557525635,0.8399999737739563,C12D22
5,0.48300373554229736,0.8261111378669739,0.4808536469936371,0.8299999833106995,C12D22
6,0.4774928689002991,0.8344444632530212,0.48841071128845215,0.824999988079071,C12D22
7,0.47020331025123596,0.8416666388511658,0.47446566820144653,0.8399999737739563,C12D22
8,0.4628067910671234,0.8488888740539551,0.466484934091568,0.8450000286102295,C12D22
9,0.4615776836872101,0.8516666889190674,0.4818359315395355,0.8299999833106995,C12D22
10,0.46345722675323486,0.8488888740539551,0.4812193810939789,0.8299999833106995,C12D22
11,0.4691620171070099,0.8433333039283752,0.4786812663078308,0.8349999785423279,C12D22
12,0.45031341910362244,0.8627777695655823,0.49550896883010864,0.8100000023841858,C12D22
13,0.45400387048721313,0.8594444394111633,0.46825939416885376,0.8450000286102295,C12D22
14,0.46666932106018066,0.8461111187934875,0.4888037443161011,0.8199999928474426,C12D22
15,0.461997926235199,0.8500000238418579,0.4733569324016571,0.8399999737739563,C12D22
16,0.45335882902145386,0.8616666793823242,0.4621981382369995,0.8500000238418579,C12D22
17,0.4507461488246918,0.8611111044883728,0.49563977122306824,0.8149999976158142,C12D22
18,0.4561704099178314,0.8561111092567444,0.45760834217071533,0.8550000190734863,C12D22
19,0.4476127028465271,0.8650000095367432,0.46358177065849304,0.8500000238418579,C12D22
