index,loss,categorical_accuracy,val_loss,val_categorical_accuracy,model
0,0.6577799916267395,0.647777795791626,0.6251301765441895,0.7350000143051147,C32D22
1,0.6505829691886902,0.6549999713897705,0.6265408992767334,0.675000011920929,C32D22
2,0.6456581354141235,0.6577777862548828,0.6152514219284058,0.7250000238418579,C32D22
3,0.6492317318916321,0.6561111211776733,0.6151325702667236,0.7350000143051147,C32D22
4,0.6477659344673157,0.652222216129303,0.6210735440254211,0.6949999928474426,C32D22
5,0.6455808281898499,0.6505555510520935,0.6283960938453674,0.7049999833106995,C32D22
6,0.6375566124916077,0.6655555367469788,0.6125128865242004,0.7099999785423279,C32D22
7,0.6419692635536194,0.6600000262260437,0.6075440049171448,0.7200000286102295,C32D22
8,0.6327714323997498,0.6733333468437195,0.6166139841079712,0.6949999928474426,C32D22
9,0.6362327933311462,0.6666666865348816,0.610568642616272,0.699999988079071,C32D22
10,0.6370908617973328,0.6666666865348816,0.6183153390884399,0.699999988079071,C32D22
11,0.6348897218704224,0.6633333563804626,0.6131420731544495,0.6899999976158142,C32D22
12,0.6286351084709167,0.6772222518920898,0.6100502610206604,0.7099999785423279,C32D22
13,0.6221369504928589,0.6838889122009277,0.6046525835990906,0.7049999833106995,C32D22
14,0.6282600164413452,0.6727777719497681,0.6039661169052124,0.6949999928474426,C32D22
15,0.630845308303833,0.6733333468437195,0.5987485647201538,0.7250000238418579,C32D22
16,0.6296772360801697,0.6661111116409302,0.6062015295028687,0.7049999833106995,C32D22
17,0.6292977333068848,0.6661111116409302,0.5951075553894043,0.7400000095367432,C32D22
18,0.6282713413238525,0.6738888621330261,0.5935900211334229,0.7350000143051147,C32D22
19,0.6269559860229492,0.6744444370269775,0.5952699184417725,0.7300000190734863,C32D22
