index,loss,categorical_accuracy,val_loss,val_categorical_accuracy,model
0,0.4663733243942261,0.8383333086967468,0.47357410192489624,0.8349999785423279,C22D31
1,0.47411686182022095,0.8261111378669739,0.48295506834983826,0.8450000286102295,C22D31
2,0.4775691032409668,0.824999988079071,0.4643786549568176,0.8450000286102295,C22D31
3,0.4616435766220093,0.8494444489479065,0.4891338348388672,0.8149999976158142,C22D31
4,0.46783676743507385,0.8405555486679077,0.48045462369918823,0.824999988079071,C22D31
5,0.47950083017349243,0.8216666579246521,0.4809640645980835,0.8299999833106995,C22D31
6,0.46795418858528137,0.8377777934074402,0.5259853601455688,0.7749999761581421,C22D31
7,0.47134727239608765,0.8361111283302307,0.4653215706348419,0.8399999737739563,C22D31
8,0.46500489115715027,0.8427777886390686,0.48831072449684143,0.8199999928474426,C22D31
9,0.470109760761261,0.8349999785423279,0.5084226727485657,0.7950000166893005,C22D31
10,0.46839356422424316,0.8394444584846497,0.4853542447090149,0.824999988079071,C22D31
11,0.47197285294532776,0.8294444680213928,0.5018014907836914,0.800000011920929,C22D31
12,0.4559411406517029,0.8544444441795349,0.48132410645484924,0.8299999833106995,C22D31
13,0.4683815538883209,0.8344444632530212,0.4611758291721344,0.8550000190734863,C22D31
14,0.4622344672679901,0.8483333587646484,0.5371045470237732,0.7599999904632568,C22D31
15,0.47119736671447754,0.8372222185134888,0.47203555703163147,0.8349999785423279,C22D31
16,0.46187251806259155,0.8450000286102295,0.48974236845970154,0.824999988079071,C22D31
17,0.4580804407596588,0.8505555391311646,0.4785570502281189,0.8299999833106995,C22D31
18,0.47224530577659607,0.8305555582046509,0.46254444122314453,0.8500000238418579,C22D31
19,0.4691773056983948,0.8349999785423279,0.4620082974433899,0.8399999737739563,C22D31
