index,loss,categorical_accuracy,val_loss,val_categorical_accuracy,model
0,0.42894893884658813,0.8811110854148865,0.41432487964630127,0.8849999904632568,C11D11
1,0.42130666971206665,0.8888888955116272,0.42462536692619324,0.8899999856948853,C11D11
2,0.41678759455680847,0.8922222256660461,0.4092176854610443,0.8899999856948853,C11D11
3,0.4057040810585022,0.9049999713897705,0.42521241307258606,0.875,C11D11
4,0.4040464162826538,0.9055555462837219,0.42012545466423035,0.8899999856948853,C11D11
5,0.3945647180080414,0.9177777767181396,0.40861397981643677,0.9100000262260437,C11D11
6,0.3898763358592987,0.9227777719497681,0.4135661721229553,0.8899999856948853,C11D11
7,0.3859440088272095,0.9272222518920898,0.40985357761383057,0.9049999713897705,C11D11
8,0.3803079128265381,0.9355555772781372,0.41816380620002747,0.8899999856948853,C11D11
9,0.37880098819732666,0.9350000023841858,0.411014199256897,0.8999999761581421,C11D11
10,0.3759097158908844,0.9383333325386047,0.41216492652893066,0.8899999856948853,C11D11
11,0.37229788303375244,0.9416666626930237,0.40693092346191406,0.8999999761581421,C11D11
12,0.37049341201782227,0.9444444179534912,0.40723714232444763,0.8949999809265137,C11D11
13,0.368348628282547,0.9466666579246521,0.41027575731277466,0.8949999809265137,C11D11
14,0.36661824584007263,0.948888897895813,0.40769457817077637,0.8999999761581421,C11D11
15,0.3645491898059845,0.9511111378669739,0.40800967812538147,0.8999999761581421,C11D11
16,0.36320191621780396,0.9516666531562805,0.4074864089488983,0.9049999713897705,C11D11
17,0.36301475763320923,0.9516666531562805,0.4121290147304535,0.8899999856948853,C11D11
18,0.36265841126441956,0.95333331823349,0.41389742493629456,0.8949999809265137,C11D11
19,0.3617405593395233,0.95333331823349,0.4135940968990326,0.8899999856948853,C11D11
