index,loss,categorical_accuracy,val_loss,val_categorical_accuracy,model
0,0.690123975276947,0.5255555510520935,0.6952091455459595,0.47999998927116394,C32D11
1,0.6896073222160339,0.5255555510520935,0.6941038370132446,0.47999998927116394,C32D11
2,0.6898137927055359,0.5255555510520935,0.693290650844574,0.47999998927116394,C32D11
3,0.6896838545799255,0.5255555510520935,0.6930157542228699,0.47999998927116394,C32D11
4,0.6892609596252441,0.5255555510520935,0.6930630207061768,0.47999998927116394,C32D11
5,0.6890197992324829,0.5255555510520935,0.6918051838874817,0.47999998927116394,C32D11
6,0.6887226700782776,0.5255555510520935,0.6924591064453125,0.47999998927116394,C32D11
7,0.6891106963157654,0.5255555510520935,0.6914112567901611,0.47999998927116394,C32D11
8,0.6881773471832275,0.5255555510520935,0.6904704570770264,0.47999998927116394,C32D11
9,0.6880722641944885,0.5255555510520935,0.6904506683349609,0.47999998927116394,C32D11
10,0.6872745156288147,0.5255555510520935,0.6896913647651672,0.47999998927116394,C32D11
11,0.6865521669387817,0.5255555510520935,0.69107985496521,0.47999998927116394,C32D11
12,0.6852334141731262,0.5255555510520935,0.6899135708808899,0.47999998927116394,C32D11
13,0.6837789416313171,0.5255555510520935,0.687501072883606,0.47999998927116394,C32D11
14,0.6842997670173645,0.5255555510520935,0.6866921186447144,0.47999998927116394,C32D11
15,0.6825795769691467,0.5261111259460449,0.6843869090080261,0.47999998927116394,C32D11
16,0.68193119764328,0.5255555510520935,0.6834378838539124,0.47999998927116394,C32D11
17,0.6795335412025452,0.527222216129303,0.6835114359855652,0.49000000953674316,C32D11
18,0.6799240708351135,0.5450000166893005,0.6799198985099792,0.5600000023841858,C32D11
19,0.6784781813621521,0.5527777671813965,0.6786277890205383,0.5550000071525574,C32D11
