index,loss,categorical_accuracy,val_loss,val_categorical_accuracy,model
0,0.4882158637046814,0.8133333325386047,0.4819207787513733,0.8050000071525574,C32D31
1,0.47428861260414124,0.8322222232818604,0.47702929377555847,0.824999988079071,C32D31
2,0.47692251205444336,0.8316666483879089,0.4891413748264313,0.800000011920929,C32D31
3,0.47814425826072693,0.8266666531562805,0.4948104918003082,0.8149999976158142,C32D31
4,0.47428974509239197,0.8333333134651184,0.48374491930007935,0.8100000023841858,C32D31
5,0.4695582985877991,0.8338888883590698,0.48003527522087097,0.8199999928474426,C32D31
6,0.4640066623687744,0.8494444489479065,0.48085662722587585,0.8349999785423279,C32D31
7,0.4763391315937042,0.8288888931274414,0.47915974259376526,0.8149999976158142,C32D31
8,0.46958988904953003,0.8399999737739563,0.473901629447937,0.8349999785423279,C32D31
9,0.46230044960975647,0.846666693687439,0.48745331168174744,0.8399999737739563,C32D31
10,0.4605920612812042,0.847777783870697,0.48047858476638794,0.8299999833106995,C32D31
11,0.46570563316345215,0.8427777886390686,0.48260584473609924,0.8149999976158142,C32D31
12,0.460732102394104,0.847777783870697,0.4770750105381012,0.8299999833106995,C32D31
13,0.4625624716281891,0.8433333039283752,0.49330607056617737,0.8100000023841858,C32D31
14,0.46262112259864807,0.8483333587646484,0.4727047383785248,0.824999988079071,C32D31
15,0.45880192518234253,0.851111114025116,0.486339807510376,0.8050000071525574,C32D31
16,0.45155763626098633,0.8561111092567444,0.4805050790309906,0.824999988079071,C32D31
17,0.45594412088394165,0.8544444441795349,0.4741293787956238,0.8349999785423279,C32D31
18,0.4522526264190674,0.8583333492279053,0.4739454984664917,0.8450000286102295,C32D31
19,0.44747060537338257,0.8650000095367432,0.47153809666633606,0.8349999785423279,C32D31
