index,loss,categorical_accuracy,val_loss,val_categorical_accuracy,model
0,0.43697717785835266,0.871666669845581,0.43707168102264404,0.8700000047683716,C31D31
1,0.43244943022727966,0.8755555748939514,0.41271457076072693,0.9049999713897705,C31D31
2,0.4241441786289215,0.8866666555404663,0.5199662446975708,0.7850000262260437,C31D31
3,0.4153898060321808,0.894444465637207,0.45011696219444275,0.8500000238418579,C31D31
4,0.4137643575668335,0.8949999809265137,0.4205523431301117,0.8849999904632568,C31D31
5,0.3962399661540985,0.9172222018241882,0.41230306029319763,0.8999999761581421,C31D31
6,0.39621996879577637,0.9177777767181396,0.40695640444755554,0.9049999713897705,C31D31
7,0.3923978805541992,0.9194444417953491,0.411490797996521,0.8949999809265137,C31D31
8,0.38492146134376526,0.9272222518920898,0.4181419014930725,0.8899999856948853,C31D31
9,0.3805851638317108,0.9333333373069763,0.4153662621974945,0.8949999809265137,C31D31
10,0.37713250517845154,0.9344444274902344,0.41776618361473083,0.8949999809265137,C31D31
11,0.37517011165618896,0.9383333325386047,0.4139002561569214,0.8899999856948853,C31D31
12,0.3719647526741028,0.9411110877990723,0.41645389795303345,0.8949999809265137,C31D31
13,0.3719792068004608,0.9427777528762817,0.4284340739250183,0.8849999904632568,C31D31
14,0.3701236844062805,0.9449999928474426,0.4157821536064148,0.8899999856948853,C31D31
15,0.3659956157207489,0.9483333230018616,0.40822073817253113,0.8999999761581421,C31D31
16,0.3670811057090759,0.9461110830307007,0.41200655698776245,0.8999999761581421,C31D31
17,0.363050252199173,0.9527778029441833,0.415519118309021,0.8899999856948853,C31D31
18,0.362934947013855,0.9505555629730225,0.41871169209480286,0.8799999952316284,C31D31
19,0.36073482036590576,0.95333331823349,0.4201483428478241,0.8849999904632568,C31D31
