index,loss,categorical_accuracy,val_loss,val_categorical_accuracy,model
0,0.442885160446167,0.8661110997200012,0.4443928897380829,0.8700000047683716,C11D11
1,0.4340343475341797,0.8733333349227905,0.45470672845840454,0.8399999737739563,C11D11
2,0.4278334081172943,0.8811110854148865,0.4714973568916321,0.8399999737739563,C11D11
3,0.41762810945510864,0.8949999809265137,0.44550347328186035,0.8650000095367432,C11D11
4,0.4124269187450409,0.8994444608688354,0.4556063711643219,0.8600000143051147,C11D11
5,0.40725013613700867,0.9061111211776733,0.4568435549736023,0.8500000238418579,C11D11
6,0.39891618490219116,0.9138888716697693,0.4612569510936737,0.8550000190734863,C11D11
7,0.39687928557395935,0.9188888669013977,0.46234312653541565,0.8450000286102295,C11D11
8,0.392606645822525,0.9233333468437195,0.4681069552898407,0.8349999785423279,C11D11
9,0.3887782394886017,0.926111102104187,0.4698825180530548,0.8299999833106995,C11D11
10,0.3853026032447815,0.9311110973358154,0.45911362767219543,0.8500000238418579,C11D11
11,0.38303712010383606,0.9344444274902344,0.4630012512207031,0.8349999785423279,C11D11
12,0.3800933361053467,0.9366666674613953,0.462016224861145,0.8450000286102295,C11D11
13,0.37881770730018616,0.9372222423553467,0.4605785608291626,0.8349999785423279,C11D11
14,0.37742334604263306,0.9377777576446533,0.4584357440471649,0.8500000238418579,C11D11
15,0.3770958185195923,0.9377777576446533,0.4617764353752136,0.8399999737739563,C11D11
16,0.37713897228240967,0.9372222423553467,0.45461133122444153,0.8550000190734863,C11D11
17,0.3758520185947418,0.9394444227218628,0.461241215467453,0.8349999785423279,C11D11
18,0.37536531686782837,0.9399999976158142,0.4577615261077881,0.8399999737739563,C11D11
19,0.3750607967376709,0.9399999976158142,0.45793136954307556,0.8550000190734863,C11D11
