index,loss,categorical_accuracy,val_loss,val_categorical_accuracy,model
0,0.474054217338562,0.8338888883590698,0.42129889130592346,0.8849999904632568,C22D12
1,0.4745049476623535,0.8316666483879089,0.4165313243865967,0.8949999809265137,C22D12
2,0.4770893454551697,0.8288888931274414,0.4176689386367798,0.8949999809265137,C22D12
3,0.4679684638977051,0.8366666436195374,0.4202622175216675,0.8949999809265137,C22D12
4,0.47939372062683105,0.824999988079071,0.4120001196861267,0.8999999761581421,C22D12
5,0.4699137806892395,0.8338888883590698,0.41572847962379456,0.8949999809265137,C22D12
6,0.4697762727737427,0.8361111283302307,0.4141162037849426,0.8949999809265137,C22D12
7,0.46520838141441345,0.8444444537162781,0.42203184962272644,0.8899999856948853,C22D12
8,0.4618501365184784,0.8472222089767456,0.4153308570384979,0.8999999761581421,C22D12
9,0.45874083042144775,0.8483333587646484,0.41516003012657166,0.8999999761581421,C22D12
10,0.4728476405143738,0.8299999833106995,0.410929799079895,0.8949999809265137,C22D12
11,0.46633026003837585,0.8377777934074402,0.4201274514198303,0.8899999856948853,C22D12
12,0.46959471702575684,0.8349999785423279,0.41093727946281433,0.8999999761581421,C22D12
13,0.46456295251846313,0.8405555486679077,0.4262343943119049,0.8799999952316284,C22D12
14,0.4646439254283905,0.8411111235618591,0.4184102714061737,0.8849999904632568,C22D12
15,0.46145206689834595,0.8427777886390686,0.4172281324863434,0.8849999904632568,C22D12
16,0.46147891879081726,0.8461111187934875,0.4171064496040344,0.8899999856948853,C22D12
17,0.4600512385368347,0.8505555391311646,0.41646912693977356,0.8899999856948853,C22D12
18,0.4574104845523834,0.851111114025116,0.4105657637119293,0.8899999856948853,C22D12
19,0.45584362745285034,0.852222204208374,0.4118022918701172,0.8899999856948853,C22D12
