index,loss,categorical_accuracy,val_loss,val_categorical_accuracy,model
0,0.5508232712745667,0.7555555701255798,0.46944037079811096,0.8399999737739563,C21D32
1,0.5435885787010193,0.7616666555404663,0.5212545990943909,0.7749999761581421,C21D32
2,0.5416639447212219,0.7688888907432556,0.4906918704509735,0.8100000023841858,C21D32
3,0.5278333425521851,0.777222216129303,0.4548985958099365,0.8600000143051147,C21D32
4,0.5279959440231323,0.778333306312561,0.45526939630508423,0.8550000190734863,C21D32
5,0.5454562306404114,0.7627778053283691,0.4947531521320343,0.8149999976158142,C21D32
6,0.5384321808815002,0.7627778053283691,0.47211623191833496,0.8450000286102295,C21D32
7,0.543815016746521,0.7588889002799988,0.4711815118789673,0.8399999737739563,C21D32
8,0.5348886251449585,0.773888885974884,0.4623333811759949,0.8500000238418579,C21D32
9,0.5289454460144043,0.7733333110809326,0.4769573509693146,0.8349999785423279,C21D32
10,0.5399575233459473,0.7644444704055786,0.4570823013782501,0.8550000190734863,C21D32
11,0.5367797613143921,0.7683333158493042,0.4780721962451935,0.8299999833106995,C21D32
12,0.5373684763908386,0.7672222256660461,0.4638552963733673,0.8450000286102295,C21D32
13,0.5407054424285889,0.7661111354827881,0.48923683166503906,0.824999988079071,C21D32
14,0.5363276600837708,0.769444465637207,0.4589182138442993,0.8500000238418579,C21D32
15,0.5403315424919128,0.7649999856948853,0.4784046411514282,0.8349999785423279,C21D32
16,0.5430004000663757,0.7611111402511597,0.4729461967945099,0.8349999785423279,C21D32
17,0.5320713520050049,0.772777795791626,0.48764342069625854,0.824999988079071,C21D32
18,0.5390788912773132,0.769444465637207,0.46170493960380554,0.8450000286102295,C21D32
19,0.5319657325744629,0.7733333110809326,0.45970603823661804,0.8450000286102295,C21D32
