index,loss,categorical_accuracy,val_loss,val_categorical_accuracy,model
0,0.6047419309616089,0.6977777481079102,0.5727736949920654,0.75,C32D32
1,0.6087980270385742,0.6850000023841858,0.5767360925674438,0.7400000095367432,C32D32
2,0.6025293469429016,0.7111111283302307,0.5734409689903259,0.7599999904632568,C32D32
3,0.6027989387512207,0.7083333134651184,0.5716533064842224,0.75,C32D32
4,0.5974101424217224,0.7061111330986023,0.5710499286651611,0.7400000095367432,C32D32
5,0.5979817509651184,0.7083333134651184,0.5677018761634827,0.7599999904632568,C32D32
6,0.5974462032318115,0.7055555582046509,0.5700314044952393,0.7300000190734863,C32D32
7,0.5988625884056091,0.7083333134651184,0.566368818283081,0.7649999856948853,C32D32
8,0.6053755283355713,0.6905555725097656,0.5657913088798523,0.7549999952316284,C32D32
9,0.5923604369163513,0.7088888883590698,0.563295841217041,0.7549999952316284,C32D32
10,0.5941691994667053,0.7099999785423279,0.5704036951065063,0.7250000238418579,C32D32
11,0.5899632573127747,0.7166666388511658,0.5609954595565796,0.7599999904632568,C32D32
12,0.5976174473762512,0.7072222232818604,0.5632599592208862,0.7599999904632568,C32D32
13,0.5842199325561523,0.7205555438995361,0.5705958008766174,0.7099999785423279,C32D32
14,0.5960526466369629,0.7077777981758118,0.5763442516326904,0.7149999737739563,C32D32
15,0.5912880897521973,0.7049999833106995,0.5583617687225342,0.7749999761581421,C32D32
16,0.5854536294937134,0.7233333587646484,0.5644073486328125,0.7350000143051147,C32D32
17,0.5848073959350586,0.7222222089767456,0.5730460286140442,0.7149999737739563,C32D32
18,0.5869212746620178,0.7155555486679077,0.5979004502296448,0.6850000023841858,C32D32
19,0.5849413275718689,0.7244444489479065,0.5683963894844055,0.7350000143051147,C32D32
