index,loss,categorical_accuracy,val_loss,val_categorical_accuracy,model
0,0.431427001953125,0.8772222399711609,0.44714972376823425,0.8650000095367432,C11D31
1,0.4232628345489502,0.8849999904632568,0.45216450095176697,0.8500000238418579,C11D31
2,0.4163020849227905,0.8927778005599976,0.4386574625968933,0.875,C11D31
3,0.4073062837123871,0.9049999713897705,0.4392026960849762,0.875,C11D31
4,0.39887821674346924,0.9122222065925598,0.43592438101768494,0.875,C11D31
5,0.39832186698913574,0.9127777814865112,0.4615653157234192,0.8349999785423279,C11D31
6,0.39900586009025574,0.9133333563804626,0.4426229000091553,0.8700000047683716,C11D31
7,0.38887545466423035,0.9227777719497681,0.44920337200164795,0.8650000095367432,C11D31
8,0.3866755962371826,0.9255555272102356,0.43503281474113464,0.875,C11D31
9,0.38108372688293457,0.9344444274902344,0.44414961338043213,0.875,C11D31
10,0.37821364402770996,0.9366666674613953,0.4391788840293884,0.875,C11D31
11,0.3762882947921753,0.9383333325386047,0.45274049043655396,0.8500000238418579,C11D31
12,0.373058944940567,0.9416666626930237,0.44038212299346924,0.8700000047683716,C11D31
13,0.3708776831626892,0.9472222328186035,0.43916863203048706,0.8700000047683716,C11D31
14,0.3687744736671448,0.9472222328186035,0.4459913372993469,0.8600000143051147,C11D31
15,0.36744651198387146,0.949999988079071,0.4434419870376587,0.8650000095367432,C11D31
16,0.36626505851745605,0.949999988079071,0.43622004985809326,0.8700000047683716,C11D31
17,0.3662358820438385,0.949999988079071,0.44128790497779846,0.8700000047683716,C11D31
18,0.36518242955207825,0.9505555629730225,0.43997618556022644,0.8700000047683716,C11D31
19,0.3633021116256714,0.9538888931274414,0.4402204751968384,0.875,C11D31
