index,loss,categorical_accuracy,val_loss,val_categorical_accuracy,model
0,0.5521093010902405,0.7494444251060486,0.4915834069252014,0.8199999928474426,C21D21
1,0.5463626980781555,0.7599999904632568,0.5180348753929138,0.7850000262260437,C21D21
2,0.5441738963127136,0.7688888907432556,0.5133621692657471,0.7950000166893005,C21D21
3,0.5440347790718079,0.7611111402511597,0.48739975690841675,0.8299999833106995,C21D21
4,0.5444216728210449,0.7594444155693054,0.5248298048973083,0.7699999809265137,C21D21
5,0.5360832214355469,0.769444465637207,0.4971579611301422,0.800000011920929,C21D21
6,0.5486688613891602,0.7561110854148865,0.5081839561462402,0.8050000071525574,C21D21
7,0.5455828309059143,0.7583333253860474,0.5049842596054077,0.8100000023841858,C21D21
8,0.5425832271575928,0.7555555701255798,0.4959358274936676,0.8100000023841858,C21D21
9,0.5381556153297424,0.7622222304344177,0.5240337252616882,0.7749999761581421,C21D21
10,0.538327693939209,0.7699999809265137,0.5272424817085266,0.7699999809265137,C21D21
11,0.5356076955795288,0.7683333158493042,0.4938768148422241,0.8149999976158142,C21D21
12,0.548012912273407,0.7511110901832581,0.4931527376174927,0.8100000023841858,C21D21
13,0.5472512245178223,0.7566666603088379,0.5004993081092834,0.800000011920929,C21D21
14,0.5331118702888489,0.7688888907432556,0.48655861616134644,0.8349999785423279,C21D21
15,0.5406879782676697,0.7616666555404663,0.4847995638847351,0.824999988079071,C21D21
16,0.5355836749076843,0.7749999761581421,0.5232329368591309,0.7649999856948853,C21D21
17,0.5315644145011902,0.772777795791626,0.5036959648132324,0.800000011920929,C21D21
18,0.5428327322006226,0.7677778005599976,0.5315857529640198,0.7599999904632568,C21D21
19,0.5383703112602234,0.7677778005599976,0.4978778064250946,0.8149999976158142,C21D21
