index,loss,categorical_accuracy,val_loss,val_categorical_accuracy,model
0,0.5241175889968872,0.7805555462837219,0.45466673374176025,0.8650000095367432,C32D21
1,0.530155599117279,0.7744444608688354,0.4634324014186859,0.8550000190734863,C32D21
2,0.5372430086135864,0.7705555558204651,0.4602988362312317,0.8500000238418579,C32D21
3,0.522255003452301,0.7872222065925598,0.472435861825943,0.8399999737739563,C32D21
4,0.5315365791320801,0.7705555558204651,0.45665138959884644,0.8550000190734863,C32D21
5,0.5207039713859558,0.7877777814865112,0.46531376242637634,0.8500000238418579,C32D21
6,0.5220268368721008,0.7861111164093018,0.48523762822151184,0.824999988079071,C32D21
7,0.5232266783714294,0.7850000262260437,0.45870301127433777,0.8450000286102295,C32D21
8,0.5212544202804565,0.7816666960716248,0.4512033760547638,0.8550000190734863,C32D21
9,0.5362578630447388,0.7672222256660461,0.4790981411933899,0.824999988079071,C32D21
10,0.5209475159645081,0.7788888812065125,0.4620591104030609,0.8399999737739563,C32D21
11,0.5155224800109863,0.7950000166893005,0.5115012526512146,0.7950000166893005,C32D21
12,0.52439284324646,0.7766666412353516,0.493356317281723,0.8100000023841858,C32D21
13,0.519239068031311,0.7911111116409302,0.4463594853878021,0.875,C32D21
14,0.5157642960548401,0.7927777767181396,0.4776991903781891,0.8299999833106995,C32D21
15,0.5166077613830566,0.7933333516120911,0.46435120701789856,0.8450000286102295,C32D21
16,0.5187703967094421,0.7866666913032532,0.4616292715072632,0.8349999785423279,C32D21
17,0.5059515237808228,0.801111102104187,0.4724700450897217,0.824999988079071,C32D21
18,0.5216856598854065,0.7877777814865112,0.4836817979812622,0.8299999833106995,C32D21
19,0.5164657831192017,0.7933333516120911,0.46930041909217834,0.8399999737739563,C32D21
