index,loss,categorical_accuracy,val_loss,val_categorical_accuracy,model
0,0.3756127953529358,0.9417074918746948,0.3668860197067261,0.9466436505317688,C21D12
1,0.3713171184062958,0.9419652223587036,0.3667508065700531,0.9466436505317688,C21D12
2,0.37131476402282715,0.9419652223587036,0.3667069673538208,0.9466436505317688,C21D12
