index,loss,categorical_accuracy,val_loss,val_categorical_accuracy,model
0,0.4375821053981781,0.8744444251060486,0.4341807961463928,0.8799999952316284,C12D32
1,0.4368230402469635,0.8733333349227905,0.4271572232246399,0.8849999904632568,C12D32
2,0.4304731786251068,0.8811110854148865,0.43213996291160583,0.875,C12D32
3,0.4286252558231354,0.8822222352027893,0.42212188243865967,0.8849999904632568,C12D32
4,0.42376935482025146,0.8883333206176758,0.4280202090740204,0.875,C12D32
5,0.4234854578971863,0.8894444704055786,0.42460909485816956,0.8849999904632568,C12D32
6,0.42064714431762695,0.8933333158493042,0.46386054158210754,0.8450000286102295,C12D32
7,0.4291158616542816,0.8838889002799988,0.4258865416049957,0.8849999904632568,C12D32
8,0.4105731248855591,0.9027777910232544,0.4241052567958832,0.8849999904632568,C12D32
9,0.41468408703804016,0.8994444608688354,0.41862553358078003,0.8949999809265137,C12D32
10,0.40835079550743103,0.9066666960716248,0.41831648349761963,0.8949999809265137,C12D32
11,0.4113982021808624,0.9005555510520935,0.4229806661605835,0.8849999904632568,C12D32
12,0.4050160050392151,0.9088888764381409,0.4250843822956085,0.8849999904632568,C12D32
13,0.4105601906776428,0.9044444561004639,0.4235072433948517,0.8899999856948853,C12D32
14,0.40646106004714966,0.9077777862548828,0.4198627471923828,0.8949999809265137,C12D32
15,0.4068395793437958,0.9094444513320923,0.4218007028102875,0.8899999856948853,C12D32
16,0.4027085602283478,0.9100000262260437,0.41331055760383606,0.8999999761581421,C12D32
17,0.3972542881965637,0.9150000214576721,0.41382792592048645,0.9049999713897705,C12D32
18,0.3932153880596161,0.92166668176651,0.4239308834075928,0.8899999856948853,C12D32
19,0.39455658197402954,0.9205555319786072,0.4219379425048828,0.8849999904632568,C12D32
