index,loss,categorical_accuracy,val_loss,val_categorical_accuracy,model
0,0.542561411857605,0.7688888907432556,0.529212236404419,0.7799999713897705,C22D22
1,0.5500401258468628,0.7583333253860474,0.5311623215675354,0.7850000262260437,C22D22
2,0.5501514673233032,0.7572222352027893,0.539931058883667,0.7699999809265137,C22D22
3,0.5493091940879822,0.7588889002799988,0.5265175104141235,0.7799999713897705,C22D22
4,0.5407229065895081,0.7716666460037231,0.5191882848739624,0.7900000214576721,C22D22
5,0.5329726338386536,0.7827777862548828,0.5138958096504211,0.800000011920929,C22D22
6,0.5512081980705261,0.7594444155693054,0.5353331565856934,0.7749999761581421,C22D22
7,0.5507462024688721,0.7555555701255798,0.5308407545089722,0.7749999761581421,C22D22
8,0.5465707778930664,0.7611111402511597,0.5340125560760498,0.7699999809265137,C22D22
9,0.5525966286659241,0.7555555701255798,0.5507845878601074,0.7599999904632568,C22D22
10,0.5504981279373169,0.7594444155693054,0.5132155418395996,0.7950000166893005,C22D22
11,0.5423994660377502,0.7711111307144165,0.5154445171356201,0.7850000262260437,C22D22
12,0.5403000712394714,0.7683333158493042,0.5422085523605347,0.7749999761581421,C22D22
13,0.5461133718490601,0.7638888955116272,0.5228716135025024,0.7900000214576721,C22D22
14,0.5487858653068542,0.7627778053283691,0.5340127944946289,0.7749999761581421,C22D22
15,0.5348830819129944,0.7766666412353516,0.5189477205276489,0.7950000166893005,C22D22
16,0.5368087887763977,0.7749999761581421,0.5255276560783386,0.7900000214576721,C22D22
17,0.526982843875885,0.7861111164093018,0.5215004086494446,0.7900000214576721,C22D22
18,0.5313247442245483,0.7816666960716248,0.5188758969306946,0.7850000262260437,C22D22
19,0.5355871915817261,0.7722222208976746,0.5273540616035461,0.7850000262260437,C22D22
