index,loss,categorical_accuracy,val_loss,val_categorical_accuracy,model
0,0.4400685429573059,0.8733333349227905,0.43391141295433044,0.8799999952316284,C31D21
1,0.43486320972442627,0.879444420337677,0.4294605255126953,0.8899999856948853,C31D21
2,0.42401015758514404,0.8911111354827881,0.41845786571502686,0.8949999809265137,C31D21
3,0.42369502782821655,0.8911111354827881,0.4194939434528351,0.8999999761581421,C31D21
4,0.41893231868743896,0.8933333158493042,0.4387093484401703,0.8700000047683716,C31D21
5,0.4141375422477722,0.898888885974884,0.4201376438140869,0.8949999809265137,C31D21
6,0.4171951711177826,0.8966666460037231,0.4415554702281952,0.8700000047683716,C31D21
7,0.4135209023952484,0.8999999761581421,0.4203111231327057,0.8949999809265137,C31D21
8,0.4036310613155365,0.9122222065925598,0.44323188066482544,0.8700000047683716,C31D21
9,0.41029253602027893,0.902222216129303,0.4369615316390991,0.8650000095367432,C31D21
10,0.39833927154541016,0.9155555367469788,0.43727362155914307,0.8849999904632568,C31D21
11,0.402112752199173,0.9122222065925598,0.4272103011608124,0.8849999904632568,C31D21
12,0.3941551148891449,0.9205555319786072,0.41298946738243103,0.8999999761581421,C31D21
13,0.38506096601486206,0.9322222471237183,0.4130440950393677,0.8999999761581421,C31D21
14,0.3832656741142273,0.9327777624130249,0.42134177684783936,0.8899999856948853,C31D21
15,0.37873953580856323,0.9383333325386047,0.4338949918746948,0.8799999952316284,C31D21
16,0.38112831115722656,0.9355555772781372,0.4248141050338745,0.8849999904632568,C31D21
17,0.3788403570652008,0.9372222423553467,0.42588162422180176,0.8899999856948853,C31D21
18,0.3780384957790375,0.9383333325386047,0.425253301858902,0.8899999856948853,C31D21
19,0.37590786814689636,0.9394444227218628,0.41591373085975647,0.8999999761581421,C31D21
