index,loss,categorical_accuracy,val_loss,val_categorical_accuracy,model
0,0.46154361963272095,0.8444444537162781,0.44128096103668213,0.8700000047683716,C22D11
1,0.45989248156547546,0.8433333039283752,0.44705405831336975,0.8550000190734863,C22D11
2,0.46474817395210266,0.8433333039283752,0.45356079936027527,0.8500000238418579,C22D11
3,0.4574137330055237,0.8516666889190674,0.43203631043434143,0.8799999952316284,C22D11
4,0.45354828238487244,0.8505555391311646,0.4331916868686676,0.8899999856948853,C22D11
5,0.45972585678100586,0.8472222089767456,0.43821170926094055,0.8550000190734863,C22D11
6,0.44774219393730164,0.8594444394111633,0.446248322725296,0.8450000286102295,C22D11
7,0.45882362127304077,0.852222204208374,0.436454176902771,0.8650000095367432,C22D11
8,0.45987629890441895,0.8494444489479065,0.4414494037628174,0.8700000047683716,C22D11
9,0.450581431388855,0.8577777743339539,0.43060505390167236,0.8700000047683716,C22D11
10,0.4543556272983551,0.852222204208374,0.4380509853363037,0.8700000047683716,C22D11
11,0.45235705375671387,0.8550000190734863,0.44145122170448303,0.8600000143051147,C22D11
12,0.45031678676605225,0.855555534362793,0.44084206223487854,0.8600000143051147,C22D11
13,0.4493955075740814,0.8572221994400024,0.4311891496181488,0.8650000095367432,C22D11
14,0.44701525568962097,0.8600000143051147,0.439676970243454,0.8650000095367432,C22D11
15,0.4572414755821228,0.8500000238418579,0.4364641308784485,0.8650000095367432,C22D11
16,0.449141263961792,0.855555534362793,0.45186924934387207,0.8450000286102295,C22D11
17,0.45140373706817627,0.8588888645172119,0.4488505423069,0.8500000238418579,C22D11
18,0.4391079246997833,0.8711110949516296,0.440046489238739,0.8650000095367432,C22D11
19,0.4430813491344452,0.8644444346427917,0.43984454870224,0.8650000095367432,C22D11
