index,loss,categorical_accuracy,val_loss,val_categorical_accuracy,model
0,0.6891301870346069,0.5377777814865112,0.6891574263572693,0.5450000166893005,C22D22
1,0.6890193819999695,0.5483333468437195,0.689131498336792,0.5450000166893005,C22D22
2,0.6892398595809937,0.5338888764381409,0.689127504825592,0.5450000166893005,C22D22
3,0.6891317963600159,0.5388888716697693,0.6891054511070251,0.5450000166893005,C22D22
4,0.6891242861747742,0.5438888669013977,0.6890913248062134,0.5450000166893005,C22D22
5,0.6891928911209106,0.5411111116409302,0.6890801787376404,0.5450000166893005,C22D22
6,0.6902952790260315,0.5338888764381409,0.6890952587127686,0.5450000166893005,C22D22
7,0.6877068281173706,0.5527777671813965,0.6890585422515869,0.5450000166893005,C22D22
8,0.6887286305427551,0.5388888716697693,0.6890621781349182,0.5450000166893005,C22D22
9,0.6887445449829102,0.5450000166893005,0.6890278458595276,0.5450000166893005,C22D22
10,0.6879292726516724,0.5461111068725586,0.6890360116958618,0.5450000166893005,C22D22
11,0.6904206275939941,0.5316666960716248,0.6891153454780579,0.5450000166893005,C22D22
12,0.6901323795318604,0.5377777814865112,0.6891375780105591,0.5450000166893005,C22D22
13,0.6896957755088806,0.5366666913032532,0.689140260219574,0.5450000166893005,C22D22
14,0.6905953884124756,0.5333333611488342,0.6891492605209351,0.5450000166893005,C22D22
15,0.6883673071861267,0.5455555319786072,0.6890953183174133,0.5450000166893005,C22D22
16,0.6869515180587769,0.5505555272102356,0.6887587904930115,0.5450000166893005,C22D22
17,0.687889814376831,0.5422222018241882,0.6887037754058838,0.5450000166893005,C22D22
18,0.6889438033103943,0.54666668176651,0.6888176202774048,0.5450000166893005,C22D22
19,0.6882449388504028,0.5461111068725586,0.6885422468185425,0.5450000166893005,C22D22
