index,loss,categorical_accuracy,val_loss,val_categorical_accuracy,model
0,0.7024298310279846,0.5183333158493042,0.6927684545516968,0.5249999761581421,C22D31
1,0.692110002040863,0.5277777910232544,0.693978488445282,0.4300000071525574,C22D31
2,0.692707359790802,0.5122222304344177,0.6943553686141968,0.4300000071525574,C22D31
3,0.6924182772636414,0.522777795791626,0.6942703127861023,0.42500001192092896,C22D31
4,0.6907842755317688,0.5350000262260437,0.694762647151947,0.4300000071525574,C22D31
5,0.6919847130775452,0.5149999856948853,0.6945182681083679,0.4300000071525574,C22D31
6,0.6906126737594604,0.5199999809265137,0.6946700215339661,0.4300000071525574,C22D31
7,0.6904526948928833,0.5255555510520935,0.6948205828666687,0.4300000071525574,C22D31
8,0.6908904910087585,0.5244444608688354,0.6949673295021057,0.4300000071525574,C22D31
9,0.6923667788505554,0.5177778005599976,0.694953978061676,0.4300000071525574,C22D31
10,0.6903424859046936,0.5155555605888367,0.6942689418792725,0.4300000071525574,C22D31
11,0.6916411519050598,0.5116666555404663,0.6940026879310608,0.4300000071525574,C22D31
12,0.6898030042648315,0.5366666913032532,0.6933121681213379,0.44999998807907104,C22D31
13,0.6884596347808838,0.5288888812065125,0.6920849084854126,0.4699999988079071,C22D31
14,0.6884586811065674,0.5244444608688354,0.6914004683494568,0.5199999809265137,C22D31
15,0.6881920695304871,0.5350000262260437,0.6910585165023804,0.5199999809265137,C22D31
16,0.6860756278038025,0.5400000214576721,0.6898778676986694,0.5550000071525574,C22D31
17,0.6880757212638855,0.5433333516120911,0.6861642599105835,0.6549999713897705,C22D31
18,0.6860113143920898,0.5411111116409302,0.6867614984512329,0.6150000095367432,C22D31
19,0.6824019551277161,0.5666666626930237,0.6824787855148315,0.6700000166893005,C22D31
