index,loss,categorical_accuracy,val_loss,val_categorical_accuracy,model
0,0.5490689873695374,0.769444465637207,0.5326078534126282,0.7900000214576721,C11D22
1,0.5431972146034241,0.7627778053283691,0.5540921092033386,0.7649999856948853,C11D22
2,0.5443375706672668,0.7633333206176758,0.5500389337539673,0.7649999856948853,C11D22
3,0.5431450009346008,0.7672222256660461,0.5410979390144348,0.7799999713897705,C11D22
4,0.542738676071167,0.7649999856948853,0.5283684134483337,0.7699999809265137,C11D22
5,0.5386433005332947,0.773888885974884,0.5328229665756226,0.7850000262260437,C11D22
6,0.5296460390090942,0.7816666960716248,0.5170870423316956,0.800000011920929,C11D22
7,0.5276045203208923,0.7861111164093018,0.5355706214904785,0.7799999713897705,C11D22
8,0.5322660207748413,0.7794444561004639,0.5276771783828735,0.7900000214576721,C11D22
9,0.5247769355773926,0.7872222065925598,0.513467013835907,0.8149999976158142,C11D22
10,0.5199024677276611,0.7933333516120911,0.5295082330703735,0.7950000166893005,C11D22
11,0.5154178738594055,0.7994444370269775,0.5156538486480713,0.800000011920929,C11D22
12,0.5084311366081238,0.8094444274902344,0.5202413201332092,0.7850000262260437,C11D22
13,0.5146738290786743,0.7977777719497681,0.5116303563117981,0.8050000071525574,C11D22
14,0.504647433757782,0.8050000071525574,0.5199944972991943,0.7900000214576721,C11D22
15,0.5058539509773254,0.8127777576446533,0.5149461627006531,0.7950000166893005,C11D22
16,0.5056599378585815,0.8083333373069763,0.5122830271720886,0.8050000071525574,C11D22
17,0.5078774094581604,0.800000011920929,0.5168929100036621,0.7900000214576721,C11D22
18,0.5048934817314148,0.8083333373069763,0.5046853423118591,0.8149999976158142,C11D22
19,0.49225887656211853,0.8277778029441833,0.5078011751174927,0.8050000071525574,C11D22
