index,loss,categorical_accuracy,val_loss,val_categorical_accuracy,model
0,0.5238500237464905,0.7766666412353516,0.5123880505561829,0.7799999713897705,C22D11
1,0.5198254585266113,0.7766666412353516,0.5160195231437683,0.7749999761581421,C22D11
2,0.514529287815094,0.7922222018241882,0.5136616230010986,0.7749999761581421,C22D11
3,0.5108964443206787,0.7950000166893005,0.5073010921478271,0.7850000262260437,C22D11
4,0.5084855556488037,0.7983333468437195,0.5095201730728149,0.7699999809265137,C22D11
5,0.5211741924285889,0.778333306312561,0.5104993581771851,0.7699999809265137,C22D11
6,0.5118957161903381,0.7922222018241882,0.5075843930244446,0.7799999713897705,C22D11
7,0.5143693685531616,0.7850000262260437,0.5091684460639954,0.7749999761581421,C22D11
8,0.5155795812606812,0.7872222065925598,0.5080595016479492,0.7749999761581421,C22D11
9,0.5062114000320435,0.8027777671813965,0.5113659501075745,0.7749999761581421,C22D11
10,0.5053352117538452,0.8050000071525574,0.5030944347381592,0.7950000166893005,C22D11
11,0.5019355416297913,0.8061110973358154,0.5059405565261841,0.7900000214576721,C22D11
12,0.5052388310432434,0.7950000166893005,0.5058777332305908,0.7950000166893005,C22D11
13,0.5123633146286011,0.7883333563804626,0.5047279596328735,0.800000011920929,C22D11
14,0.5049645900726318,0.79666668176651,0.5057265758514404,0.7850000262260437,C22D11
15,0.4998183846473694,0.8083333373069763,0.5091331005096436,0.7699999809265137,C22D11
16,0.500042200088501,0.8116666674613953,0.5033704042434692,0.7900000214576721,C22D11
17,0.5056096315383911,0.7988888621330261,0.5022087693214417,0.7950000166893005,C22D11
18,0.5054413676261902,0.7994444370269775,0.5025454163551331,0.7850000262260437,C22D11
19,0.5039279460906982,0.79666668176651,0.49980199337005615,0.7850000262260437,C22D11
