index,loss,categorical_accuracy,val_loss,val_categorical_accuracy,model
0,0.4498005509376526,0.8622221946716309,0.44064271450042725,0.875,C31D22
1,0.4435986280441284,0.8688889145851135,0.4525323212146759,0.8650000095367432,C31D22
2,0.4438493251800537,0.8694444298744202,0.5139074921607971,0.800000011920929,C31D22
3,0.44043782353401184,0.8738889098167419,0.42270398139953613,0.8899999856948853,C31D22
4,0.42960262298583984,0.8849999904632568,0.4090317487716675,0.9100000262260437,C31D22
5,0.42765700817108154,0.8849999904632568,0.43309468030929565,0.8799999952316284,C31D22
6,0.4304194152355194,0.8844444155693054,0.42912033200263977,0.8849999904632568,C31D22
7,0.4224157929420471,0.8911111354827881,0.48746612668037415,0.8299999833106995,C31D22
8,0.418805867433548,0.8949999809265137,0.43675270676612854,0.8799999952316284,C31D22
9,0.41771745681762695,0.8955555558204651,0.4409794211387634,0.875,C31D22
10,0.421686053276062,0.8938888907432556,0.43716147541999817,0.875,C31D22
11,0.413021445274353,0.9016666412353516,0.4285906255245209,0.8849999904632568,C31D22
12,0.4171150028705597,0.8972222208976746,0.43425533175468445,0.8799999952316284,C31D22
13,0.4145077168941498,0.8994444608688354,0.43484047055244446,0.8799999952316284,C31D22
14,0.41007161140441895,0.9049999713897705,0.4283924996852875,0.8849999904632568,C31D22
15,0.4109651744365692,0.9027777910232544,0.4272085130214691,0.8899999856948853,C31D22
16,0.39085814356803894,0.9255555272102356,0.42896202206611633,0.8849999904632568,C31D22
17,0.40158218145370483,0.9133333563804626,0.42815959453582764,0.8849999904632568,C31D22
18,0.4015014171600342,0.9144444465637207,0.4165600538253784,0.8999999761581421,C31D22
19,0.4024273455142975,0.9133333563804626,0.42176148295402527,0.8949999809265137,C31D22
