index,loss,categorical_accuracy,val_loss,val_categorical_accuracy,model
0,0.3967699706554413,0.9388008117675781,0.37143608927726746,0.9466436505317688,C21D22
1,0.37441807985305786,0.9419652223587036,0.3685949444770813,0.9466436505317688,C21D22
2,0.37294673919677734,0.9419652223587036,0.36775028705596924,0.9466436505317688,C21D22
