index,loss,categorical_accuracy,val_loss,val_categorical_accuracy,model
0,0.37400928139686584,0.9417074918746948,0.3667418360710144,0.9466436505317688,C21D12
1,0.371316134929657,0.9419652223587036,0.36667901277542114,0.9466436505317688,C21D12
2,0.37131446599960327,0.9419652223587036,0.366658478975296,0.9466436505317688,C21D12
