index,loss,categorical_accuracy,val_loss,val_categorical_accuracy,model
0,0.583091139793396,0.7266666889190674,0.5358523726463318,0.7850000262260437,C32D32
1,0.5879778861999512,0.7200000286102295,0.5422229170799255,0.7699999809265137,C32D32
2,0.5950170159339905,0.7022222280502319,0.5406009554862976,0.7850000262260437,C32D32
3,0.583609938621521,0.7144444584846497,0.5475700497627258,0.7699999809265137,C32D32
4,0.5830270648002625,0.7255555391311646,0.5372555255889893,0.7799999713897705,C32D32
5,0.582222044467926,0.7211111187934875,0.5453757643699646,0.7900000214576721,C32D32
6,0.577266275882721,0.7294444441795349,0.5399110913276672,0.7850000262260437,C32D32
7,0.5847672820091248,0.7211111187934875,0.5535221099853516,0.7599999904632568,C32D32
8,0.5779324173927307,0.7283333539962769,0.538992166519165,0.7850000262260437,C32D32
9,0.5845376253128052,0.7155555486679077,0.5434656739234924,0.7749999761581421,C32D32
10,0.5701826810836792,0.742222249507904,0.5788185000419617,0.7250000238418579,C32D32
11,0.5784952640533447,0.7377777695655823,0.5495592355728149,0.75,C32D32
12,0.5820589661598206,0.7183333039283752,0.5365927219390869,0.7799999713897705,C32D32
13,0.5757149457931519,0.7344444394111633,0.5577736496925354,0.75,C32D32
14,0.5847672820091248,0.7194444537162781,0.5327495336532593,0.7799999713897705,C32D32
15,0.5709609389305115,0.7316666841506958,0.5439525842666626,0.7649999856948853,C32D32
16,0.5786969661712646,0.7288888692855835,0.5376090407371521,0.7850000262260437,C32D32
17,0.5860941410064697,0.7161111235618591,0.5326007604598999,0.7850000262260437,C32D32
18,0.5759190320968628,0.7344444394111633,0.5602428317070007,0.7599999904632568,C32D32
19,0.5680025219917297,0.7416666746139526,0.5394461154937744,0.7749999761581421,C32D32
