index,loss,categorical_accuracy,val_loss,val_categorical_accuracy,model
0,0.5432025790214539,0.7661111354827881,0.4857921302318573,0.824999988079071,C12D21
1,0.5308545231819153,0.7777777910232544,0.5141786336898804,0.7950000166893005,C12D21
2,0.5377679467201233,0.7666666507720947,0.5142239332199097,0.800000011920929,C12D21
3,0.532166600227356,0.7733333110809326,0.48931825160980225,0.8199999928474426,C12D21
4,0.5227404236793518,0.7916666865348816,0.48340970277786255,0.8199999928474426,C12D21
5,0.5221633911132812,0.7872222065925598,0.4888492524623871,0.8149999976158142,C12D21
6,0.5093885660171509,0.8027777671813965,0.48637959361076355,0.8349999785423279,C12D21
7,0.5102542042732239,0.8088889122009277,0.5147407650947571,0.7900000214576721,C12D21
8,0.5085740089416504,0.8083333373069763,0.4797857701778412,0.8100000023841858,C12D21
9,0.5042189359664917,0.8105555772781372,0.4783919155597687,0.8100000023841858,C12D21
10,0.4990570843219757,0.8166666626930237,0.4835096597671509,0.824999988079071,C12D21
11,0.49296724796295166,0.8255555629730225,0.47619250416755676,0.8149999976158142,C12D21
12,0.5052696466445923,0.8072222471237183,0.4737522006034851,0.8299999833106995,C12D21
13,0.4988466799259186,0.8172222375869751,0.49689868092536926,0.8050000071525574,C12D21
14,0.4929354190826416,0.8194444179534912,0.46706661581993103,0.8399999737739563,C12D21
15,0.4943540096282959,0.8149999976158142,0.4687793254852295,0.8450000286102295,C12D21
16,0.4843674600124359,0.8261111378669739,0.4614662528038025,0.8299999833106995,C12D21
17,0.4875633120536804,0.8316666483879089,0.4635615646839142,0.8349999785423279,C12D21
18,0.4784693419933319,0.8388888835906982,0.4626489579677582,0.8450000286102295,C12D21
19,0.4819718301296234,0.8288888931274414,0.45939549803733826,0.8399999737739563,C12D21
