index,loss,categorical_accuracy,val_loss,val_categorical_accuracy,model
0,0.6843552589416504,0.5755555629730225,0.677875280380249,0.6549999713897705,C11D32
1,0.6824489831924438,0.5661110877990723,0.673290491104126,0.6200000047683716,C11D32
2,0.6799194812774658,0.5811111330986023,0.6722913980484009,0.6800000071525574,C11D32
3,0.679607629776001,0.57833331823349,0.6696221232414246,0.6600000262260437,C11D32
4,0.678307831287384,0.5794444680213928,0.6658298969268799,0.6399999856948853,C11D32
5,0.6805517673492432,0.5433333516120911,0.6654001474380493,0.6800000071525574,C11D32
6,0.673344075679779,0.5994444489479065,0.6617318987846375,0.6499999761581421,C11D32
7,0.6735304594039917,0.5994444489479065,0.6603575348854065,0.7099999785423279,C11D32
8,0.6697937846183777,0.5994444489479065,0.6562702059745789,0.6800000071525574,C11D32
9,0.6636759638786316,0.5922222137451172,0.6558647751808167,0.6349999904632568,C11D32
10,0.6690933108329773,0.5944444537162781,0.6520779132843018,0.6600000262260437,C11D32
11,0.6659151911735535,0.6027777791023254,0.6478340029716492,0.6899999976158142,C11D32
12,0.6586914658546448,0.6194444298744202,0.6451950669288635,0.6949999928474426,C11D32
13,0.6569589972496033,0.6277777552604675,0.6407819390296936,0.699999988079071,C11D32
14,0.6535629630088806,0.6177777647972107,0.6377353668212891,0.6800000071525574,C11D32
15,0.6526590585708618,0.6372222304344177,0.6338327527046204,0.699999988079071,C11D32
16,0.649389922618866,0.6311110854148865,0.6323474645614624,0.6949999928474426,C11D32
17,0.6462284922599792,0.6338889002799988,0.6411230564117432,0.6200000047683716,C11D32
18,0.6404099464416504,0.6466666460037231,0.6246499419212341,0.699999988079071,C11D32
19,0.6416099667549133,0.6472222208976746,0.6320986151695251,0.6600000262260437,C11D32
