index,loss,categorical_accuracy,val_loss,val_categorical_accuracy,model
0,0.4595523476600647,0.8550000190734863,0.460948646068573,0.8550000190734863,C12D21
1,0.45752885937690735,0.8572221994400024,0.4683295786380768,0.8450000286102295,C12D21
2,0.45146945118904114,0.8605555295944214,0.4680943191051483,0.8349999785423279,C12D21
3,0.4508243203163147,0.8600000143051147,0.4543922543525696,0.8450000286102295,C12D21
4,0.44028475880622864,0.8738889098167419,0.513791024684906,0.7950000166893005,C12D21
5,0.44164371490478516,0.870555579662323,0.4564104974269867,0.8600000143051147,C12D21
6,0.4454667866230011,0.867222249507904,0.4549788236618042,0.8550000190734863,C12D21
7,0.4319166839122772,0.8811110854148865,0.4533909857273102,0.8600000143051147,C12D21
8,0.4272949695587158,0.8855555653572083,0.45297232270240784,0.8550000190734863,C12D21
9,0.4265129864215851,0.8866666555404663,0.45806118845939636,0.8500000238418579,C12D21
10,0.4233969748020172,0.8911111354827881,0.448599636554718,0.8650000095367432,C12D21
11,0.42431172728538513,0.8911111354827881,0.45147693157196045,0.8650000095367432,C12D21
12,0.4227848947048187,0.8927778005599976,0.4554939568042755,0.8500000238418579,C12D21
13,0.4163227081298828,0.9005555510520935,0.4638606011867523,0.8399999737739563,C12D21
14,0.4113193154335022,0.9049999713897705,0.4486266076564789,0.8650000095367432,C12D21
15,0.41125062108039856,0.9055555462837219,0.46913954615592957,0.8349999785423279,C12D21
16,0.4074471592903137,0.9066666960716248,0.44625523686408997,0.8650000095367432,C12D21
17,0.40752696990966797,0.9072222113609314,0.4511352777481079,0.8550000190734863,C12D21
18,0.4156736135482788,0.8999999761581421,0.45891404151916504,0.8550000190734863,C12D21
19,0.3995552659034729,0.9172222018241882,0.46372905373573303,0.8399999737739563,C12D21
