index,loss,categorical_accuracy,val_loss,val_categorical_accuracy,model
0,0.685369074344635,0.5649999976158142,0.6922286748886108,0.48500001430511475,C22D21
1,0.6830986738204956,0.5683333277702332,0.6897756457328796,0.48500001430511475,C22D21
2,0.6820404529571533,0.5788888931274414,0.6890081763267517,0.48500001430511475,C22D21
3,0.6844851970672607,0.5522222518920898,0.6904898881912231,0.48500001430511475,C22D21
4,0.6838988065719604,0.5588889122009277,0.6876683235168457,0.48500001430511475,C22D21
5,0.6847606897354126,0.5622222423553467,0.6895240545272827,0.48500001430511475,C22D21
6,0.6821150779724121,0.5699999928474426,0.6879798769950867,0.48500001430511475,C22D21
7,0.6811286807060242,0.5688889026641846,0.690300464630127,0.48500001430511475,C22D21
8,0.6840311288833618,0.5533333420753479,0.6849905252456665,0.47999998927116394,C22D21
9,0.6783076524734497,0.5822222232818604,0.6876392960548401,0.48500001430511475,C22D21
10,0.6783451437950134,0.5811111330986023,0.6817808747291565,0.5450000166893005,C22D21
11,0.6790870428085327,0.5761111378669739,0.6853407025337219,0.49000000953674316,C22D21
12,0.6779084205627441,0.5716666579246521,0.6799085140228271,0.5600000023841858,C22D21
13,0.6808957457542419,0.5616666674613953,0.6801171898841858,0.550000011920929,C22D21
14,0.675507664680481,0.5838888883590698,0.6813861131668091,0.5400000214576721,C22D21
15,0.6776763200759888,0.5877777934074402,0.6751652359962463,0.5649999976158142,C22D21
16,0.6753312349319458,0.5855555534362793,0.6734286546707153,0.5799999833106995,C22D21
17,0.6743354797363281,0.5855555534362793,0.677642285823822,0.5600000023841858,C22D21
18,0.6726511120796204,0.5961111187934875,0.6688417196273804,0.6200000047683716,C22D21
19,0.6771386861801147,0.5766666531562805,0.6735961437225342,0.5600000023841858,C22D21
