index,loss,categorical_accuracy,val_loss,val_categorical_accuracy,model
0,0.6240599751472473,0.6894444227218628,0.6288803219795227,0.6650000214576721,C32D11
1,0.619426429271698,0.6877777576446533,0.617245078086853,0.6850000023841858,C32D11
2,0.6243069171905518,0.6711111068725586,0.6054975390434265,0.6949999928474426,C32D11
3,0.6194748878479004,0.676111102104187,0.6263260841369629,0.6549999713897705,C32D11
4,0.6123546957969666,0.6938889026641846,0.6303293108940125,0.6449999809265137,C32D11
5,0.6081452369689941,0.6961110830307007,0.6000499129295349,0.6850000023841858,C32D11
6,0.6154745221138,0.6938889026641846,0.6030017137527466,0.6949999928474426,C32D11
7,0.6066628098487854,0.6994444727897644,0.6080612540245056,0.6949999928474426,C32D11
8,0.6004431843757629,0.7061111330986023,0.6112124919891357,0.6899999976158142,C32D11
9,0.5988413095474243,0.7105555534362793,0.5931654572486877,0.7149999737739563,C32D11
10,0.6028905510902405,0.7016666531562805,0.5922935009002686,0.7099999785423279,C32D11
11,0.6016495823860168,0.6983333230018616,0.6194213032722473,0.675000011920929,C32D11
12,0.6012656092643738,0.6961110830307007,0.5874898433685303,0.7250000238418579,C32D11
13,0.5987228155136108,0.7011111378669739,0.6176425814628601,0.6600000262260437,C32D11
14,0.5958939790725708,0.7072222232818604,0.585247814655304,0.7099999785423279,C32D11
15,0.5987040400505066,0.6961110830307007,0.5840743780136108,0.7250000238418579,C32D11
16,0.5872622728347778,0.7116666436195374,0.5844275951385498,0.6949999928474426,C32D11
17,0.5875029563903809,0.7188888788223267,0.5858059525489807,0.7099999785423279,C32D11
18,0.5868127942085266,0.7133333086967468,0.5872049331665039,0.7200000286102295,C32D11
19,0.5962672829627991,0.7044444680213928,0.5881912708282471,0.699999988079071,C32D11
