index,loss,categorical_accuracy,val_loss,val_categorical_accuracy,model
0,0.47455984354019165,0.8322222232818604,0.4189695119857788,0.8899999856948853,C22D11
1,0.47523459792137146,0.8316666483879089,0.4309259057044983,0.8799999952316284,C22D11
2,0.4763975739479065,0.8322222232818604,0.4333125054836273,0.8700000047683716,C22D11
3,0.4675411581993103,0.8455555438995361,0.43519484996795654,0.8799999952316284,C22D11
4,0.4676128923892975,0.8361111283302307,0.42149674892425537,0.8899999856948853,C22D11
5,0.47478604316711426,0.8333333134651184,0.4287826418876648,0.8849999904632568,C22D11
6,0.4681920111179352,0.8383333086967468,0.4298119843006134,0.8849999904632568,C22D11
7,0.46430283784866333,0.8394444584846497,0.42679306864738464,0.875,C22D11
8,0.4683631360530853,0.8361111283302307,0.42810291051864624,0.8700000047683716,C22D11
9,0.47045353055000305,0.8355555534362793,0.4294756054878235,0.8899999856948853,C22D11
10,0.46327880024909973,0.8405555486679077,0.44532328844070435,0.8600000143051147,C22D11
11,0.4645836353302002,0.8450000286102295,0.4308110177516937,0.8849999904632568,C22D11
12,0.4537661671638489,0.8516666889190674,0.4311174750328064,0.875,C22D11
13,0.4670245349407196,0.8399999737739563,0.4259152114391327,0.875,C22D11
14,0.46337369084358215,0.8411111235618591,0.45190078020095825,0.8550000190734863,C22D11
15,0.4694267809391022,0.8383333086967468,0.43196409940719604,0.8799999952316284,C22D11
16,0.4629213511943817,0.846666693687439,0.4252147674560547,0.8899999856948853,C22D11
17,0.4621354043483734,0.8450000286102295,0.4247815012931824,0.8849999904632568,C22D11
18,0.4562664031982422,0.8505555391311646,0.43328216671943665,0.8899999856948853,C22D11
19,0.46052491664886475,0.8494444489479065,0.42622047662734985,0.8849999904632568,C22D11
