index,loss,categorical_accuracy,val_loss,val_categorical_accuracy,model
0,0.372928649187088,0.9418720006942749,0.3666531443595886,0.9466436505317688,C22D12
1,0.37131640315055847,0.9419652223587036,0.3666335642337799,0.9466436505317688,C22D12
2,0.3713143765926361,0.9419652223587036,0.3666265904903412,0.9466436505317688,C22D12
