index,loss,categorical_accuracy,val_loss,val_categorical_accuracy,model
0,0.4789910316467285,0.8277778029441833,0.4487043619155884,0.8600000143051147,C21D11
1,0.48269954323768616,0.8216666579246521,0.43822163343429565,0.8799999952316284,C21D11
2,0.472394734621048,0.8344444632530212,0.4399604797363281,0.8799999952316284,C21D11
3,0.47337889671325684,0.8338888883590698,0.44017547369003296,0.8799999952316284,C21D11
4,0.4751003384590149,0.82833331823349,0.4459889233112335,0.875,C21D11
5,0.46929192543029785,0.8383333086967468,0.44171592593193054,0.875,C21D11
6,0.4694281220436096,0.8333333134651184,0.44273367524147034,0.875,C21D11
7,0.4717720150947571,0.8333333134651184,0.43827834725379944,0.8849999904632568,C21D11
8,0.46345528960227966,0.8405555486679077,0.441699743270874,0.875,C21D11
9,0.4739600419998169,0.8305555582046509,0.4443102777004242,0.875,C21D11
10,0.47494879364967346,0.8311111330986023,0.44527027010917664,0.8600000143051147,C21D11
11,0.464211642742157,0.8461111187934875,0.44889628887176514,0.8650000095367432,C21D11
12,0.4674464464187622,0.8405555486679077,0.4415448307991028,0.875,C21D11
13,0.47115442156791687,0.8294444680213928,0.4457785487174988,0.8500000238418579,C21D11
14,0.4639448821544647,0.8394444584846497,0.4397822618484497,0.8799999952316284,C21D11
15,0.4687919020652771,0.8372222185134888,0.44059884548187256,0.875,C21D11
16,0.47805795073509216,0.8294444680213928,0.44683223962783813,0.875,C21D11
17,0.4628438949584961,0.8444444537162781,0.4440363645553589,0.8550000190734863,C21D11
18,0.47125884890556335,0.8299999833106995,0.4492632746696472,0.8500000238418579,C21D11
19,0.46284809708595276,0.8444444537162781,0.43660658597946167,0.8849999904632568,C21D11
