index,loss,categorical_accuracy,val_loss,val_categorical_accuracy,model
0,0.4641568958759308,0.8427777886390686,0.47667235136032104,0.8299999833106995,C11D12
1,0.4511767029762268,0.8561111092567444,0.4515816569328308,0.8550000190734863,C11D12
2,0.43832603096961975,0.870555579662323,0.4462287127971649,0.8600000143051147,C11D12
3,0.43091583251953125,0.8811110854148865,0.456868439912796,0.8450000286102295,C11D12
4,0.4273965358734131,0.8811110854148865,0.45481643080711365,0.8450000286102295,C11D12
5,0.4196082651615143,0.8883333206176758,0.45134222507476807,0.8600000143051147,C11D12
6,0.4173063635826111,0.8955555558204651,0.4556169807910919,0.8500000238418579,C11D12
7,0.40653088688850403,0.9061111211776733,0.4428523778915405,0.8600000143051147,C11D12
8,0.40123483538627625,0.9111111164093018,0.4683123826980591,0.8399999737739563,C11D12
9,0.3997972905635834,0.9150000214576721,0.45100685954093933,0.8650000095367432,C11D12
10,0.39583951234817505,0.9188888669013977,0.439159631729126,0.8650000095367432,C11D12
11,0.3901711702346802,0.9255555272102356,0.44392719864845276,0.8550000190734863,C11D12
12,0.38805320858955383,0.9272222518920898,0.42652958631515503,0.8849999904632568,C11D12
13,0.3821535110473633,0.9327777624130249,0.43648815155029297,0.8600000143051147,C11D12
14,0.3898760974407196,0.9238888621330261,0.4431339204311371,0.875,C11D12
15,0.3821726441383362,0.9338889122009277,0.459977388381958,0.8500000238418579,C11D12
16,0.3745393455028534,0.9433333277702332,0.4364556074142456,0.875,C11D12
17,0.37289848923683167,0.9449999928474426,0.4351808428764343,0.8700000047683716,C11D12
18,0.3711407482624054,0.9461110830307007,0.4361744225025177,0.8700000047683716,C11D12
19,0.3718978762626648,0.9466666579246521,0.4306514263153076,0.875,C11D12
