index,loss,categorical_accuracy,val_loss,val_categorical_accuracy,model
0,0.44366782903671265,0.8677777647972107,0.43767601251602173,0.875,C12D11
1,0.422571063041687,0.8883333206176758,0.43864068388938904,0.8650000095367432,C12D11
2,0.4113469123840332,0.8999999761581421,0.4361969232559204,0.8700000047683716,C12D11
3,0.4125146269798279,0.8972222208976746,0.43837666511535645,0.8600000143051147,C12D11
4,0.4043586552143097,0.9055555462837219,0.43338704109191895,0.875,C12D11
5,0.39494621753692627,0.9172222018241882,0.4294610321521759,0.8849999904632568,C12D11
6,0.39184144139289856,0.9194444417953491,0.422842413187027,0.8899999856948853,C12D11
7,0.3901282548904419,0.9205555319786072,0.42865777015686035,0.8799999952316284,C12D11
8,0.3859160244464874,0.9272222518920898,0.4460288882255554,0.8700000047683716,C12D11
9,0.3830946981906891,0.9300000071525574,0.4164518713951111,0.8899999856948853,C12D11
10,0.37592095136642456,0.9394444227218628,0.41932857036590576,0.8899999856948853,C12D11
11,0.37218889594078064,0.9427777528762817,0.4174346923828125,0.8949999809265137,C12D11
12,0.37162500619888306,0.9427777528762817,0.4213207960128784,0.8849999904632568,C12D11
13,0.3687591254711151,0.9449999928474426,0.4198072552680969,0.8899999856948853,C12D11
14,0.36885866522789,0.945555567741394,0.4245304465293884,0.8849999904632568,C12D11
15,0.3676585555076599,0.9461110830307007,0.4206487536430359,0.8899999856948853,C12D11
16,0.36642318964004517,0.9472222328186035,0.42248669266700745,0.8899999856948853,C12D11
17,0.3663736879825592,0.9472222328186035,0.42265990376472473,0.8899999856948853,C12D11
18,0.3657700717449188,0.9477777481079102,0.4207724332809448,0.8899999856948853,C12D11
19,0.3665483593940735,0.9466666579246521,0.42592307925224304,0.8799999952316284,C12D11
