index,loss,categorical_accuracy,val_loss,val_categorical_accuracy,model
0,0.4495318830013275,0.8622221946716309,0.49479877948760986,0.8100000023841858,C31D32
1,0.43478959798812866,0.878333330154419,0.4093143939971924,0.8999999761581421,C31D32
2,0.42209592461586,0.8938888907432556,0.42148086428642273,0.8899999856948853,C31D32
3,0.4304325580596924,0.8838889002799988,0.39910590648651123,0.9150000214576721,C31D32
4,0.4258327782154083,0.8861111402511597,0.42846253514289856,0.8849999904632568,C31D32
5,0.41742706298828125,0.8955555558204651,0.4209787845611572,0.8899999856948853,C31D32
6,0.423133909702301,0.8888888955116272,0.4350525736808777,0.8799999952316284,C31D32
7,0.4154234230518341,0.898888885974884,0.40749114751815796,0.9049999713897705,C31D32
8,0.4063754677772522,0.9094444513320923,0.4252306818962097,0.8899999856948853,C31D32
9,0.40374234318733215,0.9122222065925598,0.4122407138347626,0.8999999761581421,C31D32
10,0.41628554463386536,0.8966666460037231,0.44389939308166504,0.8650000095367432,C31D32
11,0.42190298438072205,0.8899999856948853,0.41856566071510315,0.8899999856948853,C31D32
12,0.4044419229030609,0.9111111164093018,0.4088311493396759,0.8999999761581421,C31D32
13,0.393485963344574,0.9211111068725586,0.41207417845726013,0.8949999809265137,C31D32
14,0.40803706645965576,0.9044444561004639,0.39538997411727905,0.9150000214576721,C31D32
15,0.3968837261199951,0.9161111116409302,0.41269809007644653,0.8949999809265137,C31D32
16,0.39396440982818604,0.92166668176651,0.3918581008911133,0.9200000166893005,C31D32
17,0.3930366039276123,0.9200000166893005,0.4276174306869507,0.8799999952316284,C31D32
18,0.3944236934185028,0.9177777767181396,0.39595985412597656,0.9150000214576721,C31D32
19,0.3857649266719818,0.9277777671813965,0.40602433681488037,0.9049999713897705,C31D32
