index,loss,categorical_accuracy,val_loss,val_categorical_accuracy,model
0,0.47436827421188354,0.8299999833106995,0.49806004762649536,0.800000011920929,C21D12
1,0.471620112657547,0.8327777981758118,0.4842663109302521,0.824999988079071,C21D12
2,0.4775545299053192,0.82833331823349,0.4455803632736206,0.8799999952316284,C21D12
3,0.47444862127304077,0.8322222232818604,0.48740240931510925,0.8100000023841858,C21D12
4,0.470272421836853,0.8316666483879089,0.4714086949825287,0.8500000238418579,C21D12
5,0.47783535718917847,0.824999988079071,0.46114543080329895,0.8500000238418579,C21D12
6,0.46309947967529297,0.8494444489479065,0.4845410883426666,0.8100000023841858,C21D12
7,0.461437851190567,0.846666693687439,0.4947456419467926,0.800000011920929,C21D12
8,0.47109830379486084,0.8333333134651184,0.4490995407104492,0.8550000190734863,C21D12
9,0.46462368965148926,0.8388888835906982,0.4596097469329834,0.8500000238418579,C21D12
10,0.4562666714191437,0.8516666889190674,0.45075809955596924,0.8550000190734863,C21D12
11,0.4684910178184509,0.8399999737739563,0.46048685908317566,0.8550000190734863,C21D12
12,0.4659046530723572,0.8399999737739563,0.46283936500549316,0.8399999737739563,C21D12
13,0.4581161439418793,0.847777783870697,0.4488164186477661,0.8600000143051147,C21D12
14,0.45886027812957764,0.8483333587646484,0.4554823935031891,0.8500000238418579,C21D12
15,0.4679609537124634,0.8411111235618591,0.4646087884902954,0.8500000238418579,C21D12
16,0.44907739758491516,0.8594444394111633,0.48998337984085083,0.8100000023841858,C21D12
17,0.46118733286857605,0.8494444489479065,0.4545462429523468,0.8650000095367432,C21D12
18,0.4568726718425751,0.8505555391311646,0.4626263380050659,0.8600000143051147,C21D12
19,0.46075916290283203,0.8500000238418579,0.4757733643054962,0.8399999737739563,C21D12
