index,loss,categorical_accuracy,val_loss,val_categorical_accuracy,model
0,0.4317478835582733,0.882777750492096,0.41163358092308044,0.8999999761581421,C31D32
1,0.4221515357494354,0.8916666507720947,0.40896064043045044,0.8899999856948853,C31D32
2,0.4142054319381714,0.9005555510520935,0.40509361028671265,0.9049999713897705,C31D32
3,0.41975757479667664,0.8955555558204651,0.40968769788742065,0.8999999761581421,C31D32
4,0.4210248589515686,0.8927778005599976,0.40676677227020264,0.8999999761581421,C31D32
5,0.42036718130111694,0.8916666507720947,0.40440434217453003,0.9049999713897705,C31D32
6,0.412225604057312,0.9016666412353516,0.3941134512424469,0.9200000166893005,C31D32
7,0.4087664783000946,0.9049999713897705,0.4026520848274231,0.9100000262260437,C31D32
8,0.408132404088974,0.9061111211776733,0.4052380323410034,0.9049999713897705,C31D32
9,0.4114922881126404,0.8999999761581421,0.4320788085460663,0.875,C31D32
10,0.40029171109199524,0.9144444465637207,0.4195574223995209,0.8949999809265137,C31D32
11,0.4023476243019104,0.9116666913032532,0.42594122886657715,0.8849999904632568,C31D32
12,0.39190274477005005,0.9233333468437195,0.4010016620159149,0.9100000262260437,C31D32
13,0.3978976905345917,0.9144444465637207,0.39450934529304504,0.9200000166893005,C31D32
14,0.4053467810153961,0.9083333611488342,0.39651861786842346,0.9200000166893005,C31D32
15,0.3905620872974396,0.9233333468437195,0.4075429439544678,0.8999999761581421,C31D32
16,0.38653817772865295,0.9277777671813965,0.4198330044746399,0.8899999856948853,C31D32
17,0.387304425239563,0.9288889169692993,0.41457995772361755,0.8999999761581421,C31D32
18,0.38783740997314453,0.9266666769981384,0.4051159918308258,0.9049999713897705,C31D32
19,0.384407639503479,0.9300000071525574,0.412504643201828,0.8999999761581421,C31D32
