index,loss,categorical_accuracy,val_loss,val_categorical_accuracy,model
0,0.4446949064731598,0.8638888597488403,0.49988478422164917,0.7950000166893005,C12D31
1,0.43386411666870117,0.8766666650772095,0.4952775835990906,0.800000011920929,C12D31
2,0.4270896017551422,0.8861111402511597,0.49094101786613464,0.8149999976158142,C12D31
3,0.42664027214050293,0.8838889002799988,0.49184131622314453,0.8199999928474426,C12D31
4,0.4145037829875946,0.897777795791626,0.49477019906044006,0.8050000071525574,C12D31
5,0.41135871410369873,0.9011111259460449,0.4941708743572235,0.8050000071525574,C12D31
6,0.4088267982006073,0.9038888812065125,0.4953325688838959,0.8199999928474426,C12D31
7,0.3997315764427185,0.9172222018241882,0.492294579744339,0.8149999976158142,C12D31
8,0.39699915051460266,0.9177777767181396,0.49793902039527893,0.7950000166893005,C12D31
9,0.3934684097766876,0.9238888621330261,0.49453192949295044,0.800000011920929,C12D31
10,0.3915746808052063,0.9238888621330261,0.4916629493236542,0.8149999976158142,C12D31
11,0.3844023644924164,0.9316666722297668,0.501751184463501,0.7950000166893005,C12D31
12,0.3849649727344513,0.929444432258606,0.4964371919631958,0.8050000071525574,C12D31
13,0.3811243772506714,0.9366666674613953,0.49870315194129944,0.800000011920929,C12D31
14,0.37708452343940735,0.9399999976158142,0.4984327554702759,0.8050000071525574,C12D31
15,0.37775787711143494,0.9411110877990723,0.4949652850627899,0.8149999976158142,C12D31
16,0.3760873079299927,0.9405555725097656,0.4929024875164032,0.8050000071525574,C12D31
17,0.3746581971645355,0.9427777528762817,0.4930686950683594,0.8100000023841858,C12D31
18,0.37206777930259705,0.9461110830307007,0.5020262598991394,0.800000011920929,C12D31
19,0.3717441260814667,0.9449999928474426,0.49969199299812317,0.8100000023841858,C12D31
