index,loss,categorical_accuracy,val_loss,val_categorical_accuracy,model
0,0.6931406259536743,0.5133333206176758,0.693400502204895,0.5099999904632568,C32D21
1,0.6937183737754822,0.5161111354827881,0.692887544631958,0.5099999904632568,C32D21
2,0.6925479173660278,0.5149999856948853,0.6926221251487732,0.5099999904632568,C32D21
3,0.6930601000785828,0.5149999856948853,0.6926005482673645,0.5099999904632568,C32D21
4,0.6931853294372559,0.5155555605888367,0.6927362084388733,0.5099999904632568,C32D21
5,0.6920288801193237,0.5116666555404663,0.6925563812255859,0.5099999904632568,C32D21
6,0.692051351070404,0.5205555558204651,0.6923961043357849,0.5099999904632568,C32D21
7,0.6924030184745789,0.5144444704055786,0.6923682689666748,0.5099999904632568,C32D21
8,0.6927357912063599,0.5149999856948853,0.6923847198486328,0.5099999904632568,C32D21
9,0.6921906471252441,0.5183333158493042,0.6923398375511169,0.5099999904632568,C32D21
10,0.692868709564209,0.5166666507720947,0.6923861503601074,0.5099999904632568,C32D21
11,0.6921761631965637,0.5155555605888367,0.6921440362930298,0.5099999904632568,C32D21
12,0.69106525182724,0.519444465637207,0.6917749643325806,0.5099999904632568,C32D21
13,0.692392110824585,0.5161111354827881,0.6915402412414551,0.5099999904632568,C32D21
14,0.6924073696136475,0.5127778053283691,0.6918163895606995,0.5099999904632568,C32D21
15,0.6921033263206482,0.5172222256660461,0.6914307475090027,0.5099999904632568,C32D21
16,0.6918327212333679,0.523888885974884,0.6917108297348022,0.5099999904632568,C32D21
17,0.6924222111701965,0.522777795791626,0.6916035413742065,0.5099999904632568,C32D21
18,0.6913090944290161,0.5244444608688354,0.6913421154022217,0.5099999904632568,C32D21
19,0.6922031044960022,0.5211111307144165,0.6914713978767395,0.5099999904632568,C32D21
