index,loss,categorical_accuracy,val_loss,val_categorical_accuracy,model
0,0.6722587943077087,0.5961111187934875,0.6772289276123047,0.5649999976158142,C21D12
1,0.6606141924858093,0.6344444155693054,0.6824706196784973,0.5450000166893005,C21D12
2,0.661131739616394,0.6077777743339539,0.6747646927833557,0.5649999976158142,C21D12
3,0.6578822731971741,0.6266666650772095,0.679705798625946,0.5400000214576721,C21D12
4,0.6589699387550354,0.6183333396911621,0.6804468035697937,0.5450000166893005,C21D12
5,0.6530241966247559,0.6238889098167419,0.6864608526229858,0.5400000214576721,C21D12
6,0.6490318179130554,0.6366666555404663,0.6706416606903076,0.5799999833106995,C21D12
7,0.650282621383667,0.628333330154419,0.6880857348442078,0.5400000214576721,C21D12
8,0.6471426486968994,0.6299999952316284,0.6697629690170288,0.5799999833106995,C21D12
9,0.6447211503982544,0.6333333253860474,0.6828340291976929,0.550000011920929,C21D12
10,0.6472389698028564,0.628333330154419,0.6633102893829346,0.5899999737739563,C21D12
11,0.6449713706970215,0.6316666603088379,0.6867542266845703,0.550000011920929,C21D12
12,0.6383214592933655,0.6344444155693054,0.6665834784507751,0.5899999737739563,C21D12
13,0.6353750824928284,0.632777750492096,0.6671246886253357,0.5899999737739563,C21D12
14,0.631946325302124,0.6438888907432556,0.6762750744819641,0.5350000262260437,C21D12
15,0.6325039267539978,0.6511111259460449,0.6712687611579895,0.5649999976158142,C21D12
16,0.6332932114601135,0.6499999761581421,0.6757790446281433,0.5550000071525574,C21D12
17,0.6272435188293457,0.6538888812065125,0.6589314937591553,0.6000000238418579,C21D12
18,0.6302611827850342,0.6577777862548828,0.6645238399505615,0.5899999737739563,C21D12
19,0.6245244145393372,0.6655555367469788,0.6630630493164062,0.5899999737739563,C21D12
