index,loss,categorical_accuracy,val_loss,val_categorical_accuracy,model
0,0.381430447101593,0.9413071274757385,0.36664703488349915,0.9466436505317688,C12D11
1,0.37131717801094055,0.9419652223587036,0.366630882024765,0.9466436505317688,C12D11
2,0.37131467461586,0.9419652223587036,0.36662423610687256,0.9466436505317688,C12D11
