index,loss,categorical_accuracy,val_loss,val_categorical_accuracy,model
0,0.43577519059181213,0.8744444251060486,0.4030703604221344,0.9100000262260437,C11D21
1,0.42944565415382385,0.8833333253860474,0.41741156578063965,0.8899999856948853,C11D21
2,0.4250011444091797,0.8877778053283691,0.41898414492607117,0.8899999856948853,C11D21
3,0.41906145215034485,0.8922222256660461,0.4137532413005829,0.8949999809265137,C11D21
4,0.4184797704219818,0.8911111354827881,0.42245587706565857,0.8899999856948853,C11D21
5,0.41381582617759705,0.8999999761581421,0.4351804852485657,0.8700000047683716,C11D21
6,0.4121389091014862,0.8994444608688354,0.4194703996181488,0.8899999856948853,C11D21
7,0.4052196145057678,0.9077777862548828,0.4266514182090759,0.8799999952316284,C11D21
8,0.4099588096141815,0.9005555510520935,0.42696598172187805,0.8849999904632568,C11D21
9,0.40729832649230957,0.9038888812065125,0.4304136037826538,0.8799999952316284,C11D21
10,0.4005068838596344,0.9138888716697693,0.43505409359931946,0.8700000047683716,C11D21
11,0.40171125531196594,0.9122222065925598,0.4249565005302429,0.8849999904632568,C11D21
12,0.39639192819595337,0.9194444417953491,0.4298079311847687,0.8799999952316284,C11D21
13,0.3907015025615692,0.9211111068725586,0.42960402369499207,0.875,C11D21
14,0.39095500111579895,0.926111102104187,0.44321346282958984,0.8600000143051147,C11D21
15,0.3961915671825409,0.9166666865348816,0.4063680171966553,0.9049999713897705,C11D21
16,0.38604727387428284,0.929444432258606,0.42919617891311646,0.8799999952316284,C11D21
17,0.392477422952652,0.9222221970558167,0.4330270290374756,0.8799999952316284,C11D21
18,0.3836511969566345,0.9283333420753479,0.4190608859062195,0.8849999904632568,C11D21
19,0.39270856976509094,0.9205555319786072,0.42820167541503906,0.8799999952316284,C11D21
