index,loss,categorical_accuracy,val_loss,val_categorical_accuracy,model
0,0.4458805024623871,0.8611111044883728,0.435250461101532,0.8799999952316284,C11D31
1,0.44056087732315063,0.8738889098167419,0.43840131163597107,0.8700000047683716,C11D31
2,0.4324924647808075,0.8805555701255798,0.4477616548538208,0.8799999952316284,C11D31
3,0.4292292594909668,0.8788889050483704,0.4350792169570923,0.8650000095367432,C11D31
4,0.4230720102787018,0.8899999856948853,0.4548053741455078,0.8600000143051147,C11D31
5,0.42156702280044556,0.8933333158493042,0.4308319091796875,0.8899999856948853,C11D31
6,0.4228413701057434,0.8883333206176758,0.43201392889022827,0.8849999904632568,C11D31
7,0.41520145535469055,0.902222216129303,0.4378001093864441,0.8849999904632568,C11D31
8,0.4120524823665619,0.9038888812065125,0.4353064000606537,0.8899999856948853,C11D31
9,0.4104407727718353,0.9061111211776733,0.44948792457580566,0.8700000047683716,C11D31
10,0.40806376934051514,0.9088888764381409,0.4295966625213623,0.8799999952316284,C11D31
11,0.4070867896080017,0.9116666913032532,0.43445897102355957,0.8799999952316284,C11D31
12,0.40393170714378357,0.9116666913032532,0.4283779263496399,0.8799999952316284,C11D31
13,0.4037170708179474,0.9133333563804626,0.42931419610977173,0.8949999809265137,C11D31
14,0.3992026746273041,0.9200000166893005,0.428170770406723,0.8949999809265137,C11D31
15,0.3963846266269684,0.926111102104187,0.42212149500846863,0.8949999809265137,C11D31
16,0.3964569866657257,0.9200000166893005,0.4246916174888611,0.8949999809265137,C11D31
17,0.3934285342693329,0.9305555820465088,0.42684733867645264,0.8949999809265137,C11D31
18,0.39238399267196655,0.9283333420753479,0.44492608308792114,0.8600000143051147,C11D31
19,0.3908918499946594,0.9277777671813965,0.44109344482421875,0.8700000047683716,C11D31
