index,loss,categorical_accuracy,val_loss,val_categorical_accuracy,model
0,0.6042829155921936,0.6916666626930237,0.5673146843910217,0.7599999904632568,C22D22
1,0.6131197810173035,0.6877777576446533,0.5681008100509644,0.7450000047683716,C22D22
2,0.5980321764945984,0.70333331823349,0.5635536909103394,0.7799999713897705,C22D22
3,0.5940034985542297,0.7200000286102295,0.5773456692695618,0.7450000047683716,C22D22
4,0.5986136198043823,0.7127777934074402,0.5768793821334839,0.7549999952316284,C22D22
5,0.5895640850067139,0.7200000286102295,0.5628876090049744,0.7799999713897705,C22D22
6,0.5983007550239563,0.6994444727897644,0.5627772212028503,0.7450000047683716,C22D22
7,0.5940837860107422,0.7161111235618591,0.5652093291282654,0.7599999904632568,C22D22
8,0.5847551822662354,0.7183333039283752,0.5570542216300964,0.75,C22D22
9,0.5847001075744629,0.7205555438995361,0.5549891591072083,0.7699999809265137,C22D22
10,0.5944173336029053,0.7127777934074402,0.5610602498054504,0.7649999856948853,C22D22
11,0.57573002576828,0.7361111044883728,0.5488766431808472,0.7799999713897705,C22D22
12,0.5793067812919617,0.7255555391311646,0.585914134979248,0.7149999737739563,C22D22
13,0.57967609167099,0.722777783870697,0.5763775706291199,0.7300000190734863,C22D22
14,0.5782355666160583,0.7277777791023254,0.5452558994293213,0.7900000214576721,C22D22
15,0.5793272852897644,0.722777783870697,0.5435869097709656,0.7900000214576721,C22D22
16,0.5813559293746948,0.7222222089767456,0.5470719337463379,0.7649999856948853,C22D22
17,0.5734227895736694,0.7338888645172119,0.5443271398544312,0.7850000262260437,C22D22
18,0.5883009433746338,0.7138888835906982,0.5866560935974121,0.7300000190734863,C22D22
19,0.5736072659492493,0.7266666889190674,0.5440073013305664,0.7799999713897705,C22D22
