index,loss,categorical_accuracy,val_loss,val_categorical_accuracy,model
0,0.4645058810710907,0.8399999737739563,0.4638908803462982,0.8450000286102295,C31D12
1,0.45910346508026123,0.8461111187934875,0.4734603464603424,0.8299999833106995,C31D12
2,0.44273489713668823,0.8666666746139526,0.4630144536495209,0.8399999737739563,C31D12
3,0.4436641037464142,0.8616666793823242,0.45645976066589355,0.8600000143051147,C31D12
4,0.42952343821525574,0.8755555748939514,0.4605448842048645,0.8500000238418579,C31D12
5,0.41760993003845215,0.8894444704055786,0.45173126459121704,0.8550000190734863,C31D12
6,0.41628724336624146,0.8949999809265137,0.4426637291908264,0.875,C31D12
7,0.4099784195423126,0.9011111259460449,0.44483432173728943,0.8700000047683716,C31D12
8,0.3942134976387024,0.9188888669013977,0.44437432289123535,0.8700000047683716,C31D12
9,0.396454781293869,0.9161111116409302,0.4583137035369873,0.8500000238418579,C31D12
10,0.3870341181755066,0.9283333420753479,0.4574168026447296,0.8500000238418579,C31D12
11,0.3914756178855896,0.9188888669013977,0.46042779088020325,0.8399999737739563,C31D12
12,0.3863402307033539,0.9255555272102356,0.45532554388046265,0.8600000143051147,C31D12
13,0.3752308189868927,0.9383333325386047,0.4595046937465668,0.8550000190734863,C31D12
14,0.3680949807167053,0.9461110830307007,0.4582047164440155,0.8500000238418579,C31D12
15,0.3639473617076874,0.95333331823349,0.4564366042613983,0.8550000190734863,C31D12
16,0.3615292012691498,0.9544444680213928,0.4485095143318176,0.8650000095367432,C31D12
17,0.35885292291641235,0.9572222232818604,0.4602006673812866,0.8399999737739563,C31D12
18,0.35589006543159485,0.9588888883590698,0.4555995464324951,0.8550000190734863,C31D12
19,0.353786438703537,0.9611111283302307,0.45115214586257935,0.8550000190734863,C31D12
