index,loss,categorical_accuracy,val_loss,val_categorical_accuracy,model
0,0.6022745966911316,0.6966666579246521,0.5474268794059753,0.7599999904632568,C21D22
1,0.5998122692108154,0.6961110830307007,0.5550612807273865,0.75,C21D22
2,0.5961008667945862,0.7038888931274414,0.583455502986908,0.7300000190734863,C21D22
3,0.5913827419281006,0.7172222137451172,0.5455254912376404,0.7950000166893005,C21D22
4,0.5911849141120911,0.7138888835906982,0.5458475351333618,0.7799999713897705,C21D22
5,0.5812070965766907,0.7255555391311646,0.5290462970733643,0.7799999713897705,C21D22
6,0.5913140177726746,0.7144444584846497,0.5329731106758118,0.7850000262260437,C21D22
7,0.5861473679542542,0.7183333039283752,0.5550673604011536,0.7599999904632568,C21D22
8,0.5947608947753906,0.7027778029441833,0.5421830415725708,0.7900000214576721,C21D22
9,0.5796594023704529,0.7288888692855835,0.6100972890853882,0.675000011920929,C21D22
10,0.584497332572937,0.7277777791023254,0.543338418006897,0.7699999809265137,C21D22
11,0.5957812666893005,0.7094444632530212,0.5462620258331299,0.7749999761581421,C21D22
12,0.5855250358581543,0.7172222137451172,0.5702166557312012,0.7400000095367432,C21D22
13,0.5785437226295471,0.7288888692855835,0.5351084470748901,0.7850000262260437,C21D22
14,0.5823870897293091,0.7238888740539551,0.5519344806671143,0.7649999856948853,C21D22
15,0.5867370367050171,0.7149999737739563,0.567950963973999,0.7250000238418579,C21D22
16,0.5867300033569336,0.7177777886390686,0.5872126817703247,0.7250000238418579,C21D22
17,0.5833733677864075,0.7211111187934875,0.5354427695274353,0.7850000262260437,C21D22
18,0.5774439573287964,0.7316666841506958,0.5977132320404053,0.6949999928474426,C21D22
19,0.5757886171340942,0.7316666841506958,0.5247423648834229,0.7950000166893005,C21D22
