index,loss,categorical_accuracy,val_loss,val_categorical_accuracy,model
0,0.5007829666137695,0.7944444417953491,0.4620820879936218,0.8450000286102295,C21D12
1,0.4843292832374573,0.8227777481079102,0.4831896722316742,0.8149999976158142,C21D12
2,0.48686090111732483,0.8172222375869751,0.45701152086257935,0.8550000190734863,C21D12
3,0.48430493474006653,0.8194444179534912,0.47222900390625,0.8299999833106995,C21D12
4,0.48527947068214417,0.8183333277702332,0.4578602612018585,0.8450000286102295,C21D12
5,0.4865271747112274,0.8199999928474426,0.4726523458957672,0.8149999976158142,C21D12
6,0.486507385969162,0.8149999976158142,0.45309123396873474,0.8550000190734863,C21D12
7,0.4852631986141205,0.8216666579246521,0.4599100351333618,0.8349999785423279,C21D12
8,0.4850046932697296,0.8183333277702332,0.4639701843261719,0.8399999737739563,C21D12
9,0.4767073094844818,0.8255555629730225,0.45637452602386475,0.8500000238418579,C21D12
10,0.48827284574508667,0.8216666579246521,0.4526383876800537,0.8550000190734863,C21D12
11,0.4764403998851776,0.8255555629730225,0.45616114139556885,0.8550000190734863,C21D12
12,0.47259947657585144,0.8333333134651184,0.4520665407180786,0.8600000143051147,C21D12
13,0.4694647192955017,0.8344444632530212,0.45727020502090454,0.8399999737739563,C21D12
14,0.46886417269706726,0.8361111283302307,0.454667866230011,0.8550000190734863,C21D12
15,0.4820922613143921,0.8194444179534912,0.45930588245391846,0.8500000238418579,C21D12
16,0.4764469265937805,0.8333333134651184,0.45830994844436646,0.8550000190734863,C21D12
17,0.48083561658859253,0.8233333230018616,0.45553529262542725,0.8550000190734863,C21D12
18,0.47332823276519775,0.8322222232818604,0.45468053221702576,0.8399999737739563,C21D12
19,0.48190852999687195,0.8227777481079102,0.4521074593067169,0.8650000095367432,C21D12
