index,loss,categorical_accuracy,val_loss,val_categorical_accuracy,model
0,0.5111140608787537,0.7944444417953491,0.5523195862770081,0.7400000095367432,C22D32
1,0.5107280015945435,0.7994444370269775,0.47756314277648926,0.8349999785423279,C22D32
2,0.5064349174499512,0.8027777671813965,0.4694386422634125,0.8450000286102295,C22D32
3,0.5152765512466431,0.7922222018241882,0.5243085622787476,0.7799999713897705,C22D32
4,0.5132480263710022,0.7916666865348816,0.485976904630661,0.824999988079071,C22D32
5,0.5119748711585999,0.7933333516120911,0.49729838967323303,0.8050000071525574,C22D32
6,0.5139543414115906,0.79666668176651,0.48943355679512024,0.824999988079071,C22D32
7,0.5142415165901184,0.7922222018241882,0.4802534878253937,0.8299999833106995,C22D32
8,0.5091307759284973,0.7988888621330261,0.47499576210975647,0.8349999785423279,C22D32
9,0.5041142702102661,0.8033333420753479,0.4664064645767212,0.8450000286102295,C22D32
10,0.5139585137367249,0.7972221970558167,0.4726952016353607,0.8450000286102295,C22D32
11,0.4996074140071869,0.8105555772781372,0.4743782877922058,0.8399999737739563,C22D32
12,0.5010327696800232,0.8105555772781372,0.4847065210342407,0.824999988079071,C22D32
13,0.5116879343986511,0.7988888621330261,0.4858449101448059,0.8199999928474426,C22D32
14,0.500916063785553,0.8111110925674438,0.47915390133857727,0.8299999833106995,C22D32
15,0.49988242983818054,0.8111110925674438,0.48577892780303955,0.8299999833106995,C22D32
16,0.4984949827194214,0.8127777576446533,0.4628430902957916,0.8450000286102295,C22D32
17,0.49595391750335693,0.8161110877990723,0.473773717880249,0.8349999785423279,C22D32
18,0.5075141787528992,0.8050000071525574,0.4828808903694153,0.824999988079071,C22D32
19,0.49729302525520325,0.8138889074325562,0.4677673280239105,0.8500000238418579,C22D32
