index,loss,categorical_accuracy,val_loss,val_categorical_accuracy,model
0,0.6917805075645447,0.5244444608688354,0.6921929717063904,0.5249999761581421,C32D32
1,0.6929969191551208,0.523888885974884,0.6921220421791077,0.5249999761581421,C32D32
2,0.6932108402252197,0.523888885974884,0.6919814944267273,0.5249999761581421,C32D32
3,0.6920205354690552,0.523888885974884,0.691926121711731,0.5249999761581421,C32D32
4,0.6924316883087158,0.5249999761581421,0.6919470429420471,0.5249999761581421,C32D32
5,0.6919395327568054,0.5233333110809326,0.691918134689331,0.5249999761581421,C32D32
6,0.6923404335975647,0.5244444608688354,0.6918976306915283,0.5249999761581421,C32D32
7,0.6921560764312744,0.5233333110809326,0.6918668150901794,0.5249999761581421,C32D32
8,0.6922512650489807,0.5249999761581421,0.6918604969978333,0.5249999761581421,C32D32
9,0.691537618637085,0.523888885974884,0.691865086555481,0.5249999761581421,C32D32
10,0.692142903804779,0.523888885974884,0.6918582916259766,0.5249999761581421,C32D32
11,0.6919792294502258,0.523888885974884,0.6918848156929016,0.5249999761581421,C32D32
12,0.6918860077857971,0.5244444608688354,0.6919853687286377,0.5249999761581421,C32D32
13,0.6917324662208557,0.5244444608688354,0.6920149326324463,0.5249999761581421,C32D32
14,0.6920874118804932,0.5255555510520935,0.6919959783554077,0.5249999761581421,C32D32
15,0.6919511556625366,0.523888885974884,0.6920861005783081,0.5249999761581421,C32D32
16,0.6918720006942749,0.5233333110809326,0.692095160484314,0.5249999761581421,C32D32
17,0.691926121711731,0.523888885974884,0.6920890808105469,0.5249999761581421,C32D32
18,0.692058801651001,0.523888885974884,0.6920852661132812,0.5249999761581421,C32D32
19,0.6926491260528564,0.523888885974884,0.6920951008796692,0.5249999761581421,C32D32
