index,loss,categorical_accuracy,val_loss,val_categorical_accuracy,model
0,0.4363408386707306,0.8744444251060486,0.46555930376052856,0.8450000286102295,C11D11
1,0.4283882677555084,0.8822222352027893,0.45980167388916016,0.8450000286102295,C11D11
2,0.42253604531288147,0.8877778053283691,0.45517921447753906,0.8550000190734863,C11D11
3,0.41581133008003235,0.8922222256660461,0.4579819142818451,0.8500000238418579,C11D11
4,0.4057062566280365,0.9072222113609314,0.4575619101524353,0.8500000238418579,C11D11
5,0.4024231433868408,0.9088888764381409,0.4582575559616089,0.8399999737739563,C11D11
6,0.39529144763946533,0.9172222018241882,0.460973858833313,0.8550000190734863,C11D11
7,0.3944973349571228,0.9183333516120911,0.46696898341178894,0.8399999737739563,C11D11
8,0.387290358543396,0.926111102104187,0.4572921693325043,0.8399999737739563,C11D11
9,0.383665531873703,0.9322222471237183,0.46361619234085083,0.8399999737739563,C11D11
10,0.38084909319877625,0.9366666674613953,0.4595537483692169,0.8500000238418579,C11D11
11,0.37787505984306335,0.9366666674613953,0.4644581973552704,0.8500000238418579,C11D11
12,0.3765231966972351,0.9399999976158142,0.4630132019519806,0.8450000286102295,C11D11
13,0.37469783425331116,0.9405555725097656,0.46288299560546875,0.8399999737739563,C11D11
14,0.37332087755203247,0.9416666626930237,0.46026211977005005,0.8399999737739563,C11D11
15,0.37196773290634155,0.9427777528762817,0.460476279258728,0.8500000238418579,C11D11
16,0.3715446889400482,0.9427777528762817,0.4610319137573242,0.8450000286102295,C11D11
17,0.3704901337623596,0.9449999928474426,0.4639943242073059,0.8349999785423279,C11D11
18,0.36934003233909607,0.945555567741394,0.46539855003356934,0.8399999737739563,C11D11
19,0.36859726905822754,0.9461110830307007,0.4636377692222595,0.8399999737739563,C11D11
