index,loss,categorical_accuracy,val_loss,val_categorical_accuracy,model
0,0.49344274401664734,0.8161110877990723,0.4749644100666046,0.8299999833106995,C22D31
1,0.4920329451560974,0.8155555725097656,0.489258736371994,0.824999988079071,C22D31
2,0.491540789604187,0.8116666674613953,0.48962393403053284,0.8199999928474426,C22D31
3,0.4844067692756653,0.8166666626930237,0.5129855871200562,0.7900000214576721,C22D31
4,0.48092740774154663,0.8277778029441833,0.5155723690986633,0.7900000214576721,C22D31
5,0.4899521470069885,0.8111110925674438,0.5279497504234314,0.7699999809265137,C22D31
6,0.4851166903972626,0.820555567741394,0.4793909192085266,0.8199999928474426,C22D31
7,0.48570799827575684,0.8161110877990723,0.47824206948280334,0.8299999833106995,C22D31
8,0.4877950847148895,0.8166666626930237,0.5133289098739624,0.7900000214576721,C22D31
9,0.4838085174560547,0.8227777481079102,0.516074001789093,0.7850000262260437,C22D31
10,0.4701319634914398,0.8361111283302307,0.4784778654575348,0.8299999833106995,C22D31
11,0.47729727625846863,0.8272222280502319,0.47163474559783936,0.824999988079071,C22D31
12,0.47202086448669434,0.8333333134651184,0.4991894066333771,0.8149999976158142,C22D31
13,0.4852997362613678,0.8211110830307007,0.5155221819877625,0.7799999713897705,C22D31
14,0.4694184362888336,0.8394444584846497,0.5108403563499451,0.800000011920929,C22D31
15,0.48176074028015137,0.8216666579246521,0.49305984377861023,0.8199999928474426,C22D31
16,0.4758889079093933,0.8277778029441833,0.4884167015552521,0.824999988079071,C22D31
17,0.47620290517807007,0.8305555582046509,0.5007286071777344,0.8149999976158142,C22D31
18,0.47587478160858154,0.8311111330986023,0.48997962474823,0.8199999928474426,C22D31
19,0.476568341255188,0.8327777981758118,0.49164000153541565,0.8100000023841858,C22D31
