index,loss,categorical_accuracy,val_loss,val_categorical_accuracy,model
0,0.38193291425704956,0.9403035044670105,0.36661475896835327,0.9466436505317688,C22D22
1,0.37190350890159607,0.9419542551040649,0.36661475896835327,0.9466436505317688,C22D22
2,0.37161901593208313,0.9419652223587036,0.36661475896835327,0.9466436505317688,C22D22
