index,loss,categorical_accuracy,val_loss,val_categorical_accuracy,model
0,0.44923678040504456,0.8594444394111633,0.4407016634941101,0.8700000047683716,C32D31
1,0.4384698271751404,0.8733333349227905,0.414485365152359,0.8949999809265137,C32D31
2,0.4330379366874695,0.879444420337677,0.41466057300567627,0.8949999809265137,C32D31
3,0.43603983521461487,0.8738889098167419,0.447306364774704,0.8600000143051147,C32D31
4,0.4335475265979767,0.8772222399711609,0.4251447319984436,0.8799999952316284,C32D31
5,0.42751365900039673,0.8866666555404663,0.4233548641204834,0.8849999904632568,C32D31
6,0.43058717250823975,0.8788889050483704,0.4242277145385742,0.8849999904632568,C32D31
7,0.43488609790802,0.8733333349227905,0.4181395471096039,0.8899999856948853,C32D31
8,0.4352303147315979,0.8722222447395325,0.4272301495075226,0.8849999904632568,C32D31
9,0.42721474170684814,0.8822222352027893,0.43132901191711426,0.8700000047683716,C32D31
10,0.43714097142219543,0.871666669845581,0.4930610954761505,0.8050000071525574,C32D31
11,0.4315739572048187,0.875,0.4272691309452057,0.875,C32D31
12,0.4255526661872864,0.8822222352027893,0.41121453046798706,0.8999999761581421,C32D31
13,0.42132437229156494,0.8883333206176758,0.4164738953113556,0.8949999809265137,C32D31
14,0.4249081015586853,0.8861111402511597,0.44522643089294434,0.8700000047683716,C32D31
15,0.4258524775505066,0.8849999904632568,0.4200112521648407,0.8849999904632568,C32D31
16,0.4251980483531952,0.8833333253860474,0.4211695194244385,0.8899999856948853,C32D31
17,0.4270953834056854,0.8822222352027893,0.43856537342071533,0.8700000047683716,C32D31
18,0.4262681007385254,0.8849999904632568,0.43014076352119446,0.8799999952316284,C32D31
19,0.43079981207847595,0.8777777552604675,0.41954246163368225,0.8949999809265137,C32D31
