index,loss,categorical_accuracy,val_loss,val_categorical_accuracy,model
0,0.6375605463981628,0.6538888812065125,0.6165798902511597,0.6899999976158142,C22D22
1,0.6420234441757202,0.648888885974884,0.6178722977638245,0.7099999785423279,C22D22
2,0.6347763538360596,0.6650000214576721,0.6119235754013062,0.7049999833106995,C22D22
3,0.6354386210441589,0.6638888716697693,0.631912887096405,0.6549999713897705,C22D22
4,0.6378011703491211,0.6549999713897705,0.6555336117744446,0.625,C22D22
5,0.6354974508285522,0.6527777910232544,0.6025102138519287,0.7099999785423279,C22D22
6,0.6291401982307434,0.67166668176651,0.6104469299316406,0.6949999928474426,C22D22
7,0.6259592771530151,0.6694444417953491,0.6035975813865662,0.7049999833106995,C22D22
8,0.6249213814735413,0.6822222471237183,0.6145153641700745,0.6850000023841858,C22D22
9,0.6278594732284546,0.6733333468437195,0.61493319272995,0.6800000071525574,C22D22
10,0.6200934052467346,0.6844444274902344,0.6075103878974915,0.6949999928474426,C22D22
11,0.6189817786216736,0.6844444274902344,0.6018956899642944,0.699999988079071,C22D22
12,0.6180229783058167,0.6833333373069763,0.5759389400482178,0.7549999952316284,C22D22
13,0.6201207637786865,0.6727777719497681,0.5835298299789429,0.75,C22D22
14,0.6203627586364746,0.6766666769981384,0.6004562973976135,0.699999988079071,C22D22
15,0.6119334697723389,0.6933333277702332,0.5943237543106079,0.6949999928474426,C22D22
16,0.6150851249694824,0.6866666674613953,0.568684995174408,0.7400000095367432,C22D22
17,0.6158204078674316,0.6816666722297668,0.5853400230407715,0.7200000286102295,C22D22
18,0.6075870990753174,0.6972222328186035,0.5634162425994873,0.7549999952316284,C22D22
19,0.6075252294540405,0.6855555772781372,0.6093570590019226,0.6850000023841858,C22D22
