index,loss,categorical_accuracy,val_loss,val_categorical_accuracy,model
0,0.44749605655670166,0.8611111044883728,0.4562233090400696,0.8600000143051147,C11D12
1,0.4375855028629303,0.8711110949516296,0.44320082664489746,0.8700000047683716,C11D12
2,0.42867693305015564,0.8777777552604675,0.4615887701511383,0.8500000238418579,C11D12
3,0.4226371645927429,0.8905555605888367,0.44285130500793457,0.8550000190734863,C11D12
4,0.41783273220062256,0.8938888907432556,0.45828163623809814,0.8500000238418579,C11D12
5,0.4109390377998352,0.8999999761581421,0.43432995676994324,0.8799999952316284,C11D12
6,0.4031093120574951,0.9072222113609314,0.4381421208381653,0.8700000047683716,C11D12
7,0.3974587917327881,0.9172222018241882,0.43819916248321533,0.875,C11D12
8,0.3915424048900604,0.9227777719497681,0.43466246128082275,0.875,C11D12
9,0.39242976903915405,0.9211111068725586,0.4445369839668274,0.8650000095367432,C11D12
10,0.38824260234832764,0.9244444370269775,0.4405369162559509,0.8700000047683716,C11D12
11,0.38474932312965393,0.929444432258606,0.43609145283699036,0.8700000047683716,C11D12
12,0.3804367482662201,0.9333333373069763,0.44499722123146057,0.8650000095367432,C11D12
13,0.38202589750289917,0.9288889169692993,0.4303624629974365,0.8849999904632568,C11D12
14,0.37656471133232117,0.9377777576446533,0.44059205055236816,0.8700000047683716,C11D12
15,0.3719533383846283,0.9422222375869751,0.4431987404823303,0.8700000047683716,C11D12
16,0.37353968620300293,0.9405555725097656,0.4389539361000061,0.8700000047683716,C11D12
17,0.3686232268810272,0.945555567741394,0.43929150700569153,0.8799999952316284,C11D12
18,0.36495229601860046,0.9505555629730225,0.4385705590248108,0.875,C11D12
19,0.3648393750190735,0.9505555629730225,0.44324687123298645,0.8550000190734863,C11D12
