index,loss,categorical_accuracy,val_loss,val_categorical_accuracy,model
0,0.6064684987068176,0.6927777528762817,0.6129964590072632,0.6700000166893005,C22D12
1,0.6098547577857971,0.6872222423553467,0.6158693432807922,0.6399999856948853,C22D12
2,0.5987003445625305,0.7016666531562805,0.6635468006134033,0.5849999785423279,C22D12
3,0.6029258966445923,0.6922222375869751,0.5970112085342407,0.7200000286102295,C22D12
4,0.6034451127052307,0.6911110877990723,0.6379358172416687,0.6150000095367432,C22D12
5,0.5999417901039124,0.6938889026641846,0.6031486988067627,0.699999988079071,C22D12
6,0.6045247316360474,0.6894444227218628,0.5898758172988892,0.7250000238418579,C22D12
7,0.5893747210502625,0.7155555486679077,0.5964057445526123,0.699999988079071,C22D12
8,0.5896888375282288,0.7127777934074402,0.6009247303009033,0.699999988079071,C22D12
9,0.5783523321151733,0.7194444537162781,0.582038938999176,0.7200000286102295,C22D12
10,0.5900847911834717,0.7061111330986023,0.5854825377464294,0.7149999737739563,C22D12
11,0.5861585736274719,0.7088888883590698,0.601887047290802,0.7049999833106995,C22D12
12,0.5783005356788635,0.7183333039283752,0.6074502468109131,0.6850000023841858,C22D12
13,0.5717650055885315,0.7205555438995361,0.5893998146057129,0.7099999785423279,C22D12
14,0.5812604427337646,0.7133333086967468,0.589153528213501,0.7099999785423279,C22D12
15,0.5755877494812012,0.7222222089767456,0.5820667743682861,0.7200000286102295,C22D12
16,0.5743649005889893,0.7244444489479065,0.5973371863365173,0.6899999976158142,C22D12
17,0.5752458572387695,0.7244444489479065,0.6007851958274841,0.6949999928474426,C22D12
18,0.5742107629776001,0.7250000238418579,0.5981817841529846,0.6949999928474426,C22D12
19,0.5741711258888245,0.7283333539962769,0.5767139196395874,0.7300000190734863,C22D12
