index,loss,categorical_accuracy,val_loss,val_categorical_accuracy,model
0,0.5159783363342285,0.7855555415153503,0.45780277252197266,0.8500000238418579,C32D31
1,0.5056580901145935,0.7983333468437195,0.45236051082611084,0.8550000190734863,C32D31
2,0.5035317540168762,0.8016666769981384,0.4590769112110138,0.8349999785423279,C32D31
3,0.5058621764183044,0.7950000166893005,0.45435020327568054,0.8650000095367432,C32D31
4,0.4989268183708191,0.8072222471237183,0.4628755450248718,0.8399999737739563,C32D31
5,0.4952169358730316,0.8144444227218628,0.458382785320282,0.8450000286102295,C32D31
6,0.4881420433521271,0.8216666579246521,0.4697703421115875,0.8149999976158142,C32D31
7,0.4906328022480011,0.8177777528762817,0.45345938205718994,0.8650000095367432,C32D31
8,0.4921671152114868,0.8094444274902344,0.4730331301689148,0.824999988079071,C32D31
9,0.49130725860595703,0.8211110830307007,0.4585722088813782,0.8399999737739563,C32D31
10,0.49091339111328125,0.8144444227218628,0.4532923996448517,0.8700000047683716,C32D31
11,0.4867106080055237,0.820555567741394,0.45750290155410767,0.8500000238418579,C32D31
12,0.4844520688056946,0.8222222328186035,0.45646849274635315,0.824999988079071,C32D31
13,0.48718541860580444,0.8183333277702332,0.4597035348415375,0.8450000286102295,C32D31
14,0.48322921991348267,0.8194444179534912,0.463980495929718,0.8299999833106995,C32D31
15,0.48225805163383484,0.8216666579246521,0.45556220412254333,0.8450000286102295,C32D31
16,0.4828387200832367,0.820555567741394,0.45214083790779114,0.8550000190734863,C32D31
17,0.47469091415405273,0.8338888883590698,0.45397868752479553,0.8500000238418579,C32D31
18,0.48157238960266113,0.823888897895813,0.49841073155403137,0.8050000071525574,C32D31
19,0.47484153509140015,0.8338888883590698,0.4513310194015503,0.8650000095367432,C32D31
