index,loss,categorical_accuracy,val_loss,val_categorical_accuracy,model
0,0.378778338432312,0.9413345456123352,0.36661475896835327,0.9466436505317688,C31D21
1,0.3724393844604492,0.9418939352035522,0.36661475896835327,0.9466436505317688,C31D21
2,0.37216758728027344,0.9419487714767456,0.36661475896835327,0.9466436505317688,C31D21
