index,loss,categorical_accuracy,val_loss,val_categorical_accuracy,model
0,0.6988787651062012,0.4933333396911621,0.6922754049301147,0.5600000023841858,C21D22
1,0.696895182132721,0.4794444441795349,0.6911362409591675,0.5600000023841858,C21D22
2,0.6947586536407471,0.4977777898311615,0.6905417442321777,0.5600000023841858,C21D22
3,0.6934055685997009,0.5055555701255798,0.6900631785392761,0.5600000023841858,C21D22
4,0.6955583095550537,0.48722222447395325,0.6898271441459656,0.5600000023841858,C21D22
5,0.691800594329834,0.5133333206176758,0.6894820928573608,0.5600000023841858,C21D22
6,0.6932727694511414,0.5166666507720947,0.6892651319503784,0.5600000023841858,C21D22
7,0.6936436891555786,0.5116666555404663,0.6890612244606018,0.5600000023841858,C21D22
8,0.6922401785850525,0.5299999713897705,0.6889387369155884,0.5600000023841858,C21D22
9,0.6910847425460815,0.5266666412353516,0.6887611150741577,0.5600000023841858,C21D22
10,0.6931475400924683,0.519444465637207,0.6886454224586487,0.5600000023841858,C21D22
11,0.6923037171363831,0.519444465637207,0.6886016726493835,0.5600000023841858,C21D22
12,0.6924207210540771,0.5233333110809326,0.6884995102882385,0.5600000023841858,C21D22
13,0.6912384033203125,0.5350000262260437,0.6884349584579468,0.5600000023841858,C21D22
14,0.6921414732933044,0.5144444704055786,0.6883864402770996,0.5600000023841858,C21D22
15,0.6911956667900085,0.522777795791626,0.6883376836776733,0.5600000023841858,C21D22
16,0.6909882426261902,0.5361111164093018,0.6883319020271301,0.5600000023841858,C21D22
17,0.6920239925384521,0.5255555510520935,0.6882901191711426,0.5600000023841858,C21D22
18,0.6923388838768005,0.5288888812065125,0.6882399916648865,0.5600000023841858,C21D22
19,0.6913398504257202,0.5305555462837219,0.6881992816925049,0.5600000023841858,C21D22
