index,loss,categorical_accuracy,val_loss,val_categorical_accuracy,model
0,0.5353686809539795,0.7661111354827881,0.5169014930725098,0.7950000166893005,C32D11
1,0.5225618481636047,0.7788888812065125,0.517946183681488,0.7799999713897705,C32D11
2,0.532509982585907,0.7649999856948853,0.5176128149032593,0.7649999856948853,C32D11
3,0.5212485194206238,0.7855555415153503,0.5185672044754028,0.7699999809265137,C32D11
4,0.5139786601066589,0.7905555367469788,0.5017868280410767,0.800000011920929,C32D11
5,0.5242413878440857,0.7761111259460449,0.5582736134529114,0.7450000047683716,C32D11
6,0.5238952040672302,0.7794444561004639,0.5046584606170654,0.8100000023841858,C32D11
7,0.5173572897911072,0.7805555462837219,0.5060394406318665,0.800000011920929,C32D11
8,0.5141507387161255,0.7861111164093018,0.5131285190582275,0.7749999761581421,C32D11
9,0.5179834365844727,0.7877777814865112,0.5116970539093018,0.7900000214576721,C32D11
10,0.5132336020469666,0.7888888716697693,0.5051407217979431,0.8149999976158142,C32D11
11,0.5115497708320618,0.7905555367469788,0.4995478391647339,0.7950000166893005,C32D11
12,0.5129706263542175,0.7938888669013977,0.4970211088657379,0.8050000071525574,C32D11
13,0.5127171277999878,0.7861111164093018,0.5069374442100525,0.7950000166893005,C32D11
14,0.5059093832969666,0.7944444417953491,0.5164275169372559,0.7900000214576721,C32D11
15,0.5069255828857422,0.7950000166893005,0.5026403069496155,0.8050000071525574,C32D11
16,0.5037617087364197,0.8033333420753479,0.5012993812561035,0.800000011920929,C32D11
17,0.49974769353866577,0.8083333373069763,0.5377039909362793,0.7599999904632568,C32D11
18,0.5014749765396118,0.804444432258606,0.4945310652256012,0.8050000071525574,C32D11
19,0.49810031056404114,0.8111110925674438,0.5185627937316895,0.7900000214576721,C32D11
