index,loss,categorical_accuracy,val_loss,val_categorical_accuracy,model
0,0.4313434958457947,0.8772222399711609,0.43248599767684937,0.8799999952316284,C31D12
1,0.4218406081199646,0.8861111402511597,0.43054771423339844,0.8799999952316284,C31D12
2,0.41198232769966125,0.8983333110809326,0.40598103404045105,0.9100000262260437,C31D12
3,0.40264809131622314,0.9083333611488342,0.41078072786331177,0.8999999761581421,C31D12
4,0.3956684172153473,0.9161111116409302,0.3928479850292206,0.925000011920929,C31D12
5,0.39270150661468506,0.9188888669013977,0.39908111095428467,0.8999999761581421,C31D12
6,0.39199236035346985,0.9194444417953491,0.405770868062973,0.9100000262260437,C31D12
7,0.3839649558067322,0.9283333420753479,0.4046621024608612,0.9100000262260437,C31D12
8,0.38640424609184265,0.925000011920929,0.42679354548454285,0.8799999952316284,C31D12
9,0.3809393644332886,0.9311110973358154,0.40493232011795044,0.8999999761581421,C31D12
10,0.37750422954559326,0.9361110925674438,0.39768707752227783,0.9150000214576721,C31D12
11,0.3708483576774597,0.9411110877990723,0.40771010518074036,0.9049999713897705,C31D12
12,0.3723496198654175,0.9377777576446533,0.40447670221328735,0.9049999713897705,C31D12
13,0.3645133674144745,0.9483333230018616,0.40020760893821716,0.9150000214576721,C31D12
14,0.360710084438324,0.95333331823349,0.4197606146335602,0.8949999809265137,C31D12
15,0.3637278378009796,0.9483333230018616,0.41613292694091797,0.8949999809265137,C31D12
16,0.35614264011383057,0.9572222232818604,0.41098830103874207,0.8899999856948853,C31D12
17,0.35645177960395813,0.9572222232818604,0.4121166467666626,0.8949999809265137,C31D12
18,0.35261690616607666,0.9611111283302307,0.40834009647369385,0.9049999713897705,C31D12
19,0.352260023355484,0.9611111283302307,0.40915530920028687,0.8999999761581421,C31D12
