index,loss,categorical_accuracy,val_loss,val_categorical_accuracy,model
0,0.5454033613204956,0.7611111402511597,0.5251364707946777,0.7799999713897705,C31D32
1,0.5422853827476501,0.7766666412353516,0.5504651069641113,0.7300000190734863,C31D32
2,0.5411044359207153,0.7799999713897705,0.5201687812805176,0.7950000166893005,C31D32
3,0.5347856879234314,0.7838888764381409,0.5350463390350342,0.7549999952316284,C31D32
4,0.5276494026184082,0.7866666913032532,0.5206108689308167,0.7900000214576721,C31D32
5,0.5249150991439819,0.7827777862548828,0.5148767828941345,0.7950000166893005,C31D32
6,0.5149914026260376,0.8033333420753479,0.5161774158477783,0.8050000071525574,C31D32
7,0.5159103870391846,0.8077777624130249,0.5105583071708679,0.8050000071525574,C31D32
8,0.5105600953102112,0.8188889026641846,0.5139760375022888,0.800000011920929,C31D32
9,0.5089631676673889,0.8149999976158142,0.514883816242218,0.8100000023841858,C31D32
10,0.5126743316650391,0.7983333468437195,0.5066068172454834,0.8100000023841858,C31D32
11,0.49755555391311646,0.8266666531562805,0.5074078440666199,0.8149999976158142,C31D32
12,0.4929135739803314,0.8255555629730225,0.5104287266731262,0.7850000262260437,C31D32
13,0.4978421926498413,0.8272222280502319,0.5065193176269531,0.8050000071525574,C31D32
14,0.49121472239494324,0.8299999833106995,0.5058575868606567,0.8050000071525574,C31D32
15,0.489987850189209,0.8333333134651184,0.5086552500724792,0.7950000166893005,C31D32
16,0.48592227697372437,0.8388888835906982,0.5058705806732178,0.8149999976158142,C31D32
17,0.49029844999313354,0.8316666483879089,0.5148547291755676,0.7900000214576721,C31D32
18,0.4787888824939728,0.8450000286102295,0.5094023942947388,0.7950000166893005,C31D32
19,0.47726643085479736,0.8494444489479065,0.5037775635719299,0.8100000023841858,C31D32
