index,loss,categorical_accuracy,val_loss,val_categorical_accuracy,model
0,0.47803789377212524,0.8222222328186035,0.4540475904941559,0.8600000143051147,C21D11
1,0.47146356105804443,0.8366666436195374,0.45831558108329773,0.8550000190734863,C21D11
2,0.48004239797592163,0.8233333230018616,0.45996254682540894,0.8550000190734863,C21D11
3,0.480368971824646,0.8272222280502319,0.4592032730579376,0.8500000238418579,C21D11
4,0.4784946143627167,0.8272222280502319,0.4567316770553589,0.8600000143051147,C21D11
5,0.47974061965942383,0.8227777481079102,0.45653846859931946,0.8500000238418579,C21D11
6,0.47464728355407715,0.8333333134651184,0.45297038555145264,0.8600000143051147,C21D11
7,0.47688475251197815,0.8294444680213928,0.4573982357978821,0.8550000190734863,C21D11
8,0.46810248494148254,0.8416666388511658,0.46043986082077026,0.8600000143051147,C21D11
9,0.47396910190582275,0.8349999785423279,0.45919162034988403,0.8550000190734863,C21D11
10,0.4785650670528412,0.8233333230018616,0.45450150966644287,0.8550000190734863,C21D11
11,0.4748360812664032,0.8294444680213928,0.4542762041091919,0.8550000190734863,C21D11
12,0.47708866000175476,0.8261111378669739,0.45060431957244873,0.8600000143051147,C21D11
13,0.4662422239780426,0.8394444584846497,0.4615277945995331,0.8500000238418579,C21D11
14,0.4677744507789612,0.8411111235618591,0.453116774559021,0.8550000190734863,C21D11
15,0.4681073725223541,0.8377777934074402,0.4530065655708313,0.8600000143051147,C21D11
16,0.4710388481616974,0.8361111283302307,0.4604872763156891,0.8500000238418579,C21D11
17,0.4669666290283203,0.8383333086967468,0.4539106488227844,0.8500000238418579,C21D11
18,0.4764883816242218,0.8272222280502319,0.4599849581718445,0.8550000190734863,C21D11
19,0.4728127419948578,0.8322222232818604,0.45433422923088074,0.8650000095367432,C21D11
