index,loss,categorical_accuracy,val_loss,val_categorical_accuracy,model
0,0.6925532817840576,0.5199999809265137,0.6960437297821045,0.46000000834465027,C32D22
1,0.6926906108856201,0.5199999809265137,0.696086585521698,0.46000000834465027,C32D22
2,0.6927677989006042,0.519444465637207,0.6961413621902466,0.46000000834465027,C32D22
3,0.6928935647010803,0.519444465637207,0.6961724162101746,0.46000000834465027,C32D22
4,0.6922352313995361,0.519444465637207,0.6962099671363831,0.46000000834465027,C32D22
5,0.6925631761550903,0.519444465637207,0.6962579488754272,0.46000000834465027,C32D22
6,0.6925447583198547,0.519444465637207,0.6962468028068542,0.46000000834465027,C32D22
7,0.6924737691879272,0.519444465637207,0.6963034272193909,0.46000000834465027,C32D22
8,0.6926132440567017,0.519444465637207,0.6963459849357605,0.46000000834465027,C32D22
9,0.6924752593040466,0.519444465637207,0.6963625550270081,0.46000000834465027,C32D22
10,0.6923758387565613,0.519444465637207,0.6964102387428284,0.46000000834465027,C32D22
11,0.6924668550491333,0.519444465637207,0.6964549422264099,0.46000000834465027,C32D22
12,0.6922788023948669,0.519444465637207,0.6965129971504211,0.46000000834465027,C32D22
13,0.6919460892677307,0.519444465637207,0.6965449452400208,0.46000000834465027,C32D22
14,0.6927474141120911,0.519444465637207,0.6965369582176208,0.46000000834465027,C32D22
15,0.6924400925636292,0.519444465637207,0.6964956521987915,0.46000000834465027,C32D22
16,0.6925678849220276,0.519444465637207,0.6965256333351135,0.46000000834465027,C32D22
17,0.69240403175354,0.519444465637207,0.6965651512145996,0.46000000834465027,C32D22
18,0.6924656629562378,0.519444465637207,0.6965659856796265,0.46000000834465027,C32D22
19,0.6924384236335754,0.519444465637207,0.6965813636779785,0.46000000834465027,C32D22
