index,loss,categorical_accuracy,val_loss,val_categorical_accuracy,model
0,0.6885151267051697,0.5477777719497681,0.6895799040794373,0.5249999761581421,C22D21
1,0.6879405975341797,0.5483333468437195,0.6895220279693604,0.5249999761581421,C22D21
2,0.6886105537414551,0.5494444370269775,0.6893869638442993,0.5249999761581421,C22D21
3,0.6883223056793213,0.5427777767181396,0.6894288659095764,0.5249999761581421,C22D21
4,0.689637303352356,0.5472221970558167,0.6893702745437622,0.5249999761581421,C22D21
5,0.6887603998184204,0.5461111068725586,0.6892611980438232,0.5249999761581421,C22D21
6,0.6881313323974609,0.5438888669013977,0.6887220740318298,0.5249999761581421,C22D21
7,0.689079999923706,0.5444444417953491,0.6888464093208313,0.5249999761581421,C22D21
8,0.6870718002319336,0.551111102104187,0.6884961128234863,0.5249999761581421,C22D21
9,0.6888314485549927,0.5450000166893005,0.6884629726409912,0.5249999761581421,C22D21
10,0.6883449554443359,0.5383333563804626,0.688132107257843,0.5249999761581421,C22D21
11,0.6881220936775208,0.5455555319786072,0.6882239580154419,0.5249999761581421,C22D21
12,0.6866822242736816,0.5461111068725586,0.6879045963287354,0.5249999761581421,C22D21
13,0.6868310570716858,0.5455555319786072,0.6877582669258118,0.5249999761581421,C22D21
14,0.6857943534851074,0.5477777719497681,0.687256932258606,0.5249999761581421,C22D21
15,0.6864796280860901,0.5461111068725586,0.6870245337486267,0.5249999761581421,C22D21
16,0.6863983273506165,0.5477777719497681,0.6868736147880554,0.5249999761581421,C22D21
17,0.6866323947906494,0.5527777671813965,0.686214804649353,0.5249999761581421,C22D21
18,0.6856790781021118,0.5516666769981384,0.6859713792800903,0.5249999761581421,C22D21
19,0.6849555373191833,0.5566666722297668,0.6861931085586548,0.5249999761581421,C22D21
