index,loss,categorical_accuracy,val_loss,val_categorical_accuracy,model
0,0.65287184715271,0.6344444155693054,0.6575406789779663,0.5950000286102295,C11D22
1,0.6532712578773499,0.6349999904632568,0.6577581763267517,0.5799999833106995,C11D22
2,0.647218644618988,0.6411111354827881,0.6480663418769836,0.6200000047683716,C11D22
3,0.6475657224655151,0.6322222352027893,0.65252685546875,0.6050000190734863,C11D22
4,0.6532281637191772,0.6388888955116272,0.6374198198318481,0.6549999713897705,C11D22
5,0.6423014402389526,0.6538888812065125,0.6416417956352234,0.6299999952316284,C11D22
6,0.6375552415847778,0.6605555415153503,0.6231591701507568,0.699999988079071,C11D22
7,0.63956618309021,0.6594444513320923,0.6169067621231079,0.7149999737739563,C11D22
8,0.6406325101852417,0.6566666960716248,0.6503251791000366,0.6000000238418579,C11D22
9,0.6311652064323425,0.679444432258606,0.612052321434021,0.7099999785423279,C11D22
10,0.6303917765617371,0.6683333516120911,0.6116796731948853,0.7049999833106995,C11D22
11,0.6262418031692505,0.6755555272102356,0.6254103183746338,0.6700000166893005,C11D22
12,0.6147892475128174,0.6944444179534912,0.6135972738265991,0.6899999976158142,C11D22
13,0.6184272766113281,0.6961110830307007,0.626480221748352,0.6650000214576721,C11D22
14,0.6175621151924133,0.6944444179534912,0.5785020589828491,0.75,C11D22
15,0.6124125719070435,0.6961110830307007,0.6155011057853699,0.6899999976158142,C11D22
16,0.6129267811775208,0.6866666674613953,0.5813918113708496,0.7450000047683716,C11D22
17,0.607265055179596,0.7022222280502319,0.5688508152961731,0.7599999904632568,C11D22
18,0.6008689403533936,0.7205555438995361,0.6320123076438904,0.6449999809265137,C11D22
19,0.6068795919418335,0.7099999785423279,0.5849601030349731,0.7250000238418579,C11D22
