index,loss,categorical_accuracy,val_loss,val_categorical_accuracy,model
0,0.4525185823440552,0.8561111092567444,0.40457797050476074,0.9100000262260437,C31D11
1,0.436324805021286,0.8727777600288391,0.44588446617126465,0.8600000143051147,C31D11
2,0.4271579086780548,0.8844444155693054,0.4332953989505768,0.8600000143051147,C31D11
3,0.4141100347042084,0.8961111307144165,0.43649527430534363,0.8650000095367432,C31D11
4,0.40975332260131836,0.902222216129303,0.40853801369667053,0.9049999713897705,C31D11
5,0.4016275405883789,0.9105555415153503,0.4049176871776581,0.9100000262260437,C31D11
6,0.3976307213306427,0.9172222018241882,0.4079402685165405,0.9049999713897705,C31D11
7,0.39054083824157715,0.9227777719497681,0.4086543023586273,0.8999999761581421,C31D11
8,0.38608312606811523,0.929444432258606,0.40758800506591797,0.8999999761581421,C31D11
9,0.3811478912830353,0.9338889122009277,0.4093689024448395,0.8999999761581421,C31D11
10,0.3792288899421692,0.9361110925674438,0.408059686422348,0.8999999761581421,C31D11
11,0.37732863426208496,0.9383333325386047,0.414343923330307,0.8899999856948853,C31D11
12,0.37440964579582214,0.9411110877990723,0.4110250473022461,0.8999999761581421,C31D11
13,0.3744184672832489,0.9399999976158142,0.40897712111473083,0.9049999713897705,C31D11
14,0.37081483006477356,0.9449999928474426,0.41285648941993713,0.8949999809265137,C31D11
15,0.3687291145324707,0.9461110830307007,0.4076576232910156,0.9049999713897705,C31D11
16,0.36777594685554504,0.9472222328186035,0.41133934259414673,0.8949999809265137,C31D11
17,0.36740514636039734,0.9477777481079102,0.4092142879962921,0.9049999713897705,C31D11
18,0.36658257246017456,0.9477777481079102,0.4122941493988037,0.8949999809265137,C31D11
19,0.365848571062088,0.9483333230018616,0.4101763069629669,0.9049999713897705,C31D11
