index,loss,categorical_accuracy,val_loss,val_categorical_accuracy,model
0,0.3827410638332367,0.9395356774330139,0.36661475896835327,0.9466436505317688,C22D32
1,0.3734634220600128,0.9419323205947876,0.36661475896835327,0.9466436505317688,C22D32
2,0.37214434146881104,0.9419432878494263,0.36661475896835327,0.9466436505317688,C22D32
