index,loss,categorical_accuracy,val_loss,val_categorical_accuracy,model
0,0.4477035105228424,0.8577777743339539,0.40882736444473267,0.8949999809265137,C31D12
1,0.4338810443878174,0.8755555748939514,0.41904139518737793,0.8799999952316284,C31D12
2,0.4248596429824829,0.8822222352027893,0.4312227964401245,0.875,C31D12
3,0.4158482849597931,0.8927778005599976,0.3997372090816498,0.9100000262260437,C31D12
4,0.408211350440979,0.902222216129303,0.40917283296585083,0.9049999713897705,C31D12
5,0.40345296263694763,0.9072222113609314,0.40687915682792664,0.9049999713897705,C31D12
6,0.40486639738082886,0.9038888812065125,0.3957154154777527,0.9100000262260437,C31D12
7,0.39352911710739136,0.9194444417953491,0.40977051854133606,0.9049999713897705,C31D12
8,0.38848236203193665,0.9227777719497681,0.42085379362106323,0.8899999856948853,C31D12
9,0.3820217549800873,0.9311110973358154,0.4018232822418213,0.9150000214576721,C31D12
10,0.3770846426486969,0.9361110925674438,0.40469977259635925,0.8999999761581421,C31D12
11,0.36637088656425476,0.948888897895813,0.40861305594444275,0.8999999761581421,C31D12
12,0.36451348662376404,0.9511111378669739,0.41418182849884033,0.8949999809265137,C31D12
13,0.3597301244735718,0.9561111330986023,0.4068548083305359,0.9049999713897705,C31D12
14,0.3589913547039032,0.9566666483879089,0.4188612997531891,0.8799999952316284,C31D12
15,0.3582264184951782,0.9561111330986023,0.41109099984169006,0.8999999761581421,C31D12
16,0.3580911457538605,0.9566666483879089,0.4133240878582001,0.8999999761581421,C31D12
17,0.3528280556201935,0.9622222185134888,0.421024888753891,0.8849999904632568,C31D12
18,0.35034602880477905,0.9638888835906982,0.41612669825553894,0.8899999856948853,C31D12
19,0.34985652565956116,0.9638888835906982,0.41501879692077637,0.8949999809265137,C31D12
