index,loss,categorical_accuracy,val_loss,val_categorical_accuracy,model
0,0.607708215713501,0.6938889026641846,0.577294111251831,0.7450000047683716,C22D32
1,0.6041487455368042,0.7044444680213928,0.5868780016899109,0.7350000143051147,C22D32
2,0.5957998037338257,0.7222222089767456,0.5840432643890381,0.7300000190734863,C22D32
3,0.6012202501296997,0.7005555629730225,0.5690782070159912,0.7450000047683716,C22D32
4,0.5923069715499878,0.7183333039283752,0.5750995874404907,0.7549999952316284,C22D32
5,0.6018779873847961,0.7038888931274414,0.5810734033584595,0.7350000143051147,C22D32
6,0.6021945476531982,0.7011111378669739,0.5667683482170105,0.7450000047683716,C22D32
7,0.5930957794189453,0.7161111235618591,0.6031930446624756,0.699999988079071,C22D32
8,0.5898783802986145,0.7144444584846497,0.5920466780662537,0.6949999928474426,C22D32
9,0.5901708602905273,0.7238888740539551,0.5702503323554993,0.7549999952316284,C22D32
10,0.5865063071250916,0.7205555438995361,0.5650508999824524,0.7599999904632568,C22D32
11,0.5951249599456787,0.7127777934074402,0.5746428966522217,0.75,C22D32
12,0.6049485802650452,0.6922222375869751,0.5630654096603394,0.7400000095367432,C22D32
13,0.5946614146232605,0.7127777934074402,0.5622259378433228,0.7599999904632568,C22D32
14,0.5891075730323792,0.7166666388511658,0.5598127245903015,0.7549999952316284,C22D32
15,0.5951268672943115,0.7027778029441833,0.5636470317840576,0.7599999904632568,C22D32
16,0.5856704115867615,0.7322221994400024,0.5595720410346985,0.7450000047683716,C22D32
17,0.5849924087524414,0.7183333039283752,0.5831626653671265,0.7250000238418579,C22D32
18,0.5877588391304016,0.7177777886390686,0.5578606724739075,0.75,C22D32
19,0.5858899354934692,0.7161111235618591,0.555684506893158,0.7549999952316284,C22D32
