index,loss,categorical_accuracy,val_loss,val_categorical_accuracy,model
0,0.6798478364944458,0.5594444274902344,0.6823362708091736,0.6050000190734863,C32D22
1,0.6803913116455078,0.5600000023841858,0.681067705154419,0.6499999761581421,C32D22
2,0.6776675581932068,0.5683333277702332,0.6804700493812561,0.6650000214576721,C32D22
3,0.6798617243766785,0.5722222328186035,0.6794206500053406,0.6700000166893005,C32D22
4,0.6785390377044678,0.5638889074325562,0.6756497025489807,0.6549999713897705,C32D22
5,0.6735150218009949,0.5877777934074402,0.6738521456718445,0.6800000071525574,C32D22
6,0.6760594844818115,0.5927777886390686,0.6754027009010315,0.6850000023841858,C32D22
7,0.6708160638809204,0.5938888788223267,0.6710110306739807,0.6899999976158142,C32D22
8,0.6699340343475342,0.605555534362793,0.6669049859046936,0.675000011920929,C32D22
9,0.6657255291938782,0.620555579662323,0.6603732109069824,0.6100000143051147,C32D22
10,0.6696276664733887,0.6166666746139526,0.6617752313613892,0.699999988079071,C32D22
11,0.6598041653633118,0.6288889050483704,0.6601410508155823,0.7049999833106995,C32D22
12,0.6637104749679565,0.6244444251060486,0.6589562892913818,0.7049999833106995,C32D22
13,0.660527765750885,0.6333333253860474,0.6501187086105347,0.699999988079071,C32D22
14,0.6599498987197876,0.6355555653572083,0.653322160243988,0.699999988079071,C32D22
15,0.6562889218330383,0.6594444513320923,0.6426683068275452,0.699999988079071,C32D22
16,0.6576955914497375,0.6438888907432556,0.6636054515838623,0.6650000214576721,C32D22
17,0.6531348824501038,0.644444465637207,0.6357696652412415,0.699999988079071,C32D22
18,0.6528962254524231,0.6538888812065125,0.633385419845581,0.7099999785423279,C32D22
19,0.6513131856918335,0.6372222304344177,0.6322621703147888,0.699999988079071,C32D22
