index,loss,categorical_accuracy,val_loss,val_categorical_accuracy,model
0,0.4471574127674103,0.8655555844306946,0.4285134971141815,0.8849999904632568,C12D32
1,0.4461793303489685,0.8677777647972107,0.410462349653244,0.9049999713897705,C12D32
2,0.4431292712688446,0.8688889145851135,0.41475459933280945,0.8999999761581421,C12D32
3,0.4288499355316162,0.8833333253860474,0.4068686366081238,0.9049999713897705,C12D32
4,0.42740485072135925,0.8844444155693054,0.3957393169403076,0.9200000166893005,C12D32
5,0.4182295501232147,0.8955555558204651,0.41364556550979614,0.8999999761581421,C12D32
6,0.4190892279148102,0.894444465637207,0.4106389880180359,0.8999999761581421,C12D32
7,0.4199877977371216,0.8916666507720947,0.4156000018119812,0.8949999809265137,C12D32
8,0.41441643238067627,0.898888885974884,0.40548333525657654,0.9049999713897705,C12D32
9,0.4123341739177704,0.9016666412353516,0.4163181185722351,0.8899999856948853,C12D32
10,0.41934096813201904,0.8911111354827881,0.4107237160205841,0.8999999761581421,C12D32
11,0.4142112135887146,0.8999999761581421,0.4081079363822937,0.9049999713897705,C12D32
12,0.40768980979919434,0.9066666960716248,0.4102357029914856,0.9049999713897705,C12D32
13,0.4060857892036438,0.9088888764381409,0.41695690155029297,0.8949999809265137,C12D32
14,0.40484419465065,0.9094444513320923,0.409417986869812,0.9049999713897705,C12D32
15,0.40445706248283386,0.9116666913032532,0.4143761098384857,0.8999999761581421,C12D32
16,0.4010932147502899,0.9133333563804626,0.4041014611721039,0.9049999713897705,C12D32
17,0.39716461300849915,0.9166666865348816,0.40576428174972534,0.9049999713897705,C12D32
18,0.3950197398662567,0.9222221970558167,0.41042453050613403,0.9049999713897705,C12D32
19,0.39773908257484436,0.9177777767181396,0.41097140312194824,0.8949999809265137,C12D32
