index,loss,categorical_accuracy,val_loss,val_categorical_accuracy,model
0,0.5797910690307617,0.7155555486679077,0.5745382905006409,0.7400000095367432,C21D11
1,0.5800887942314148,0.7144444584846497,0.5813214778900146,0.7350000143051147,C21D11
2,0.5785021781921387,0.721666693687439,0.6141582131385803,0.6650000214576721,C21D11
3,0.578899085521698,0.7222222089767456,0.6154810190200806,0.6600000262260437,C21D11
4,0.5757076144218445,0.7222222089767456,0.6264920830726624,0.6299999952316284,C21D11
5,0.5760971903800964,0.7200000286102295,0.5965906381607056,0.7099999785423279,C21D11
6,0.5642135143280029,0.7333333492279053,0.6532590389251709,0.5849999785423279,C21D11
7,0.5713023543357849,0.7255555391311646,0.570636510848999,0.7350000143051147,C21D11
8,0.5662654042243958,0.7266666889190674,0.6022359728813171,0.7049999833106995,C21D11
9,0.5717413425445557,0.7244444489479065,0.5610527992248535,0.7450000047683716,C21D11
10,0.5670101642608643,0.7311111092567444,0.615662157535553,0.6800000071525574,C21D11
11,0.5671856999397278,0.7205555438995361,0.552331805229187,0.7649999856948853,C21D11
12,0.5642208456993103,0.7411110997200012,0.582595705986023,0.7250000238418579,C21D11
13,0.5592218041419983,0.7405555844306946,0.5946903824806213,0.7250000238418579,C21D11
14,0.5573358535766602,0.7444444298744202,0.5947350859642029,0.7200000286102295,C21D11
15,0.5540469288825989,0.7461110949516296,0.551017701625824,0.7649999856948853,C21D11
16,0.55936199426651,0.742222249507904,0.5640321969985962,0.7450000047683716,C21D11
17,0.5576318502426147,0.7377777695655823,0.5782337188720703,0.7200000286102295,C21D11
18,0.5491477847099304,0.7549999952316284,0.5446059703826904,0.7699999809265137,C21D11
19,0.5556198358535767,0.7450000047683716,0.5432314872741699,0.7649999856948853,C21D11
