index,loss,categorical_accuracy,val_loss,val_categorical_accuracy,model
0,0.4504965841770172,0.8633333444595337,0.5218440890312195,0.7749999761581421,C12D32
1,0.4454326033592224,0.8694444298744202,0.41695931553840637,0.8999999761581421,C12D32
2,0.44002318382263184,0.8727777600288391,0.4269654154777527,0.8849999904632568,C12D32
3,0.43497830629348755,0.878333330154419,0.4272666573524475,0.8849999904632568,C12D32
4,0.43300217390060425,0.879444420337677,0.42068126797676086,0.8899999856948853,C12D32
5,0.43649861216545105,0.8766666650772095,0.420910120010376,0.8949999809265137,C12D32
6,0.42637041211128235,0.8866666555404663,0.42841464281082153,0.8849999904632568,C12D32
7,0.4352153241634369,0.879444420337677,0.41354697942733765,0.8949999809265137,C12D32
8,0.42989304661750793,0.8816666603088379,0.41809529066085815,0.8949999809265137,C12D32
9,0.43027347326278687,0.8822222352027893,0.42652183771133423,0.8849999904632568,C12D32
10,0.42828691005706787,0.8805555701255798,0.42430341243743896,0.8849999904632568,C12D32
11,0.42704448103904724,0.8838889002799988,0.4290865659713745,0.8849999904632568,C12D32
12,0.421280175447464,0.8916666507720947,0.4267924427986145,0.8799999952316284,C12D32
13,0.4178292453289032,0.897777795791626,0.44099920988082886,0.8700000047683716,C12D32
14,0.42418864369392395,0.8888888955116272,0.44972097873687744,0.8550000190734863,C12D32
15,0.41067424416542053,0.9038888812065125,0.4076501131057739,0.9100000262260437,C12D32
16,0.41809603571891785,0.8955555558204651,0.4186839163303375,0.8949999809265137,C12D32
17,0.41014978289604187,0.9061111211776733,0.41066035628318787,0.9049999713897705,C12D32
18,0.4180118143558502,0.8949999809265137,0.4189172387123108,0.8899999856948853,C12D32
19,0.4063805043697357,0.9066666960716248,0.4150589406490326,0.8999999761581421,C12D32
