index,loss,categorical_accuracy,val_loss,val_categorical_accuracy,model
0,0.4937930703163147,0.8138889074325562,0.45287251472473145,0.8550000190734863,C22D11
1,0.5050039887428284,0.7983333468437195,0.44944173097610474,0.8550000190734863,C22D11
2,0.5068004131317139,0.7933333516120911,0.44643938541412354,0.8700000047683716,C22D11
3,0.5035800933837891,0.7988888621330261,0.44619742035865784,0.8700000047683716,C22D11
4,0.4958482086658478,0.8100000023841858,0.45871585607528687,0.8399999737739563,C22D11
5,0.4928770065307617,0.8172222375869751,0.44102296233177185,0.8849999904632568,C22D11
6,0.4982133209705353,0.8050000071525574,0.44063177704811096,0.8700000047683716,C22D11
7,0.5019291043281555,0.7988888621330261,0.44221732020378113,0.875,C22D11
8,0.4945535361766815,0.8116666674613953,0.4525330364704132,0.8450000286102295,C22D11
9,0.4983232319355011,0.8066666722297668,0.4366319179534912,0.8949999809265137,C22D11
10,0.4875412583351135,0.8177777528762817,0.44595223665237427,0.8650000095367432,C22D11
11,0.495028555393219,0.8100000023841858,0.43461763858795166,0.8899999856948853,C22D11
12,0.4916355311870575,0.8122222423553467,0.46104922890663147,0.824999988079071,C22D11
13,0.49647074937820435,0.8083333373069763,0.446122407913208,0.8450000286102295,C22D11
14,0.49956774711608887,0.804444432258606,0.43499556183815,0.8949999809265137,C22D11
15,0.4950697124004364,0.8133333325386047,0.4405757784843445,0.875,C22D11
16,0.4825807809829712,0.8277778029441833,0.4382844567298889,0.8700000047683716,C22D11
17,0.4943123161792755,0.8105555772781372,0.44194114208221436,0.8600000143051147,C22D11
18,0.49389517307281494,0.8038889169692993,0.44884368777275085,0.8600000143051147,C22D11
19,0.48631787300109863,0.8172222375869751,0.4445206820964813,0.8650000095367432,C22D11
