index,loss,categorical_accuracy,val_loss,val_categorical_accuracy,model
0,0.4434815049171448,0.8666666746139526,0.39525023102760315,0.9200000166893005,C12D12
1,0.43550729751586914,0.8744444251060486,0.41196492314338684,0.8999999761581421,C12D12
2,0.4339990019798279,0.8772222399711609,0.4362322986125946,0.875,C12D12
3,0.4204672574996948,0.8905555605888367,0.4122685194015503,0.9049999713897705,C12D12
4,0.40724998712539673,0.9055555462837219,0.41104117035865784,0.8949999809265137,C12D12
5,0.4112655222415924,0.8983333110809326,0.41553226113319397,0.8949999809265137,C12D12
6,0.4027170240879059,0.9083333611488342,0.4184790551662445,0.8899999856948853,C12D12
7,0.40398505330085754,0.9055555462837219,0.4029110372066498,0.9100000262260437,C12D12
8,0.4013144373893738,0.9100000262260437,0.3944558799266815,0.9200000166893005,C12D12
9,0.39003145694732666,0.9222221970558167,0.38832005858421326,0.9200000166893005,C12D12
10,0.3833256661891937,0.9305555820465088,0.38436436653137207,0.925000011920929,C12D12
11,0.3805426061153412,0.9322222471237183,0.38465631008148193,0.925000011920929,C12D12
12,0.3768174648284912,0.9361110925674438,0.3878431022167206,0.9300000071525574,C12D12
13,0.37644654512405396,0.9361110925674438,0.3946729898452759,0.9049999713897705,C12D12
14,0.37577444314956665,0.9372222423553467,0.3859677016735077,0.9300000071525574,C12D12
15,0.3717145323753357,0.9405555725097656,0.4336758553981781,0.8700000047683716,C12D12
16,0.36963367462158203,0.9444444179534912,0.39959198236465454,0.9150000214576721,C12D12
17,0.3672408163547516,0.9461110830307007,0.3882487118244171,0.9200000166893005,C12D12
18,0.3668280839920044,0.9466666579246521,0.4034619927406311,0.9049999713897705,C12D12
19,0.36650916934013367,0.9472222328186035,0.4024337828159332,0.9049999713897705,C12D12
