index,loss,categorical_accuracy,val_loss,val_categorical_accuracy,model
0,0.4237094521522522,0.8833333253860474,0.4348928928375244,0.875,C31D31
1,0.4034633934497833,0.9072222113609314,0.4370611906051636,0.875,C31D31
2,0.40005648136138916,0.9100000262260437,0.4274282455444336,0.8799999952316284,C31D31
3,0.39495086669921875,0.9161111116409302,0.43220651149749756,0.875,C31D31
4,0.3934532701969147,0.9177777767181396,0.44129711389541626,0.8600000143051147,C31D31
5,0.38315412402153015,0.9277777671813965,0.43442970514297485,0.8700000047683716,C31D31
6,0.3773537874221802,0.9361110925674438,0.4398619830608368,0.8650000095367432,C31D31
7,0.3661874830722809,0.9466666579246521,0.4339982867240906,0.8799999952316284,C31D31
8,0.36627396941185,0.9466666579246521,0.44122835993766785,0.8650000095367432,C31D31
9,0.3590047061443329,0.9549999833106995,0.43433356285095215,0.8799999952316284,C31D31
10,0.3561566472053528,0.9583333134651184,0.4372946619987488,0.8700000047683716,C31D31
11,0.35465243458747864,0.9594444632530212,0.43542903661727905,0.8799999952316284,C31D31
12,0.3543204069137573,0.9588888883590698,0.4334275424480438,0.875,C31D31
13,0.35354623198509216,0.9605555534362793,0.43006184697151184,0.8849999904632568,C31D31
14,0.3520357012748718,0.9616666436195374,0.4327716827392578,0.875,C31D31
15,0.35192546248435974,0.9616666436195374,0.43514934182167053,0.8849999904632568,C31D31
16,0.351086288690567,0.9627777934074402,0.43246328830718994,0.8799999952316284,C31D31
17,0.35042262077331543,0.9633333086967468,0.4324478209018707,0.8799999952316284,C31D31
18,0.3497394025325775,0.9638888835906982,0.4339589774608612,0.8799999952316284,C31D31
19,0.349854439496994,0.9638888835906982,0.4345991611480713,0.875,C31D31
