index,loss,categorical_accuracy,val_loss,val_categorical_accuracy,model
0,0.4525451362133026,0.8577777743339539,0.42310774326324463,0.8899999856948853,C11D21
1,0.44695305824279785,0.8644444346427917,0.43598878383636475,0.8799999952316284,C11D21
2,0.43586379289627075,0.8788889050483704,0.4269751310348511,0.8849999904632568,C11D21
3,0.44427645206451416,0.8638888597488403,0.45852091908454895,0.8600000143051147,C11D21
4,0.4293440282344818,0.8849999904632568,0.45237353444099426,0.8550000190734863,C11D21
5,0.42752155661582947,0.8861111402511597,0.44755223393440247,0.8550000190734863,C11D21
6,0.42497918009757996,0.8888888955116272,0.43808406591415405,0.8700000047683716,C11D21
7,0.4242892861366272,0.8844444155693054,0.44063785672187805,0.8650000095367432,C11D21
8,0.4196528196334839,0.8927778005599976,0.43386468291282654,0.875,C11D21
9,0.41875573992729187,0.8972222208976746,0.4433589279651642,0.8650000095367432,C11D21
10,0.4137834310531616,0.9061111211776733,0.43512076139450073,0.875,C11D21
11,0.4110318422317505,0.902222216129303,0.4367661774158478,0.8700000047683716,C11D21
12,0.4123542904853821,0.9038888812065125,0.433237761259079,0.875,C11D21
13,0.4098961055278778,0.9077777862548828,0.430551677942276,0.8799999952316284,C11D21
14,0.4105817377567291,0.9049999713897705,0.4317459464073181,0.8849999904632568,C11D21
15,0.40153899788856506,0.9150000214576721,0.4397243857383728,0.875,C11D21
16,0.41245272755622864,0.9005555510520935,0.4435845613479614,0.8650000095367432,C11D21
17,0.4023682773113251,0.9111111164093018,0.4418562054634094,0.8700000047683716,C11D21
18,0.40481990575790405,0.9111111164093018,0.43850502371788025,0.875,C11D21
19,0.3978963792324066,0.9188888669013977,0.4390968382358551,0.8700000047683716,C11D21
