index,loss,categorical_accuracy,val_loss,val_categorical_accuracy,model
0,0.5876592397689819,0.7155555486679077,0.5827840566635132,0.7300000190734863,C21D31
1,0.5815240740776062,0.7205555438995361,0.5873422622680664,0.7099999785423279,C21D31
2,0.5742712020874023,0.730555534362793,0.5807490348815918,0.7049999833106995,C21D31
3,0.5687412023544312,0.7394444346427917,0.5791134834289551,0.7099999785423279,C21D31
4,0.5714260339736938,0.7344444394111633,0.5671645998954773,0.7549999952316284,C21D31
5,0.5651074647903442,0.7333333492279053,0.5759442448616028,0.7149999737739563,C21D31
6,0.5637879371643066,0.7427777647972107,0.5632770657539368,0.7350000143051147,C21D31
7,0.5623620748519897,0.7450000047683716,0.5654166340827942,0.7599999904632568,C21D31
8,0.5624955296516418,0.742222249507904,0.5555419325828552,0.7300000190734863,C21D31
9,0.5595653057098389,0.7388888597488403,0.5629338026046753,0.75,C21D31
10,0.5610613226890564,0.7366666793823242,0.5689170956611633,0.7350000143051147,C21D31
11,0.5599104762077332,0.7361111044883728,0.551479697227478,0.7549999952316284,C21D31
12,0.5543015003204346,0.7461110949516296,0.5491296648979187,0.75,C21D31
13,0.544061005115509,0.7588889002799988,0.5464714169502258,0.7749999761581421,C21D31
14,0.5520873069763184,0.75,0.5462638735771179,0.7400000095367432,C21D31
15,0.5442334413528442,0.75,0.5407611727714539,0.7599999904632568,C21D31
16,0.544177234172821,0.754444420337677,0.5545026659965515,0.75,C21D31
17,0.5509976148605347,0.746666669845581,0.5427502393722534,0.75,C21D31
18,0.5498267412185669,0.7494444251060486,0.5484254360198975,0.7450000047683716,C21D31
19,0.5395113229751587,0.7622222304344177,0.5551447868347168,0.7549999952316284,C21D31
