index,loss,categorical_accuracy,val_loss,val_categorical_accuracy,model
0,0.3766147792339325,0.9419378042221069,0.3666342496871948,0.9466436505317688,C31D31
1,0.3713151514530182,0.9419652223587036,0.3666233420372009,0.9466436505317688,C31D31
2,0.3713139593601227,0.9419652223587036,0.3666205108165741,0.9466436505317688,C31D31
