index,loss,categorical_accuracy,val_loss,val_categorical_accuracy,model
0,0.6804183125495911,0.5699999928474426,0.6769284009933472,0.574999988079071,C12D21
1,0.6770580410957336,0.5844444632530212,0.6769104599952698,0.6700000166893005,C12D21
2,0.6771775484085083,0.5899999737739563,0.6718325614929199,0.6000000238418579,C12D21
3,0.67415851354599,0.6027777791023254,0.6688259243965149,0.6200000047683716,C12D21
4,0.6690938472747803,0.6261110901832581,0.6661909222602844,0.675000011920929,C12D21
5,0.6659309267997742,0.6127777695655823,0.6636704802513123,0.6549999713897705,C12D21
6,0.6638479828834534,0.6238889098167419,0.6590422987937927,0.6549999713897705,C12D21
7,0.6611952185630798,0.6261110901832581,0.6538374423980713,0.6600000262260437,C12D21
8,0.6592714190483093,0.6366666555404663,0.6502218842506409,0.6499999761581421,C12D21
9,0.6498672962188721,0.67166668176651,0.645215630531311,0.6600000262260437,C12D21
10,0.6447588205337524,0.6627777814865112,0.6411581635475159,0.675000011920929,C12D21
11,0.6373851299285889,0.6644444465637207,0.6364075541496277,0.6800000071525574,C12D21
12,0.6317445039749146,0.6727777719497681,0.6269707679748535,0.6700000166893005,C12D21
13,0.6240501999855042,0.675000011920929,0.6230652332305908,0.6700000166893005,C12D21
14,0.6168616414070129,0.6961110830307007,0.6174213290214539,0.6850000023841858,C12D21
15,0.6114604473114014,0.7094444632530212,0.6117961406707764,0.6850000023841858,C12D21
16,0.6188633441925049,0.7005555629730225,0.6075618267059326,0.699999988079071,C12D21
17,0.6046096682548523,0.699999988079071,0.6010889410972595,0.6949999928474426,C12D21
18,0.5967609882354736,0.7183333039283752,0.6057302951812744,0.6899999976158142,C12D21
19,0.59402996301651,0.7188888788223267,0.5920842885971069,0.7149999737739563,C12D21
