index,loss,categorical_accuracy,val_loss,val_categorical_accuracy,model
0,0.46863242983818054,0.8399999737739563,0.4701438844203949,0.8299999833106995,C32D11
1,0.4811544120311737,0.8233333230018616,0.4670361578464508,0.8399999737739563,C32D11
2,0.47656741738319397,0.8316666483879089,0.47903069853782654,0.8199999928474426,C32D11
3,0.466292142868042,0.8388888835906982,0.47631895542144775,0.824999988079071,C32D11
4,0.4776073396205902,0.8272222280502319,0.4360126852989197,0.8849999904632568,C32D11
5,0.47015926241874695,0.8388888835906982,0.45375359058380127,0.8450000286102295,C32D11
6,0.4659002721309662,0.8427777886390686,0.43841639161109924,0.8700000047683716,C32D11
7,0.46163102984428406,0.8500000238418579,0.4529697895050049,0.8550000190734863,C32D11
8,0.4684668779373169,0.8383333086967468,0.4264369308948517,0.8799999952316284,C32D11
9,0.46466606855392456,0.8394444584846497,0.44209468364715576,0.8700000047683716,C32D11
10,0.45643582940101624,0.8527777791023254,0.4459955096244812,0.8650000095367432,C32D11
11,0.4683864116668701,0.8383333086967468,0.44138702750205994,0.8650000095367432,C32D11
12,0.4538901150226593,0.8538888692855835,0.4371800124645233,0.8700000047683716,C32D11
13,0.4610324501991272,0.8483333587646484,0.45205485820770264,0.8600000143051147,C32D11
14,0.4571913778781891,0.8533333539962769,0.4448065459728241,0.875,C32D11
15,0.4571518301963806,0.8472222089767456,0.4430924654006958,0.8650000095367432,C32D11
16,0.4476504325866699,0.8638888597488403,0.4296248257160187,0.8799999952316284,C32D11
17,0.4622924029827118,0.8388888835906982,0.44468292593955994,0.875,C32D11
18,0.4501935839653015,0.8588888645172119,0.4358428120613098,0.875,C32D11
19,0.4597846269607544,0.8455555438995361,0.450303316116333,0.8700000047683716,C32D11
