index,loss,categorical_accuracy,val_loss,val_categorical_accuracy,model
0,0.48875921964645386,0.8222222328186035,0.47687581181526184,0.8299999833106995,C32D21
1,0.4910129904747009,0.8149999976158142,0.5018354654312134,0.8100000023841858,C32D21
2,0.479693740606308,0.8322222232818604,0.4678241014480591,0.8450000286102295,C32D21
3,0.4892526865005493,0.8166666626930237,0.47292378544807434,0.8349999785423279,C32D21
4,0.4859026372432709,0.8266666531562805,0.48336395621299744,0.8349999785423279,C32D21
5,0.48286986351013184,0.8311111330986023,0.48174476623535156,0.824999988079071,C32D21
6,0.48367029428482056,0.8294444680213928,0.4768494665622711,0.8299999833106995,C32D21
7,0.4770578444004059,0.8338888883590698,0.47725218534469604,0.8349999785423279,C32D21
8,0.47743573784828186,0.8294444680213928,0.4592836797237396,0.8450000286102295,C32D21
9,0.47798392176628113,0.8344444632530212,0.4761984646320343,0.8399999737739563,C32D21
10,0.4764390289783478,0.8349999785423279,0.48489201068878174,0.824999988079071,C32D21
11,0.47871917486190796,0.8327777981758118,0.5029006004333496,0.800000011920929,C32D21
12,0.4740123748779297,0.8349999785423279,0.4898814260959625,0.824999988079071,C32D21
13,0.4711156189441681,0.8388888835906982,0.46588966250419617,0.8500000238418579,C32D21
14,0.4582701325416565,0.8527777791023254,0.45643728971481323,0.8500000238418579,C32D21
15,0.4774678945541382,0.8327777981758118,0.47119858860969543,0.8299999833106995,C32D21
16,0.4744296669960022,0.8338888883590698,0.48076048493385315,0.824999988079071,C32D21
17,0.4719446897506714,0.8349999785423279,0.48424750566482544,0.8199999928474426,C32D21
18,0.4744027256965637,0.8361111283302307,0.4717046022415161,0.8349999785423279,C32D21
19,0.4641580283641815,0.8500000238418579,0.48096752166748047,0.8299999833106995,C32D21
