index,loss,categorical_accuracy,val_loss,val_categorical_accuracy,model
0,0.6890358328819275,0.5394444465637207,0.6940836906433105,0.5199999809265137,C21D22
1,0.6887742877006531,0.5405555367469788,0.6941070556640625,0.5199999809265137,C21D22
2,0.6883382201194763,0.5416666865348816,0.694145679473877,0.5199999809265137,C21D22
3,0.6879156231880188,0.5444444417953491,0.6941812038421631,0.5199999809265137,C21D22
4,0.6872048377990723,0.5477777719497681,0.6942386627197266,0.5199999809265137,C21D22
5,0.6886104345321655,0.5483333468437195,0.694286048412323,0.5199999809265137,C21D22
6,0.6888251304626465,0.5405555367469788,0.6943234801292419,0.5199999809265137,C21D22
7,0.688366174697876,0.5516666769981384,0.6943863034248352,0.5199999809265137,C21D22
8,0.6882007718086243,0.5494444370269775,0.6944612860679626,0.5199999809265137,C21D22
9,0.6884724497795105,0.5427777767181396,0.6945705413818359,0.5199999809265137,C21D22
10,0.6874528527259827,0.5488888621330261,0.6946573853492737,0.5199999809265137,C21D22
11,0.6873987913131714,0.550000011920929,0.6946724653244019,0.5199999809265137,C21D22
12,0.6884236931800842,0.5483333468437195,0.6947199106216431,0.5199999809265137,C21D22
13,0.6875813007354736,0.5461111068725586,0.6947154402732849,0.5199999809265137,C21D22
14,0.6883003115653992,0.5477777719497681,0.6947441697120667,0.5199999809265137,C21D22
15,0.6885301470756531,0.54666668176651,0.6947891712188721,0.5199999809265137,C21D22
16,0.6876615881919861,0.551111102104187,0.6948229074478149,0.5199999809265137,C21D22
17,0.6871858239173889,0.5522222518920898,0.6948495507240295,0.5199999809265137,C21D22
18,0.6873764395713806,0.5505555272102356,0.6949231028556824,0.5199999809265137,C21D22
19,0.6889334321022034,0.5450000166893005,0.6949365139007568,0.5199999809265137,C21D22
