index,loss,categorical_accuracy,val_loss,val_categorical_accuracy,model
0,0.4234718382358551,0.8894444704055786,0.43632495403289795,0.8799999952316284,C31D22
1,0.42485105991363525,0.8894444704055786,0.438767671585083,0.875,C31D22
2,0.4232988953590393,0.8911111354827881,0.438162237405777,0.875,C31D22
3,0.42059266567230225,0.894444465637207,0.4386241137981415,0.875,C31D22
4,0.4102919399738312,0.9038888812065125,0.4403488039970398,0.875,C31D22
5,0.4045383036136627,0.9111111164093018,0.426532506942749,0.8899999856948853,C31D22
6,0.40791094303131104,0.9066666960716248,0.4339786767959595,0.8799999952316284,C31D22
7,0.4187582731246948,0.8972222208976746,0.4299702048301697,0.8849999904632568,C31D22
8,0.4097043573856354,0.9061111211776733,0.4206688702106476,0.8949999809265137,C31D22
9,0.4039176404476166,0.9105555415153503,0.4694133698940277,0.8450000286102295,C31D22
10,0.40842312574386597,0.9066666960716248,0.45267823338508606,0.8600000143051147,C31D22
11,0.40083450078964233,0.9127777814865112,0.43721291422843933,0.875,C31D22
12,0.40561360120773315,0.9105555415153503,0.4359743595123291,0.8700000047683716,C31D22
13,0.4015493392944336,0.9133333563804626,0.46737557649612427,0.8399999737739563,C31D22
14,0.4054366648197174,0.9094444513320923,0.44042351841926575,0.875,C31D22
15,0.39281749725341797,0.9238888621330261,0.438684344291687,0.875,C31D22
16,0.39103811979293823,0.925000011920929,0.4448935389518738,0.8700000047683716,C31D22
17,0.3960989713668823,0.9183333516120911,0.4451761245727539,0.8700000047683716,C31D22
18,0.4075931906700134,0.9061111211776733,0.43984249234199524,0.875,C31D22
19,0.40035349130630493,0.9150000214576721,0.4494548738002777,0.8650000095367432,C31D22
