index,loss,categorical_accuracy,val_loss,val_categorical_accuracy,model
0,0.6931215524673462,0.507777750492096,0.6938421130180359,0.5,C32D32
1,0.6933057904243469,0.5083333253860474,0.6936782598495483,0.5,C32D32
2,0.6928650736808777,0.5088889002799988,0.6935171484947205,0.5,C32D32
3,0.6931905746459961,0.5088889002799988,0.6934736371040344,0.5,C32D32
4,0.6931654810905457,0.5099999904632568,0.6934511661529541,0.5,C32D32
5,0.6929238438606262,0.5061110854148865,0.693413257598877,0.5,C32D32
6,0.6931958198547363,0.5083333253860474,0.6934247016906738,0.5,C32D32
7,0.6931410431861877,0.5111111402511597,0.6934069991111755,0.5,C32D32
8,0.6927944421768188,0.5122222304344177,0.6934188008308411,0.5,C32D32
9,0.6927496790885925,0.5111111402511597,0.693351686000824,0.5,C32D32
10,0.6933690905570984,0.5111111402511597,0.6933424472808838,0.5,C32D32
11,0.6934720277786255,0.5066666603088379,0.6933304667472839,0.5,C32D32
12,0.6930968761444092,0.507777750492096,0.6933175921440125,0.5,C32D32
13,0.6927907466888428,0.5127778053283691,0.6933175921440125,0.5,C32D32
14,0.6928740739822388,0.5099999904632568,0.6933183073997498,0.5,C32D32
15,0.6932342648506165,0.5066666603088379,0.6933037042617798,0.5,C32D32
16,0.6931001543998718,0.5072222352027893,0.6933059692382812,0.5,C32D32
17,0.6928021311759949,0.5127778053283691,0.6932991147041321,0.5,C32D32
18,0.6928251385688782,0.5094444155693054,0.6932891607284546,0.5,C32D32
19,0.6931195259094238,0.5061110854148865,0.6932858228683472,0.5,C32D32
