index,loss,categorical_accuracy,val_loss,val_categorical_accuracy,model
0,0.5214911103248596,0.7799999713897705,0.48812949657440186,0.8349999785423279,C21D31
1,0.5147737264633179,0.7833333611488342,0.4419565200805664,0.8899999856948853,C21D31
2,0.5055290460586548,0.7955555319786072,0.4686519503593445,0.8349999785423279,C21D31
3,0.5135266780853271,0.7888888716697693,0.44808048009872437,0.8600000143051147,C21D31
4,0.5020549297332764,0.8005555272102356,0.44494888186454773,0.875,C21D31
5,0.5093919634819031,0.7922222018241882,0.4497140645980835,0.8700000047683716,C21D31
6,0.5000491142272949,0.8061110973358154,0.4509894847869873,0.8550000190734863,C21D31
7,0.5160228610038757,0.7850000262260437,0.46259984374046326,0.8349999785423279,C21D31
8,0.5015518665313721,0.8038889169692993,0.45288071036338806,0.8650000095367432,C21D31
9,0.49387094378471375,0.8122222423553467,0.4401422441005707,0.8799999952316284,C21D31
10,0.5068484544754028,0.7922222018241882,0.44038668274879456,0.8899999856948853,C21D31
11,0.5048206448554993,0.7994444370269775,0.44456765055656433,0.8650000095367432,C21D31
12,0.5051119923591614,0.7983333468437195,0.4544307291507721,0.8500000238418579,C21D31
13,0.5046416521072388,0.7994444370269775,0.4440997242927551,0.8700000047683716,C21D31
14,0.4983249604701996,0.804444432258606,0.4431101679801941,0.8899999856948853,C21D31
15,0.4991779327392578,0.8050000071525574,0.46826058626174927,0.8399999737739563,C21D31
16,0.49088039994239807,0.8105555772781372,0.44674623012542725,0.8700000047683716,C21D31
17,0.49999281764030457,0.8038889169692993,0.46810951828956604,0.8399999737739563,C21D31
18,0.49745336174964905,0.8077777624130249,0.46045026183128357,0.8450000286102295,C21D31
19,0.4988960325717926,0.8038889169692993,0.4500848054885864,0.8799999952316284,C21D31
