index,loss,categorical_accuracy,val_loss,val_categorical_accuracy,model
0,0.5189610719680786,0.7927777767181396,0.5151573419570923,0.7950000166893005,C11D22
1,0.5180296897888184,0.7911111116409302,0.5142735838890076,0.7950000166893005,C11D22
2,0.5149841904640198,0.79666668176651,0.539845883846283,0.7699999809265137,C11D22
3,0.5148986577987671,0.8005555272102356,0.5164927244186401,0.8100000023841858,C11D22
4,0.5069144368171692,0.8027777671813965,0.5097718238830566,0.7950000166893005,C11D22
5,0.507211446762085,0.8100000023841858,0.5184019804000854,0.7850000262260437,C11D22
6,0.5104491710662842,0.8022222518920898,0.4995897710323334,0.8100000023841858,C11D22
7,0.5083624124526978,0.8061110973358154,0.4913562834262848,0.824999988079071,C11D22
8,0.49529293179512024,0.8166666626930237,0.5182015895843506,0.8050000071525574,C11D22
9,0.4913865923881531,0.8222222328186035,0.5214223265647888,0.7900000214576721,C11D22
10,0.4885953366756439,0.82833331823349,0.5085858702659607,0.8100000023841858,C11D22
11,0.4869171380996704,0.8266666531562805,0.5254131555557251,0.7900000214576721,C11D22
12,0.49081480503082275,0.8277778029441833,0.511168360710144,0.7799999713897705,C11D22
13,0.48481354117393494,0.8327777981758118,0.5040894150733948,0.800000011920929,C11D22
14,0.4779314398765564,0.8388888835906982,0.5130220651626587,0.800000011920929,C11D22
15,0.4868330657482147,0.8288888931274414,0.5030921697616577,0.8050000071525574,C11D22
16,0.47585633397102356,0.8455555438995361,0.49830877780914307,0.8050000071525574,C11D22
17,0.47592803835868835,0.8438888788223267,0.5067882537841797,0.8050000071525574,C11D22
18,0.4793573319911957,0.8333333134651184,0.5004504323005676,0.8050000071525574,C11D22
19,0.46820947527885437,0.846666693687439,0.4904903769493103,0.8199999928474426,C11D22
