index,loss,categorical_accuracy,val_loss,val_categorical_accuracy,model
0,0.4989839792251587,0.8022222518920898,0.4791421592235565,0.8349999785423279,C32D31
1,0.4828973114490509,0.8216666579246521,0.49719253182411194,0.7950000166893005,C32D31
2,0.483503133058548,0.8266666531562805,0.5438192486763,0.7649999856948853,C32D31
3,0.4844338595867157,0.820555567741394,0.4837146997451782,0.8299999833106995,C32D31
4,0.4881136417388916,0.8161110877990723,0.48641762137413025,0.8149999976158142,C32D31
5,0.479209303855896,0.823888897895813,0.4881438910961151,0.824999988079071,C32D31
6,0.4729193449020386,0.82833331823349,0.510598361492157,0.800000011920929,C32D31
7,0.4744117558002472,0.8294444680213928,0.4728294312953949,0.8199999928474426,C32D31
8,0.47223538160324097,0.8349999785423279,0.46967101097106934,0.8349999785423279,C32D31
9,0.47015321254730225,0.8344444632530212,0.46880024671554565,0.8399999737739563,C32D31
10,0.46829327940940857,0.8388888835906982,0.4750719964504242,0.8299999833106995,C32D31
11,0.4699205160140991,0.8355555534362793,0.4811370074748993,0.8450000286102295,C32D31
12,0.46984246373176575,0.8344444632530212,0.47800540924072266,0.8349999785423279,C32D31
13,0.462077796459198,0.847777783870697,0.47309157252311707,0.8399999737739563,C32D31
14,0.46399664878845215,0.8450000286102295,0.4755616784095764,0.824999988079071,C32D31
15,0.4650464653968811,0.8433333039283752,0.47200119495391846,0.8349999785423279,C32D31
16,0.4610830247402191,0.8399999737739563,0.4891927242279053,0.8299999833106995,C32D31
17,0.4658111333847046,0.8366666436195374,0.47674795985221863,0.8349999785423279,C32D31
18,0.4574609398841858,0.8544444441795349,0.4839150607585907,0.8299999833106995,C32D31
19,0.46365806460380554,0.847777783870697,0.4685811698436737,0.8399999737739563,C32D31
