index,loss,categorical_accuracy,val_loss,val_categorical_accuracy,model
0,0.48009154200553894,0.8366666436195374,0.4341520071029663,0.875,C31D32
1,0.47405341267585754,0.8411111235618591,0.4282504618167877,0.875,C31D32
2,0.46743831038475037,0.8488888740539551,0.43499070405960083,0.8700000047683716,C31D32
3,0.4618694484233856,0.8594444394111633,0.4297928214073181,0.8700000047683716,C31D32
4,0.45794934034347534,0.8622221946716309,0.4205664098262787,0.8849999904632568,C31D32
5,0.4593439996242523,0.8583333492279053,0.4237848222255707,0.8899999856948853,C31D32
6,0.4485236704349518,0.8711110949516296,0.43719542026519775,0.8799999952316284,C31D32
7,0.447653204202652,0.878333330154419,0.45551931858062744,0.8550000190734863,C31D32
8,0.4535682201385498,0.8627777695655823,0.41673964262008667,0.8849999904632568,C31D32
9,0.44517436623573303,0.878333330154419,0.41549646854400635,0.8949999809265137,C31D32
10,0.44927188754081726,0.8727777600288391,0.4267699420452118,0.8849999904632568,C31D32
11,0.44288554787635803,0.8777777552604675,0.42806702852249146,0.875,C31D32
12,0.44213807582855225,0.8788889050483704,0.4410928785800934,0.8650000095367432,C31D32
13,0.4277287423610687,0.894444465637207,0.42817798256874084,0.8700000047683716,C31D32
14,0.4324354827404022,0.8877778053283691,0.43887630105018616,0.8600000143051147,C31D32
15,0.43059128522872925,0.8922222256660461,0.4420677125453949,0.8600000143051147,C31D32
16,0.4242737293243408,0.8961111307144165,0.42862358689308167,0.8849999904632568,C31D32
17,0.42046990990638733,0.9016666412353516,0.41945603489875793,0.8849999904632568,C31D32
18,0.4205063581466675,0.9066666960716248,0.42444273829460144,0.8849999904632568,C31D32
19,0.41299113631248474,0.9122222065925598,0.431552529335022,0.8799999952316284,C31D32
