index,loss,categorical_accuracy,val_loss,val_categorical_accuracy,model
0,0.6104973554611206,0.6961110830307007,0.5678063035011292,0.7649999856948853,C11D22
1,0.5916654467582703,0.7311111092567444,0.5718998908996582,0.7549999952316284,C11D22
2,0.592011570930481,0.7099999785423279,0.5669220685958862,0.7599999904632568,C11D22
3,0.5929685235023499,0.7188888788223267,0.5694061517715454,0.7599999904632568,C11D22
4,0.5803694128990173,0.7416666746139526,0.5652506351470947,0.7649999856948853,C11D22
5,0.5810607075691223,0.7377777695655823,0.5691395401954651,0.7649999856948853,C11D22
6,0.5841368436813354,0.7338888645172119,0.5778713226318359,0.7450000047683716,C11D22
7,0.5805488228797913,0.7327777743339539,0.559092104434967,0.7549999952316284,C11D22
8,0.5727875828742981,0.7472222447395325,0.5629824995994568,0.7850000262260437,C11D22
9,0.5703797340393066,0.7472222447395325,0.5426925420761108,0.7900000214576721,C11D22
10,0.5696411728858948,0.746666669845581,0.5497150421142578,0.7850000262260437,C11D22
11,0.5750018358230591,0.7400000095367432,0.5471311211585999,0.7649999856948853,C11D22
12,0.5748046040534973,0.7322221994400024,0.5374094843864441,0.7850000262260437,C11D22
13,0.5611408352851868,0.7549999952316284,0.5372297167778015,0.7950000166893005,C11D22
14,0.5625892877578735,0.7505555748939514,0.5370722413063049,0.7900000214576721,C11D22
15,0.5628823041915894,0.7472222447395325,0.5391612648963928,0.7950000166893005,C11D22
16,0.555249810218811,0.7622222304344177,0.5454351902008057,0.7799999713897705,C11D22
17,0.5526970028877258,0.7622222304344177,0.5407721400260925,0.7950000166893005,C11D22
18,0.5560750961303711,0.7622222304344177,0.5408324599266052,0.8050000071525574,C11D22
19,0.548925518989563,0.773888885974884,0.5556131601333618,0.75,C11D22
