index,loss,categorical_accuracy,val_loss,val_categorical_accuracy,model
0,0.4995890259742737,0.8038889169692993,0.46499165892601013,0.8299999833106995,C22D31
1,0.5057639479637146,0.8033333420753479,0.4750758111476898,0.8399999737739563,C22D31
2,0.5071006417274475,0.7972221970558167,0.4732847213745117,0.8399999737739563,C22D31
3,0.5064781904220581,0.7994444370269775,0.5027117729187012,0.7950000166893005,C22D31
4,0.4988551139831543,0.8072222471237183,0.47287753224372864,0.8399999737739563,C22D31
5,0.5019202828407288,0.7977777719497681,0.4810240864753723,0.8349999785423279,C22D31
6,0.5036213397979736,0.7977777719497681,0.47800108790397644,0.8299999833106995,C22D31
7,0.49300944805145264,0.8133333325386047,0.4753625988960266,0.8500000238418579,C22D31
8,0.49706026911735535,0.8033333420753479,0.4664255380630493,0.8399999737739563,C22D31
9,0.5021288394927979,0.7955555319786072,0.4607318937778473,0.8450000286102295,C22D31
10,0.4938361942768097,0.8127777576446533,0.46507346630096436,0.8399999737739563,C22D31
11,0.4991782605648041,0.8077777624130249,0.4567771255970001,0.8349999785423279,C22D31
12,0.49196088314056396,0.8116666674613953,0.48011189699172974,0.8349999785423279,C22D31
13,0.49636486172676086,0.8083333373069763,0.5002222657203674,0.8149999976158142,C22D31
14,0.49432796239852905,0.8094444274902344,0.4979046583175659,0.8050000071525574,C22D31
15,0.4970283806324005,0.8111110925674438,0.4691128134727478,0.8299999833106995,C22D31
16,0.4938007891178131,0.8088889122009277,0.4921073019504547,0.8149999976158142,C22D31
17,0.4942050278186798,0.8088889122009277,0.48397132754325867,0.8299999833106995,C22D31
18,0.4826228618621826,0.8222222328186035,0.4644731283187866,0.8399999737739563,C22D31
19,0.48402541875839233,0.8244444727897644,0.5165039300918579,0.7850000262260437,C22D31
