index,loss,categorical_accuracy,val_loss,val_categorical_accuracy,model
0,0.4262526035308838,0.8888888955116272,0.4549579620361328,0.8500000238418579,C31D32
1,0.4273284673690796,0.8855555653572083,0.4440283179283142,0.8650000095367432,C31D32
2,0.41960567235946655,0.894444465637207,0.4422500729560852,0.8700000047683716,C31D32
3,0.4131443202495575,0.9038888812065125,0.466638445854187,0.8450000286102295,C31D32
4,0.41744789481163025,0.8949999809265137,0.4433961510658264,0.875,C31D32
5,0.39801478385925293,0.9194444417953491,0.4371998608112335,0.875,C31D32
6,0.41246864199638367,0.9016666412353516,0.431479275226593,0.8799999952316284,C31D32
7,0.40216362476348877,0.9155555367469788,0.4444564878940582,0.8650000095367432,C31D32
8,0.4030401408672333,0.9133333563804626,0.4332693815231323,0.8799999952316284,C31D32
9,0.4048783779144287,0.9094444513320923,0.4531210958957672,0.8600000143051147,C31D32
10,0.40643271803855896,0.9066666960716248,0.45816513895988464,0.8550000190734863,C31D32
11,0.39910250902175903,0.9172222018241882,0.44381505250930786,0.8600000143051147,C31D32
12,0.39460405707359314,0.92166668176651,0.4504668414592743,0.8600000143051147,C31D32
13,0.39024868607521057,0.925000011920929,0.44389426708221436,0.8650000095367432,C31D32
14,0.38871344923973083,0.929444432258606,0.44027912616729736,0.875,C31D32
15,0.3904578983783722,0.926111102104187,0.4446629583835602,0.8700000047683716,C31D32
16,0.3933676779270172,0.9233333468437195,0.4409487545490265,0.8700000047683716,C31D32
17,0.3938729465007782,0.9227777719497681,0.4357287585735321,0.875,C31D32
18,0.3878200054168701,0.9288889169692993,0.4453781545162201,0.8700000047683716,C31D32
19,0.3782489001750946,0.9377777576446533,0.4414255619049072,0.875,C31D32
