index,loss,categorical_accuracy,val_loss,val_categorical_accuracy,model
0,0.5837210416793823,0.7077777981758118,0.5795263648033142,0.7200000286102295,C32D12
1,0.577804684638977,0.7316666841506958,0.5724545121192932,0.7250000238418579,C32D12
2,0.5766715407371521,0.7250000238418579,0.5626706480979919,0.7549999952316284,C32D12
3,0.5761054158210754,0.7255555391311646,0.5684049129486084,0.7300000190734863,C32D12
4,0.5784962773323059,0.7233333587646484,0.5733726620674133,0.7350000143051147,C32D12
5,0.5734798312187195,0.7294444441795349,0.587395429611206,0.7099999785423279,C32D12
6,0.5689505338668823,0.7355555295944214,0.5638038516044617,0.7250000238418579,C32D12
7,0.5779547691345215,0.7200000286102295,0.564878523349762,0.7350000143051147,C32D12
8,0.5749906301498413,0.7188888788223267,0.567282497882843,0.7200000286102295,C32D12
9,0.5717220306396484,0.7294444441795349,0.5645058155059814,0.7400000095367432,C32D12
10,0.5707669258117676,0.722777783870697,0.5946311950683594,0.6899999976158142,C32D12
11,0.5716400146484375,0.726111114025116,0.5645585656166077,0.7400000095367432,C32D12
12,0.5759631395339966,0.721666693687439,0.5708683133125305,0.7400000095367432,C32D12
13,0.570347785949707,0.7288888692855835,0.5649797916412354,0.7400000095367432,C32D12
14,0.5710020661354065,0.7316666841506958,0.5671966075897217,0.7350000143051147,C32D12
15,0.5589922070503235,0.742222249507904,0.5675036311149597,0.7200000286102295,C32D12
16,0.5673562288284302,0.7355555295944214,0.5718200206756592,0.7300000190734863,C32D12
17,0.5691586136817932,0.7294444441795349,0.5575664043426514,0.75,C32D12
18,0.5604995489120483,0.7383333444595337,0.5641824007034302,0.7350000143051147,C32D12
19,0.5645354986190796,0.7372221946716309,0.5558412671089172,0.7400000095367432,C32D12
