index,loss,categorical_accuracy,val_loss,val_categorical_accuracy,model
0,0.49710625410079956,0.8061110973358154,0.475612998008728,0.8299999833106995,C22D12
1,0.4942110478878021,0.8094444274902344,0.4536795914173126,0.8550000190734863,C22D12
2,0.4811170995235443,0.82833331823349,0.4566200375556946,0.8600000143051147,C22D12
3,0.4870339632034302,0.8177777528762817,0.45314544439315796,0.8600000143051147,C22D12
4,0.47447293996810913,0.82833331823349,0.46601131558418274,0.8349999785423279,C22D12
5,0.4843383729457855,0.8255555629730225,0.46561893820762634,0.8399999737739563,C22D12
6,0.47968900203704834,0.8255555629730225,0.45433616638183594,0.8550000190734863,C22D12
7,0.4835647642612457,0.8233333230018616,0.45713236927986145,0.8500000238418579,C22D12
8,0.4828532338142395,0.8261111378669739,0.45786479115486145,0.8500000238418579,C22D12
9,0.4749269187450409,0.8344444632530212,0.46259376406669617,0.8550000190734863,C22D12
10,0.48424458503723145,0.824999988079071,0.4586823582649231,0.8500000238418579,C22D12
11,0.47907042503356934,0.824999988079071,0.4698917269706726,0.8399999737739563,C22D12
12,0.4732699990272522,0.8338888883590698,0.45441967248916626,0.8550000190734863,C22D12
13,0.4764271378517151,0.8327777981758118,0.4548162817955017,0.8500000238418579,C22D12
14,0.4671613872051239,0.8383333086967468,0.45277440547943115,0.8600000143051147,C22D12
15,0.4734664857387543,0.8277778029441833,0.4634630084037781,0.8450000286102295,C22D12
16,0.46954941749572754,0.8416666388511658,0.4507940709590912,0.8650000095367432,C22D12
17,0.46735918521881104,0.8427777886390686,0.4561362862586975,0.8550000190734863,C22D12
18,0.46296748518943787,0.8427777886390686,0.5073227286338806,0.7799999713897705,C22D12
19,0.46776092052459717,0.8377777934074402,0.44506680965423584,0.8700000047683716,C22D12
