index,loss,categorical_accuracy,val_loss,val_categorical_accuracy,model
0,0.6912346482276917,0.5299999713897705,0.6927646398544312,0.5350000262260437,C22D32
1,0.6918611526489258,0.5322222113609314,0.6923230886459351,0.5350000262260437,C22D32
2,0.6934465169906616,0.5222222208976746,0.6920037269592285,0.5350000262260437,C22D32
3,0.693061113357544,0.5316666960716248,0.6918855905532837,0.5350000262260437,C22D32
4,0.6908884644508362,0.5305555462837219,0.6916007399559021,0.5350000262260437,C22D32
5,0.6908998489379883,0.5372222065925598,0.6912416815757751,0.5350000262260437,C22D32
6,0.6909857988357544,0.5299999713897705,0.691063642501831,0.5350000262260437,C22D32
7,0.690251350402832,0.5327777862548828,0.690883457660675,0.5350000262260437,C22D32
8,0.691298246383667,0.5350000262260437,0.6907702684402466,0.5350000262260437,C22D32
9,0.6907411813735962,0.5361111164093018,0.6906523704528809,0.5350000262260437,C22D32
10,0.6912105083465576,0.5400000214576721,0.6904540061950684,0.5350000262260437,C22D32
11,0.6915273070335388,0.5355555415153503,0.6904686689376831,0.5350000262260437,C22D32
12,0.692495584487915,0.5344444513320923,0.690665602684021,0.5350000262260437,C22D32
13,0.6904837489128113,0.5294444561004639,0.6906681656837463,0.5350000262260437,C22D32
14,0.6925179958343506,0.5327777862548828,0.6908187866210938,0.5350000262260437,C22D32
15,0.6906103491783142,0.5361111164093018,0.6907591223716736,0.5350000262260437,C22D32
16,0.6907808184623718,0.5361111164093018,0.6906743049621582,0.5350000262260437,C22D32
17,0.6899845600128174,0.5361111164093018,0.6906953454017639,0.5350000262260437,C22D32
18,0.6912980079650879,0.5383333563804626,0.6907150745391846,0.5350000262260437,C22D32
19,0.6906680464744568,0.5366666913032532,0.6905868053436279,0.5350000262260437,C22D32
