index,loss,categorical_accuracy,val_loss,val_categorical_accuracy,model
0,0.46490803360939026,0.8444444537162781,0.45809242129325867,0.8349999785423279,C22D11
1,0.4739941656589508,0.8338888883590698,0.45295318961143494,0.8600000143051147,C22D11
2,0.4677138328552246,0.8394444584846497,0.4482572674751282,0.8600000143051147,C22D11
3,0.47347453236579895,0.8294444680213928,0.4612537622451782,0.8399999737739563,C22D11
4,0.45955997705459595,0.8538888692855835,0.45757657289505005,0.8349999785423279,C22D11
5,0.4621431231498718,0.8461111187934875,0.44827762246131897,0.8500000238418579,C22D11
6,0.4576869010925293,0.852222204208374,0.47094836831092834,0.8450000286102295,C22D11
7,0.4647351801395416,0.8366666436195374,0.46251800656318665,0.8600000143051147,C22D11
8,0.46077215671539307,0.8455555438995361,0.45945221185684204,0.8450000286102295,C22D11
9,0.4594534635543823,0.8422222137451172,0.46014320850372314,0.8399999737739563,C22D11
10,0.46203935146331787,0.8433333039283752,0.44998690485954285,0.8500000238418579,C22D11
11,0.4576244652271271,0.8527777791023254,0.44786566495895386,0.8500000238418579,C22D11
12,0.4499043822288513,0.8588888645172119,0.4463650584220886,0.8500000238418579,C22D11
13,0.46098220348358154,0.8455555438995361,0.45120373368263245,0.8550000190734863,C22D11
14,0.45766645669937134,0.8500000238418579,0.45206764340400696,0.8500000238418579,C22D11
15,0.45452436804771423,0.8550000190734863,0.44995570182800293,0.8550000190734863,C22D11
16,0.45551496744155884,0.8516666889190674,0.4477885067462921,0.8500000238418579,C22D11
17,0.4548112750053406,0.8516666889190674,0.4469490349292755,0.8500000238418579,C22D11
18,0.446662575006485,0.8644444346427917,0.450552761554718,0.8550000190734863,C22D11
19,0.44809868931770325,0.8616666793823242,0.4660535454750061,0.8500000238418579,C22D11
