index,loss,categorical_accuracy,val_loss,val_categorical_accuracy,model
0,0.37741926312446594,0.9407038688659668,0.36661475896835327,0.9466436505317688,C12D22
1,0.37181752920150757,0.9418665170669556,0.36661475896835327,0.9466436505317688,C12D22
2,0.3716586232185364,0.9418665170669556,0.36661475896835327,0.9466436505317688,C12D22
