index,loss,categorical_accuracy,val_loss,val_categorical_accuracy,model
0,0.6902993321418762,0.5211111307144165,0.6936110854148865,0.49000000953674316,C31D12
1,0.6899958848953247,0.5211111307144165,0.6932803988456726,0.49000000953674316,C31D12
2,0.6898905634880066,0.5211111307144165,0.6930283308029175,0.49000000953674316,C31D12
3,0.6896402835845947,0.5211111307144165,0.6927574872970581,0.49000000953674316,C31D12
4,0.6894009113311768,0.5211111307144165,0.692414402961731,0.49000000953674316,C31D12
5,0.6891637444496155,0.5211111307144165,0.6924763321876526,0.49000000953674316,C31D12
6,0.6889702081680298,0.5211111307144165,0.6920003294944763,0.49000000953674316,C31D12
7,0.6885949969291687,0.5211111307144165,0.6914369463920593,0.49000000953674316,C31D12
8,0.6882948279380798,0.5211111307144165,0.6914792060852051,0.49000000953674316,C31D12
9,0.6879081130027771,0.5211111307144165,0.691092312335968,0.49000000953674316,C31D12
10,0.6874048113822937,0.5211111307144165,0.6902415752410889,0.49000000953674316,C31D12
11,0.6869470477104187,0.5211111307144165,0.6899831891059875,0.49000000953674316,C31D12
12,0.6863225698471069,0.5222222208976746,0.6895331740379333,0.49000000953674316,C31D12
13,0.6858118176460266,0.5211111307144165,0.6887334585189819,0.49000000953674316,C31D12
14,0.6851897239685059,0.522777795791626,0.6889171600341797,0.49000000953674316,C31D12
15,0.6845698952674866,0.5266666412353516,0.6873400211334229,0.49000000953674316,C31D12
16,0.683160126209259,0.5372222065925598,0.6866509914398193,0.4950000047683716,C31D12
17,0.6821972727775574,0.5572222471237183,0.6870289444923401,0.49000000953674316,C31D12
18,0.6805271506309509,0.5883333086967468,0.6862753033638,0.4950000047683716,C31D12
19,0.6788227558135986,0.5905555486679077,0.6816623210906982,0.6200000047683716,C31D12
