index,loss,categorical_accuracy,val_loss,val_categorical_accuracy,model
0,0.44965246319770813,0.8677777647972107,0.4290963113307953,0.8849999904632568,C31D32
1,0.44879627227783203,0.8627777695655823,0.4441240727901459,0.8700000047683716,C31D32
2,0.43628960847854614,0.8805555701255798,0.4101390540599823,0.8999999761581421,C31D32
3,0.43299198150634766,0.8838889002799988,0.4053077697753906,0.9100000262260437,C31D32
4,0.43647465109825134,0.879444420337677,0.4192134737968445,0.8899999856948853,C31D32
5,0.4263674318790436,0.894444465637207,0.4141453802585602,0.8849999904632568,C31D32
6,0.4207555055618286,0.8994444608688354,0.40837058424949646,0.9049999713897705,C31D32
7,0.4202963709831238,0.8983333110809326,0.4235934317111969,0.8949999809265137,C31D32
8,0.41881346702575684,0.898888885974884,0.4182221293449402,0.8949999809265137,C31D32
9,0.41704076528549194,0.9011111259460449,0.41984397172927856,0.8849999904632568,C31D32
10,0.4125165045261383,0.902222216129303,0.4177503287792206,0.8899999856948853,C31D32
11,0.4080864191055298,0.9072222113609314,0.43593886494636536,0.8700000047683716,C31D32
12,0.40708041191101074,0.9111111164093018,0.4177844226360321,0.8949999809265137,C31D32
13,0.404655784368515,0.9133333563804626,0.43966445326805115,0.8650000095367432,C31D32
14,0.3992480933666229,0.9205555319786072,0.41149094700813293,0.9049999713897705,C31D32
15,0.4035176634788513,0.9133333563804626,0.4204447865486145,0.8899999856948853,C31D32
16,0.40227818489074707,0.9133333563804626,0.43045344948768616,0.8849999904632568,C31D32
17,0.39548778533935547,0.9255555272102356,0.4314936101436615,0.8799999952316284,C31D32
18,0.3998541831970215,0.9211111068725586,0.43132105469703674,0.8799999952316284,C31D32
19,0.39851850271224976,0.9205555319786072,0.40361639857292175,0.9049999713897705,C31D32
