index,loss,categorical_accuracy,val_loss,val_categorical_accuracy,model
0,0.689300537109375,0.5305555462837219,0.6859555840492249,0.5450000166893005,C22D11
1,0.6899721026420593,0.5255555510520935,0.6859886050224304,0.5450000166893005,C22D11
2,0.6899625062942505,0.5249999761581421,0.6854427456855774,0.5450000166893005,C22D11
3,0.6880806684494019,0.5377777814865112,0.6848828196525574,0.5450000166893005,C22D11
4,0.6901490092277527,0.5377777814865112,0.6843836903572083,0.550000011920929,C22D11
5,0.6874162554740906,0.5555555820465088,0.6836466193199158,0.550000011920929,C22D11
6,0.6897879838943481,0.5350000262260437,0.6833547353744507,0.5849999785423279,C22D11
7,0.6868487596511841,0.5488888621330261,0.6819329857826233,0.5550000071525574,C22D11
8,0.6851236820220947,0.5649999976158142,0.6803687214851379,0.5649999976158142,C22D11
9,0.6854135394096375,0.5699999928474426,0.6792768836021423,0.5950000286102295,C22D11
10,0.6849043965339661,0.5566666722297668,0.679466724395752,0.6449999809265137,C22D11
11,0.6873823404312134,0.5438888669013977,0.6768630743026733,0.5649999976158142,C22D11
12,0.6837166547775269,0.5677777528762817,0.6747947931289673,0.6100000143051147,C22D11
13,0.684066891670227,0.5522222518920898,0.6737934947013855,0.625,C22D11
14,0.6845531463623047,0.5672222375869751,0.672844648361206,0.5600000023841858,C22D11
15,0.6815455555915833,0.5694444179534912,0.6716577410697937,0.6850000023841858,C22D11
16,0.6773296594619751,0.5822222232818604,0.6684914231300354,0.675000011920929,C22D11
17,0.6763309836387634,0.5922222137451172,0.6646386981010437,0.625,C22D11
18,0.6758965253829956,0.602222204208374,0.660906970500946,0.6349999904632568,C22D11
19,0.6735788583755493,0.5883333086967468,0.6587557196617126,0.699999988079071,C22D11
