index,loss,categorical_accuracy,val_loss,val_categorical_accuracy,model
0,0.5033822655677795,0.7977777719497681,0.4875189960002899,0.8149999976158142,C22D31
1,0.4976215064525604,0.8027777671813965,0.46674129366874695,0.8550000190734863,C22D31
2,0.4892506003379822,0.8122222423553467,0.46713992953300476,0.8550000190734863,C22D31
3,0.48331528902053833,0.8199999928474426,0.43977248668670654,0.8700000047683716,C22D31
4,0.49431464076042175,0.8127777576446533,0.46847835183143616,0.8399999737739563,C22D31
5,0.48604363203048706,0.8183333277702332,0.45581257343292236,0.8500000238418579,C22D31
6,0.48104122281074524,0.823888897895813,0.4549903869628906,0.8550000190734863,C22D31
7,0.4905410706996918,0.8133333325386047,0.45144012570381165,0.8700000047683716,C22D31
8,0.4888119399547577,0.8183333277702332,0.44785961508750916,0.8550000190734863,C22D31
9,0.4849556088447571,0.8211110830307007,0.4608760476112366,0.8550000190734863,C22D31
10,0.49344924092292786,0.8111110925674438,0.4507456123828888,0.8600000143051147,C22D31
11,0.4888525605201721,0.8144444227218628,0.4384108781814575,0.8799999952316284,C22D31
12,0.4818899631500244,0.823888897895813,0.46223077178001404,0.8500000238418579,C22D31
13,0.486136257648468,0.8227777481079102,0.44590118527412415,0.8600000143051147,C22D31
14,0.4748102128505707,0.8333333134651184,0.471367746591568,0.8349999785423279,C22D31
15,0.49029314517974854,0.8155555725097656,0.47784191370010376,0.824999988079071,C22D31
16,0.47994494438171387,0.8255555629730225,0.4805518090724945,0.824999988079071,C22D31
17,0.47916337847709656,0.8277778029441833,0.4549192786216736,0.8500000238418579,C22D31
18,0.467927485704422,0.8411111235618591,0.44920024275779724,0.8650000095367432,C22D31
19,0.4780197739601135,0.8266666531562805,0.443998247385025,0.875,C22D31
