index,loss,categorical_accuracy,val_loss,val_categorical_accuracy,model
0,0.44046804308891296,0.8738889098167419,0.3806737959384918,0.9350000023841858,C31D32
1,0.43458086252212524,0.8799999952316284,0.3923483192920685,0.9200000166893005,C31D32
2,0.4298255145549774,0.8844444155693054,0.3821961581707001,0.9300000071525574,C31D32
3,0.42906248569488525,0.8861111402511597,0.37663090229034424,0.9399999976158142,C31D32
4,0.41919687390327454,0.8961111307144165,0.44110995531082153,0.8650000095367432,C31D32
5,0.4220169186592102,0.894444465637207,0.401314377784729,0.9049999713897705,C31D32
6,0.4204653203487396,0.8933333158493042,0.39169418811798096,0.925000011920929,C31D32
7,0.4171963632106781,0.8966666460037231,0.396488219499588,0.9150000214576721,C31D32
8,0.41820305585861206,0.897777795791626,0.3918139338493347,0.9150000214576721,C31D32
9,0.4113936126232147,0.9049999713897705,0.4070909023284912,0.8999999761581421,C31D32
10,0.40664318203926086,0.9072222113609314,0.3802453577518463,0.9350000023841858,C31D32
11,0.40880998969078064,0.9077777862548828,0.39004021883010864,0.9150000214576721,C31D32
12,0.39996305108070374,0.9188888669013977,0.38464802503585815,0.925000011920929,C31D32
13,0.41060012578964233,0.9055555462837219,0.3920659124851227,0.9150000214576721,C31D32
14,0.3965073525905609,0.9194444417953491,0.3849482834339142,0.9300000071525574,C31D32
15,0.38792791962623596,0.9305555820465088,0.3857967257499695,0.925000011920929,C31D32
16,0.4010865390300751,0.9150000214576721,0.4258895814418793,0.8849999904632568,C31D32
17,0.39249712228775024,0.9244444370269775,0.40796855092048645,0.9100000262260437,C31D32
18,0.39437612891197205,0.92166668176651,0.39442726969718933,0.925000011920929,C31D32
19,0.38901832699775696,0.9283333420753479,0.39836394786834717,0.9150000214576721,C31D32
