index,loss,categorical_accuracy,val_loss,val_categorical_accuracy,model
0,0.5549970269203186,0.7511110901832581,0.5091789960861206,0.800000011920929,C21D32
1,0.5619518160820007,0.7350000143051147,0.5089446306228638,0.800000011920929,C21D32
2,0.5550501346588135,0.746666669845581,0.5173941254615784,0.7900000214576721,C21D32
3,0.5567960739135742,0.7444444298744202,0.5174865126609802,0.800000011920929,C21D32
4,0.5580785274505615,0.7427777647972107,0.5129237771034241,0.7950000166893005,C21D32
5,0.5620446801185608,0.7405555844306946,0.5084450244903564,0.800000011920929,C21D32
6,0.5524472594261169,0.7494444251060486,0.5336492657661438,0.7649999856948853,C21D32
7,0.5514771342277527,0.7555555701255798,0.5155438780784607,0.7900000214576721,C21D32
8,0.5543050765991211,0.7505555748939514,0.5060462951660156,0.800000011920929,C21D32
9,0.5485499501228333,0.7599999904632568,0.5059882402420044,0.8050000071525574,C21D32
10,0.562811017036438,0.7400000095367432,0.5204887390136719,0.7850000262260437,C21D32
11,0.5543891787528992,0.7472222447395325,0.5201978087425232,0.7850000262260437,C21D32
12,0.5482189655303955,0.7516666650772095,0.510739803314209,0.800000011920929,C21D32
13,0.5522904992103577,0.754444420337677,0.5045681595802307,0.800000011920929,C21D32
14,0.5523272752761841,0.7538889050483704,0.5053775310516357,0.800000011920929,C21D32
15,0.5450811386108398,0.7594444155693054,0.5142072439193726,0.7900000214576721,C21D32
16,0.5484194159507751,0.7549999952316284,0.5023801326751709,0.800000011920929,C21D32
17,0.5495237708091736,0.7505555748939514,0.5077576637268066,0.7850000262260437,C21D32
18,0.5539613962173462,0.7522222399711609,0.5033888220787048,0.800000011920929,C21D32
19,0.545099139213562,0.7583333253860474,0.5043232440948486,0.800000011920929,C21D32
