index,loss,categorical_accuracy,val_loss,val_categorical_accuracy,model
0,0.7067741751670837,0.4611110985279083,0.6913779377937317,0.5550000071525574,C11D22
1,0.6948787569999695,0.4972222149372101,0.6904813647270203,0.5550000071525574,C11D22
2,0.693011999130249,0.5199999809265137,0.6899229288101196,0.5550000071525574,C11D22
3,0.6911994814872742,0.5366666913032532,0.6895132660865784,0.5550000071525574,C11D22
4,0.6911852359771729,0.5366666913032532,0.6892096996307373,0.5550000071525574,C11D22
5,0.6913201212882996,0.5299999713897705,0.6888934969902039,0.5550000071525574,C11D22
6,0.6915101408958435,0.5366666913032532,0.6886571645736694,0.5550000071525574,C11D22
7,0.6910518407821655,0.5338888764381409,0.6885179281234741,0.5550000071525574,C11D22
8,0.6901798248291016,0.5416666865348816,0.688373863697052,0.5550000071525574,C11D22
9,0.6899275779724121,0.5427777767181396,0.6882201433181763,0.5550000071525574,C11D22
10,0.6903834342956543,0.5350000262260437,0.6880598664283752,0.5550000071525574,C11D22
11,0.6899867653846741,0.5366666913032532,0.6879932284355164,0.5550000071525574,C11D22
12,0.689662516117096,0.5433333516120911,0.6879504323005676,0.5550000071525574,C11D22
13,0.6903911828994751,0.5388888716697693,0.6878877282142639,0.5550000071525574,C11D22
14,0.6892390251159668,0.5377777814865112,0.6878104209899902,0.5550000071525574,C11D22
15,0.6903952956199646,0.5333333611488342,0.6877531409263611,0.5550000071525574,C11D22
16,0.6890777349472046,0.5438888669013977,0.6876713633537292,0.5550000071525574,C11D22
17,0.6890257596969604,0.5450000166893005,0.687598466873169,0.5550000071525574,C11D22
18,0.6895837187767029,0.5444444417953491,0.6875484585762024,0.5550000071525574,C11D22
19,0.6895009279251099,0.5405555367469788,0.6874823570251465,0.5550000071525574,C11D22
