index,loss,categorical_accuracy,val_loss,val_categorical_accuracy,model
0,0.4373704493045807,0.871666669845581,0.4460819363594055,0.8650000095367432,C12D31
1,0.4302632510662079,0.879444420337677,0.44054967164993286,0.8700000047683716,C12D31
2,0.4199957549571991,0.8899999856948853,0.4399580657482147,0.8700000047683716,C12D31
3,0.41463297605514526,0.8949999809265137,0.44070205092430115,0.8650000095367432,C12D31
4,0.41107049584388733,0.8966666460037231,0.4286160171031952,0.8799999952316284,C12D31
5,0.40482428669929504,0.9038888812065125,0.43035754561424255,0.8849999904632568,C12D31
6,0.39448919892311096,0.9177777767181396,0.42064887285232544,0.8849999904632568,C12D31
7,0.39053255319595337,0.9233333468437195,0.4431512951850891,0.8600000143051147,C12D31
8,0.38452738523483276,0.9277777671813965,0.41896721720695496,0.8949999809265137,C12D31
9,0.3857848644256592,0.9255555272102356,0.43577757477760315,0.8799999952316284,C12D31
10,0.3786596655845642,0.9366666674613953,0.4267387092113495,0.875,C12D31
11,0.3732295334339142,0.9405555725097656,0.4325604736804962,0.8799999952316284,C12D31
12,0.37031301856040955,0.9449999928474426,0.4325421154499054,0.8799999952316284,C12D31
13,0.367771178483963,0.9461110830307007,0.42597243189811707,0.8899999856948853,C12D31
14,0.3677319884300232,0.9466666579246521,0.42043808102607727,0.8849999904632568,C12D31
15,0.36615538597106934,0.9477777481079102,0.4224279820919037,0.8899999856948853,C12D31
16,0.3651293218135834,0.9494444727897644,0.4236564636230469,0.8899999856948853,C12D31
17,0.3644694685935974,0.9494444727897644,0.42644432187080383,0.8849999904632568,C12D31
18,0.3639705777168274,0.9494444727897644,0.4263988435268402,0.8849999904632568,C12D31
19,0.36268970370292664,0.9516666531562805,0.4240441918373108,0.8849999904632568,C12D31
