index,loss,categorical_accuracy,val_loss,val_categorical_accuracy,model
0,0.3746679425239563,0.9414716362953186,0.36661475896835327,0.9466436505317688,C12D21
1,0.37180963158607483,0.9419049024581909,0.36661475896835327,0.9466436505317688,C12D21
2,0.3717079162597656,0.9419487714767456,0.36661475896835327,0.9466436505317688,C12D21
