index,loss,categorical_accuracy,val_loss,val_categorical_accuracy,model
0,0.4540179669857025,0.852222204208374,0.39811697602272034,0.9150000214576721,C11D21
1,0.4436473846435547,0.8677777647972107,0.3934694230556488,0.9200000166893005,C11D21
2,0.4398210346698761,0.870555579662323,0.4043565094470978,0.9049999713897705,C11D21
3,0.43412134051322937,0.8838889002799988,0.3903154730796814,0.9200000166893005,C11D21
4,0.4294144809246063,0.882777750492096,0.3977896571159363,0.9049999713897705,C11D21
5,0.42688286304473877,0.8866666555404663,0.40342873334884644,0.8999999761581421,C11D21
6,0.4218338131904602,0.8894444704055786,0.38816729187965393,0.925000011920929,C11D21
7,0.42395922541618347,0.8894444704055786,0.38707804679870605,0.925000011920929,C11D21
8,0.4292713701725006,0.8805555701255798,0.39530056715011597,0.9200000166893005,C11D21
9,0.4278416931629181,0.8844444155693054,0.385148823261261,0.925000011920929,C11D21
10,0.41749292612075806,0.897777795791626,0.39217379689216614,0.9150000214576721,C11D21
11,0.4143536388874054,0.8999999761581421,0.3889870345592499,0.9150000214576721,C11D21
12,0.4161795973777771,0.8966666460037231,0.41319069266319275,0.8949999809265137,C11D21
13,0.4100920855998993,0.903333306312561,0.38196438550949097,0.9350000023841858,C11D21
14,0.4126620888710022,0.902222216129303,0.4064997732639313,0.8999999761581421,C11D21
15,0.4096548557281494,0.9072222113609314,0.38776788115501404,0.925000011920929,C11D21
16,0.4166306257247925,0.8949999809265137,0.39184296131134033,0.9150000214576721,C11D21
17,0.4109957218170166,0.9016666412353516,0.38586509227752686,0.9350000023841858,C11D21
18,0.4068795442581177,0.9061111211776733,0.3857397437095642,0.925000011920929,C11D21
19,0.40191978216171265,0.9122222065925598,0.3874511420726776,0.9300000071525574,C11D21
