index,loss,categorical_accuracy,val_loss,val_categorical_accuracy,model
0,0.4482320547103882,0.8600000143051147,0.4356536865234375,0.8700000047683716,C12D12
1,0.43204495310783386,0.875,0.42055365443229675,0.8999999761581421,C12D12
2,0.419737845659256,0.8894444704055786,0.44938498735427856,0.8600000143051147,C12D12
3,0.41432511806488037,0.8994444608688354,0.4377443194389343,0.8700000047683716,C12D12
4,0.40732595324516296,0.9038888812065125,0.4458346664905548,0.8600000143051147,C12D12
5,0.4054933786392212,0.9066666960716248,0.4317374527454376,0.8849999904632568,C12D12
6,0.40275219082832336,0.9088888764381409,0.44883987307548523,0.8550000190734863,C12D12
7,0.3954201936721802,0.9166666865348816,0.4594699740409851,0.8550000190734863,C12D12
8,0.3932107985019684,0.9211111068725586,0.45501965284347534,0.8550000190734863,C12D12
9,0.38491958379745483,0.9288889169692993,0.4783606231212616,0.8299999833106995,C12D12
10,0.3867985010147095,0.9255555272102356,0.44272804260253906,0.8650000095367432,C12D12
11,0.3820948004722595,0.9316666722297668,0.46462714672088623,0.8399999737739563,C12D12
12,0.3790949285030365,0.9350000023841858,0.4578309655189514,0.8500000238418579,C12D12
13,0.37530753016471863,0.9383333325386047,0.4543066918849945,0.8500000238418579,C12D12
14,0.3735520541667938,0.9405555725097656,0.4558175206184387,0.8500000238418579,C12D12
15,0.37149980664253235,0.9422222375869751,0.4584561288356781,0.8500000238418579,C12D12
16,0.3703330457210541,0.9433333277702332,0.4470771849155426,0.8600000143051147,C12D12
17,0.3713557720184326,0.9422222375869751,0.4570505917072296,0.8500000238418579,C12D12
18,0.37006494402885437,0.9438889026641846,0.4569166898727417,0.8500000238418579,C12D12
19,0.36911648511886597,0.9449999928474426,0.4538992643356323,0.8550000190734863,C12D12
