index,loss,categorical_accuracy,val_loss,val_categorical_accuracy,model
0,0.639602541923523,0.6494444608688354,0.6593860387802124,0.6050000190734863,C22D21
1,0.636705756187439,0.6505555510520935,0.6192471981048584,0.6899999976158142,C22D21
2,0.6304571628570557,0.6661111116409302,0.6179277896881104,0.6899999976158142,C22D21
3,0.6315012574195862,0.6633333563804626,0.6089318990707397,0.7049999833106995,C22D21
4,0.6175131797790527,0.6694444417953491,0.6056646108627319,0.6949999928474426,C22D21
5,0.619092583656311,0.675000011920929,0.6141002774238586,0.675000011920929,C22D21
6,0.6099783778190613,0.6883333325386047,0.5960668325424194,0.7300000190734863,C22D21
7,0.6072335243225098,0.7005555629730225,0.6387181282043457,0.6499999761581421,C22D21
8,0.615001916885376,0.6894444227218628,0.5910882949829102,0.7149999737739563,C22D21
9,0.6092672944068909,0.6894444227218628,0.6173548698425293,0.675000011920929,C22D21
10,0.6012445092201233,0.6994444727897644,0.5868607759475708,0.7250000238418579,C22D21
11,0.5996407270431519,0.7077777981758118,0.6021304130554199,0.6800000071525574,C22D21
12,0.5926103591918945,0.699999988079071,0.5841105580329895,0.7049999833106995,C22D21
13,0.5998326539993286,0.7027778029441833,0.5981103777885437,0.6899999976158142,C22D21
14,0.5968651175498962,0.7122222185134888,0.5871744751930237,0.7099999785423279,C22D21
15,0.6094502806663513,0.6805555820465088,0.5962278246879578,0.6850000023841858,C22D21
16,0.5882813334465027,0.7144444584846497,0.6147668361663818,0.6800000071525574,C22D21
17,0.5920299887657166,0.7161111235618591,0.5900257229804993,0.6949999928474426,C22D21
18,0.5894119143486023,0.7122222185134888,0.5864677429199219,0.6949999928474426,C22D21
19,0.5782762169837952,0.7311111092567444,0.5884523987770081,0.6949999928474426,C22D21
