index,loss,categorical_accuracy,val_loss,val_categorical_accuracy,model
0,0.6830853223800659,0.6005555391311646,0.6794624924659729,0.6399999856948853,C12D12
1,0.6811389923095703,0.6355555653572083,0.6781487464904785,0.5799999833106995,C12D12
2,0.6793497204780579,0.6333333253860474,0.6761832237243652,0.75,C12D12
3,0.6768810153007507,0.6588888764381409,0.6715790033340454,0.7300000190734863,C12D12
4,0.6734992265701294,0.6655555367469788,0.6693828701972961,0.7300000190734863,C12D12
5,0.6699524521827698,0.6827777624130249,0.664503276348114,0.7099999785423279,C12D12
6,0.6647889018058777,0.6844444274902344,0.6552720069885254,0.75,C12D12
7,0.6579863429069519,0.6927777528762817,0.661400556564331,0.5950000286102295,C12D12
8,0.6506479978561401,0.6783333420753479,0.6343551278114319,0.7549999952316284,C12D12
9,0.640518844127655,0.6827777624130249,0.6297534108161926,0.6800000071525574,C12D12
10,0.6286508440971375,0.6927777528762817,0.6304931044578552,0.6399999856948853,C12D12
11,0.6170638203620911,0.7055555582046509,0.6186301708221436,0.6600000262260437,C12D12
12,0.6116618514060974,0.7016666531562805,0.577171802520752,0.7900000214576721,C12D12
13,0.6021437048912048,0.7094444632530212,0.5831751227378845,0.7400000095367432,C12D12
14,0.5907983183860779,0.7133333086967468,0.557664155960083,0.800000011920929,C12D12
15,0.5816876888275146,0.7205555438995361,0.5482785105705261,0.7900000214576721,C12D12
16,0.5676952600479126,0.742222249507904,0.5841056108474731,0.6949999928474426,C12D12
17,0.5676793456077576,0.730555534362793,0.5427612066268921,0.7799999713897705,C12D12
18,0.5554435849189758,0.7511110901832581,0.5352721810340881,0.7799999713897705,C12D12
19,0.5477418303489685,0.7566666603088379,0.5743966698646545,0.7049999833106995,C12D12
