index,loss,categorical_accuracy,val_loss,val_categorical_accuracy,model
0,0.4888537526130676,0.8199999928474426,0.40736472606658936,0.9150000214576721,C22D21
1,0.49577921628952026,0.8155555725097656,0.41632920503616333,0.8949999809265137,C22D21
2,0.48795998096466064,0.8188889026641846,0.4062636196613312,0.9049999713897705,C22D21
3,0.489621102809906,0.8188889026641846,0.3985961973667145,0.9150000214576721,C22D21
4,0.4861922860145569,0.8216666579246521,0.42345932126045227,0.8799999952316284,C22D21
5,0.48416802287101746,0.8233333230018616,0.4209861755371094,0.8949999809265137,C22D21
6,0.48743098974227905,0.8183333277702332,0.4067273736000061,0.8999999761581421,C22D21
7,0.47472676634788513,0.8327777981758118,0.42013344168663025,0.8849999904632568,C22D21
8,0.48384976387023926,0.823888897895813,0.4115246534347534,0.9049999713897705,C22D21
9,0.48183202743530273,0.8305555582046509,0.39768245816230774,0.9100000262260437,C22D21
10,0.4803180694580078,0.8255555629730225,0.41588684916496277,0.8999999761581421,C22D21
11,0.4838351905345917,0.8199999928474426,0.41594016551971436,0.8899999856948853,C22D21
12,0.47452765703201294,0.8349999785423279,0.40253186225891113,0.8999999761581421,C22D21
13,0.4746748208999634,0.8327777981758118,0.4062851667404175,0.9049999713897705,C22D21
14,0.47241777181625366,0.8349999785423279,0.41083821654319763,0.8949999809265137,C22D21
15,0.4687807261943817,0.8438888788223267,0.4113444983959198,0.8999999761581421,C22D21
16,0.4636703133583069,0.8427777886390686,0.39669090509414673,0.9100000262260437,C22D21
17,0.4747301936149597,0.8361111283302307,0.4120314419269562,0.8949999809265137,C22D21
18,0.4803568720817566,0.8261111378669739,0.40895161032676697,0.8949999809265137,C22D21
19,0.48195767402648926,0.8261111378669739,0.41414692997932434,0.8949999809265137,C22D21
