index,loss,categorical_accuracy,val_loss,val_categorical_accuracy,model
0,0.4572531580924988,0.8600000143051147,0.49016204476356506,0.8199999928474426,C31D32
1,0.45614948868751526,0.8600000143051147,0.4692757725715637,0.8450000286102295,C31D32
2,0.4452880620956421,0.8766666650772095,0.4910106956958771,0.8199999928474426,C31D32
3,0.4425690472126007,0.8788889050483704,0.49738502502441406,0.8100000023841858,C31D32
4,0.428981214761734,0.8927778005599976,0.4835895895957947,0.8199999928474426,C31D32
5,0.43431392312049866,0.8805555701255798,0.47434383630752563,0.8349999785423279,C31D32
6,0.4345189034938812,0.878333330154419,0.4798736274242401,0.8299999833106995,C31D32
7,0.42549338936805725,0.8933333158493042,0.47670692205429077,0.8349999785423279,C31D32
8,0.43210652470588684,0.8861111402511597,0.4836669862270355,0.8299999833106995,C31D32
9,0.42171651124954224,0.8999999761581421,0.4758148193359375,0.8349999785423279,C31D32
10,0.4244961142539978,0.894444465637207,0.47150370478630066,0.8349999785423279,C31D32
11,0.42276647686958313,0.8927778005599976,0.4824593663215637,0.8299999833106995,C31D32
12,0.4125785231590271,0.9061111211776733,0.46392109990119934,0.8550000190734863,C31D32
13,0.4137986898422241,0.9088888764381409,0.4754399359226227,0.8299999833106995,C31D32
14,0.4175654649734497,0.8994444608688354,0.47648030519485474,0.8349999785423279,C31D32
15,0.41103729605674744,0.9100000262260437,0.4820040464401245,0.8199999928474426,C31D32
16,0.40664052963256836,0.9111111164093018,0.47514021396636963,0.8349999785423279,C31D32
17,0.40914788842201233,0.9150000214576721,0.4887143671512604,0.8199999928474426,C31D32
18,0.4081586003303528,0.9111111164093018,0.47915053367614746,0.8299999833106995,C31D32
19,0.40073785185813904,0.9188888669013977,0.4760913848876953,0.8349999785423279,C31D32
