index,loss,categorical_accuracy,val_loss,val_categorical_accuracy,model
0,0.376213014125824,0.9416855573654175,0.36661475896835327,0.9466436505317688,C21D32
1,0.3716953694820404,0.9419652223587036,0.36661475896835327,0.9466436505317688,C21D32
2,0.3715220093727112,0.9419652223587036,0.36661475896835327,0.9466436505317688,C21D32
