index,loss,categorical_accuracy,val_loss,val_categorical_accuracy,model
0,0.5393876433372498,0.7616666555404663,0.5466180443763733,0.7400000095367432,C12D31
1,0.5319148898124695,0.7705555558204651,0.5241737365722656,0.7599999904632568,C12D31
2,0.5255683660507202,0.7855555415153503,0.5115306973457336,0.7950000166893005,C12D31
3,0.5229983925819397,0.7755555510520935,0.511730968952179,0.800000011920929,C12D31
4,0.5201541185379028,0.772777795791626,0.5336052775382996,0.7549999952316284,C12D31
5,0.5147525072097778,0.7850000262260437,0.5090474486351013,0.7950000166893005,C12D31
6,0.5083602070808411,0.7977777719497681,0.506047248840332,0.8100000023841858,C12D31
7,0.5114955902099609,0.7933333516120911,0.5061128735542297,0.800000011920929,C12D31
8,0.5047422647476196,0.7994444370269775,0.5052027702331543,0.8100000023841858,C12D31
9,0.5043820142745972,0.801111102104187,0.5105705857276917,0.7900000214576721,C12D31
10,0.5005952715873718,0.8033333420753479,0.5042004585266113,0.800000011920929,C12D31
11,0.49468526244163513,0.8138889074325562,0.5309230089187622,0.7900000214576721,C12D31
12,0.49326449632644653,0.8105555772781372,0.4973633289337158,0.8100000023841858,C12D31
13,0.49142006039619446,0.8144444227218628,0.5005084276199341,0.7950000166893005,C12D31
14,0.4837629199028015,0.82833331823349,0.4941612482070923,0.8100000023841858,C12D31
15,0.481437087059021,0.8344444632530212,0.5016945004463196,0.7900000214576721,C12D31
16,0.4848826825618744,0.8272222280502319,0.491115003824234,0.8199999928474426,C12D31
17,0.47565901279449463,0.8349999785423279,0.5087884068489075,0.800000011920929,C12D31
18,0.4756699502468109,0.8344444632530212,0.4903360605239868,0.8149999976158142,C12D31
19,0.4693443477153778,0.8433333039283752,0.5051326751708984,0.8100000023841858,C12D31
