index,loss,categorical_accuracy,val_loss,val_categorical_accuracy,model
0,0.4707188308238983,0.8372222185134888,0.46985548734664917,0.8299999833106995,C22D12
1,0.4580977261066437,0.8494444489479065,0.4996759295463562,0.7900000214576721,C22D12
2,0.4570595324039459,0.8488888740539551,0.4837284982204437,0.8199999928474426,C22D12
3,0.45557165145874023,0.8516666889190674,0.48607951402664185,0.8100000023841858,C22D12
4,0.4565694034099579,0.8566666841506958,0.4763195514678955,0.8299999833106995,C22D12
5,0.46457982063293457,0.8377777934074402,0.47007638216018677,0.8349999785423279,C22D12
6,0.45888638496398926,0.846666693687439,0.49952441453933716,0.8100000023841858,C22D12
7,0.45458266139030457,0.855555534362793,0.4865855872631073,0.8149999976158142,C22D12
8,0.4503419101238251,0.8588888645172119,0.4610590636730194,0.8450000286102295,C22D12
9,0.45913374423980713,0.8461111187934875,0.4771120846271515,0.8299999833106995,C22D12
10,0.4565686583518982,0.8483333587646484,0.5247209668159485,0.7649999856948853,C22D12
11,0.4479207992553711,0.8605555295944214,0.465149462223053,0.8450000286102295,C22D12
12,0.4552944302558899,0.8527777791023254,0.5042072534561157,0.8050000071525574,C22D12
13,0.4572623670101166,0.846666693687439,0.5010850429534912,0.8050000071525574,C22D12
14,0.4532090723514557,0.8544444441795349,0.511728048324585,0.7950000166893005,C22D12
15,0.4522106647491455,0.8533333539962769,0.5284577012062073,0.7649999856948853,C22D12
16,0.4546392261981964,0.852222204208374,0.4839310348033905,0.8199999928474426,C22D12
17,0.4497441053390503,0.8577777743339539,0.4975277781486511,0.8100000023841858,C22D12
18,0.442095547914505,0.8683333396911621,0.46282482147216797,0.824999988079071,C22D12
19,0.44434744119644165,0.8683333396911621,0.4835880398750305,0.824999988079071,C22D12
