index,loss,categorical_accuracy,val_loss,val_categorical_accuracy,model
0,0.6937084794044495,0.5377777814865112,0.6901156902313232,0.5799999833106995,C21D32
1,0.6893881559371948,0.5405555367469788,0.6885861158370972,0.5799999833106995,C21D32
2,0.6891322731971741,0.5494444370269775,0.6863150000572205,0.5799999833106995,C21D32
3,0.6898660659790039,0.5505555272102356,0.6861942410469055,0.5799999833106995,C21D32
4,0.6906266212463379,0.5477777719497681,0.6861754059791565,0.5799999833106995,C21D32
5,0.6884729266166687,0.550000011920929,0.6857743263244629,0.5799999833106995,C21D32
6,0.6904091835021973,0.5494444370269775,0.6850758194923401,0.5799999833106995,C21D32
7,0.6914772987365723,0.5494444370269775,0.6850479245185852,0.5799999833106995,C21D32
8,0.689361035823822,0.5488888621330261,0.6851347088813782,0.5799999833106995,C21D32
9,0.688075602054596,0.5488888621330261,0.6846528649330139,0.5799999833106995,C21D32
10,0.688498854637146,0.5494444370269775,0.6845057010650635,0.5799999833106995,C21D32
11,0.6885805726051331,0.5494444370269775,0.6838010549545288,0.5799999833106995,C21D32
12,0.6879064440727234,0.5494444370269775,0.6831423044204712,0.5799999833106995,C21D32
13,0.6872785091400146,0.5494444370269775,0.6824845671653748,0.5799999833106995,C21D32
14,0.6870309114456177,0.5494444370269775,0.682138979434967,0.5799999833106995,C21D32
15,0.6887966990470886,0.5494444370269775,0.6822749972343445,0.5799999833106995,C21D32
16,0.6872206330299377,0.5494444370269775,0.6820871233940125,0.5799999833106995,C21D32
17,0.6858661770820618,0.5494444370269775,0.6815527081489563,0.5799999833106995,C21D32
18,0.6868034601211548,0.5494444370269775,0.6810201406478882,0.5799999833106995,C21D32
19,0.6867297291755676,0.5494444370269775,0.6805726885795593,0.5799999833106995,C21D32
