index,loss,categorical_accuracy,val_loss,val_categorical_accuracy,model
0,0.44611915946006775,0.8594444394111633,0.4166659116744995,0.8949999809265137,C12D11
1,0.4315582811832428,0.871666669845581,0.4092356562614441,0.9100000262260437,C12D11
2,0.4207251965999603,0.8894444704055786,0.41034725308418274,0.8999999761581421,C12D11
3,0.41446441411972046,0.8972222208976746,0.42266586422920227,0.8899999856948853,C12D11
4,0.40993890166282654,0.9011111259460449,0.42236971855163574,0.8849999904632568,C12D11
5,0.4024350643157959,0.9094444513320923,0.41707050800323486,0.8899999856948853,C12D11
6,0.3945191204547882,0.9222221970558167,0.4090803265571594,0.9100000262260437,C12D11
7,0.38821351528167725,0.9316666722297668,0.4138692617416382,0.9049999713897705,C12D11
8,0.38602355122566223,0.9333333373069763,0.41287657618522644,0.9049999713897705,C12D11
9,0.3814992904663086,0.9350000023841858,0.4168943762779236,0.8799999952316284,C12D11
10,0.3782542049884796,0.9366666674613953,0.4065990746021271,0.9200000166893005,C12D11
11,0.37408408522605896,0.9477777481079102,0.40971916913986206,0.9150000214576721,C12D11
12,0.3719974756240845,0.9472222328186035,0.4216688871383667,0.8849999904632568,C12D11
13,0.37045717239379883,0.948888897895813,0.4401683807373047,0.8650000095367432,C12D11
14,0.3695843815803528,0.9461110830307007,0.4098757207393646,0.9049999713897705,C12D11
15,0.36620062589645386,0.9516666531562805,0.40868186950683594,0.9049999713897705,C12D11
16,0.36465176939964294,0.9549999833106995,0.40971705317497253,0.8999999761581421,C12D11
17,0.3619830310344696,0.9572222232818604,0.4114362597465515,0.9049999713897705,C12D11
18,0.36110448837280273,0.9577777981758118,0.40767747163772583,0.9049999713897705,C12D11
19,0.35966596007347107,0.9583333134651184,0.4150162637233734,0.8949999809265137,C12D11
