index,loss,categorical_accuracy,val_loss,val_categorical_accuracy,model
0,0.6911176443099976,0.5455555319786072,0.6939356327056885,0.5,C22D12
1,0.6901856064796448,0.5427777767181396,0.6941359043121338,0.5,C22D12
2,0.6905134320259094,0.5433333516120911,0.6942993402481079,0.5,C22D12
3,0.6896420121192932,0.5438888669013977,0.6945874094963074,0.5,C22D12
4,0.6904222369194031,0.5433333516120911,0.6948045492172241,0.5,C22D12
5,0.6906054615974426,0.5433333516120911,0.6948329210281372,0.5,C22D12
6,0.6901909112930298,0.5427777767181396,0.6948068737983704,0.5,C22D12
7,0.6899974942207336,0.5433333516120911,0.6948323249816895,0.5,C22D12
8,0.689437747001648,0.5433333516120911,0.6948283314704895,0.5,C22D12
9,0.6894463300704956,0.5433333516120911,0.6947444677352905,0.5,C22D12
10,0.6895959973335266,0.5433333516120911,0.6949172019958496,0.5,C22D12
11,0.6900373101234436,0.5433333516120911,0.6949185729026794,0.5,C22D12
12,0.6891310811042786,0.5433333516120911,0.6948992013931274,0.5,C22D12
13,0.6886246800422668,0.5433333516120911,0.6944918632507324,0.5,C22D12
14,0.688655436038971,0.5433333516120911,0.694456160068512,0.5,C22D12
15,0.6897428631782532,0.5433333516120911,0.6944786906242371,0.5,C22D12
16,0.6889208555221558,0.5433333516120911,0.6945989727973938,0.5,C22D12
17,0.6895329356193542,0.5433333516120911,0.6942934393882751,0.5,C22D12
18,0.6895790100097656,0.5433333516120911,0.6943490505218506,0.5,C22D12
19,0.6898969411849976,0.5433333516120911,0.6940759420394897,0.5,C22D12
