index,loss,categorical_accuracy,val_loss,val_categorical_accuracy,model
0,0.496148943901062,0.8083333373069763,0.48789122700691223,0.8050000071525574,C11D31
1,0.489987313747406,0.8211110830307007,0.48479175567626953,0.8199999928474426,C11D31
2,0.48627907037734985,0.8216666579246521,0.5033257007598877,0.7950000166893005,C11D31
3,0.48319894075393677,0.8288888931274414,0.48738574981689453,0.8149999976158142,C11D31
4,0.47586989402770996,0.8322222232818604,0.4850507974624634,0.8199999928474426,C11D31
5,0.4699579179286957,0.8444444537162781,0.4846186935901642,0.8199999928474426,C11D31
6,0.4696439504623413,0.8405555486679077,0.49239349365234375,0.8149999976158142,C11D31
7,0.46560630202293396,0.847777783870697,0.48081108927726746,0.824999988079071,C11D31
8,0.46303799748420715,0.8550000190734863,0.4816129803657532,0.8199999928474426,C11D31
9,0.4580157399177551,0.8583333492279053,0.49334007501602173,0.800000011920929,C11D31
10,0.45432865619659424,0.8594444394111633,0.4854075610637665,0.8299999833106995,C11D31
11,0.4498343765735626,0.8683333396911621,0.4859444797039032,0.8100000023841858,C11D31
12,0.4474743902683258,0.8761110901832581,0.47672924399375916,0.824999988079071,C11D31
13,0.44640734791755676,0.8738889098167419,0.4789828062057495,0.8199999928474426,C11D31
14,0.44400161504745483,0.8722222447395325,0.47411346435546875,0.824999988079071,C11D31
15,0.4393664300441742,0.879444420337677,0.4734008014202118,0.8199999928474426,C11D31
16,0.4390900731086731,0.8805555701255798,0.4752228558063507,0.8299999833106995,C11D31
17,0.43488064408302307,0.8838889002799988,0.4739586114883423,0.8299999833106995,C11D31
18,0.434299498796463,0.8833333253860474,0.47654902935028076,0.8299999833106995,C11D31
19,0.42977961897850037,0.8949999809265137,0.47894322872161865,0.8299999833106995,C11D31
