index,loss,categorical_accuracy,val_loss,val_categorical_accuracy,model
0,0.6911145448684692,0.528333306312561,0.693858802318573,0.5,C22D21
1,0.6919493675231934,0.5211111307144165,0.6934704780578613,0.5,C22D21
2,0.6941788196563721,0.49888888001441956,0.6937219500541687,0.5,C22D21
3,0.6930335760116577,0.5061110854148865,0.6935806274414062,0.5,C22D21
4,0.6907435655593872,0.5383333563804626,0.6931999921798706,0.5,C22D21
5,0.6917023658752441,0.5277777910232544,0.6930612325668335,0.5,C22D21
6,0.6911349296569824,0.5294444561004639,0.6927470564842224,0.5,C22D21
7,0.6897859573364258,0.5333333611488342,0.6923933625221252,0.5,C22D21
8,0.6903166770935059,0.5477777719497681,0.6922897100448608,0.5,C22D21
9,0.6921709775924683,0.5266666412353516,0.6925210356712341,0.5,C22D21
10,0.6937828063964844,0.5022222399711609,0.692963719367981,0.5,C22D21
11,0.6918441653251648,0.5094444155693054,0.693199634552002,0.5,C22D21
12,0.691693127155304,0.5288888812065125,0.6929817199707031,0.5,C22D21
13,0.6920230984687805,0.5222222208976746,0.6928959488868713,0.5,C22D21
14,0.6907207369804382,0.5333333611488342,0.6923518180847168,0.5,C22D21
15,0.6895418763160706,0.5450000166893005,0.6920110583305359,0.5,C22D21
16,0.6911500096321106,0.54666668176651,0.6919193863868713,0.5,C22D21
17,0.6929871439933777,0.49944445490837097,0.6921432018280029,0.5,C22D21
18,0.6906294822692871,0.5311111211776733,0.6921745538711548,0.5,C22D21
19,0.6909372210502625,0.5216666460037231,0.691974937915802,0.5,C22D21
