index,loss,categorical_accuracy,val_loss,val_categorical_accuracy,model
0,0.4389219880104065,0.8727777600288391,0.38272935152053833,0.9300000071525574,C12D12
1,0.43349841237068176,0.8761110901832581,0.4122353792190552,0.8999999761581421,C12D12
2,0.41748514771461487,0.8938888907432556,0.4069722294807434,0.9049999713897705,C12D12
3,0.41562435030937195,0.8966666460037231,0.39718618988990784,0.9100000262260437,C12D12
4,0.41338351368904114,0.8966666460037231,0.39643096923828125,0.9100000262260437,C12D12
5,0.40003666281700134,0.9133333563804626,0.4048233926296234,0.9049999713897705,C12D12
6,0.39690712094306946,0.9138888716697693,0.4012848138809204,0.9049999713897705,C12D12
7,0.3895055949687958,0.925000011920929,0.39031165838241577,0.925000011920929,C12D12
8,0.3875490725040436,0.9244444370269775,0.3984409272670746,0.9150000214576721,C12D12
9,0.3843083381652832,0.9277777671813965,0.40494826436042786,0.9049999713897705,C12D12
10,0.3790161907672882,0.9344444274902344,0.4063412547111511,0.8999999761581421,C12D12
11,0.3802638351917267,0.9333333373069763,0.4017174541950226,0.9049999713897705,C12D12
12,0.3802131414413452,0.9322222471237183,0.3999895751476288,0.9100000262260437,C12D12
13,0.37264883518218994,0.9411110877990723,0.402606725692749,0.9049999713897705,C12D12
14,0.37073108553886414,0.9422222375869751,0.40354740619659424,0.9100000262260437,C12D12
15,0.3676643967628479,0.945555567741394,0.4047778844833374,0.9049999713897705,C12D12
16,0.3696279525756836,0.9444444179534912,0.405207097530365,0.8949999809265137,C12D12
17,0.3683029115200043,0.945555567741394,0.40288689732551575,0.9049999713897705,C12D12
18,0.36508581042289734,0.948888897895813,0.40537044405937195,0.9049999713897705,C12D12
19,0.3634025752544403,0.949999988079071,0.3996340036392212,0.9100000262260437,C12D12
