index,loss,categorical_accuracy,val_loss,val_categorical_accuracy,model
0,0.4352198839187622,0.8761110901832581,0.464288592338562,0.8399999737739563,C12D11
1,0.42765864729881287,0.8822222352027893,0.4381956160068512,0.8700000047683716,C12D11
2,0.41539624333381653,0.8961111307144165,0.43397074937820435,0.875,C12D11
3,0.40981411933898926,0.9044444561004639,0.4301305115222931,0.8799999952316284,C12D11
4,0.40427932143211365,0.9077777862548828,0.4472634792327881,0.8600000143051147,C12D11
5,0.39729219675064087,0.9150000214576721,0.43570682406425476,0.875,C12D11
6,0.3944924473762512,0.9183333516120911,0.4353080093860626,0.8799999952316284,C12D11
7,0.38842615485191345,0.9266666769981384,0.4426095485687256,0.8600000143051147,C12D11
8,0.38969308137893677,0.9200000166893005,0.43792054057121277,0.8700000047683716,C12D11
9,0.38514381647109985,0.9288889169692993,0.43447449803352356,0.8700000047683716,C12D11
10,0.38165175914764404,0.9327777624130249,0.44314369559288025,0.8650000095367432,C12D11
11,0.37970784306526184,0.9344444274902344,0.42090117931365967,0.8849999904632568,C12D11
12,0.3781217038631439,0.9355555772781372,0.42123982310295105,0.8949999809265137,C12D11
13,0.3759504556655884,0.9377777576446533,0.4267624616622925,0.875,C12D11
14,0.3747750520706177,0.9388889074325562,0.42405468225479126,0.8849999904632568,C12D11
15,0.3745899200439453,0.9388889074325562,0.42187607288360596,0.8899999856948853,C12D11
16,0.3736519515514374,0.9399999976158142,0.423112690448761,0.8849999904632568,C12D11
17,0.3735242486000061,0.9399999976158142,0.4232074022293091,0.8899999856948853,C12D11
18,0.37332144379615784,0.9399999976158142,0.42310914397239685,0.8949999809265137,C12D11
19,0.3730592727661133,0.9405555725097656,0.42345771193504333,0.8899999856948853,C12D11
