index,loss,categorical_accuracy,val_loss,val_categorical_accuracy,model
0,0.6931414604187012,0.5105555653572083,0.6870885491371155,0.5849999785423279,C32D11
1,0.693096935749054,0.5105555653572083,0.687329113483429,0.5849999785423279,C32D11
2,0.6932302713394165,0.5105555653572083,0.6877183318138123,0.5849999785423279,C32D11
3,0.6927637457847595,0.5105555653572083,0.6878141760826111,0.5849999785423279,C32D11
4,0.692874550819397,0.5099999904632568,0.688141942024231,0.5849999785423279,C32D11
5,0.6928715705871582,0.5099999904632568,0.6883533000946045,0.5849999785423279,C32D11
6,0.6927294135093689,0.5105555653572083,0.6882888078689575,0.5849999785423279,C32D11
7,0.6927245855331421,0.5105555653572083,0.6882875561714172,0.5849999785423279,C32D11
8,0.6929306983947754,0.5105555653572083,0.6883726716041565,0.5849999785423279,C32D11
9,0.6927933692932129,0.5094444155693054,0.6880589127540588,0.5849999785423279,C32D11
10,0.6929814219474792,0.5105555653572083,0.6880937218666077,0.5849999785423279,C32D11
11,0.6925773024559021,0.5105555653572083,0.6878151893615723,0.5849999785423279,C32D11
12,0.692764163017273,0.5099999904632568,0.688066303730011,0.5849999785423279,C32D11
13,0.6930232644081116,0.5105555653572083,0.688051700592041,0.5849999785423279,C32D11
14,0.6926240921020508,0.5099999904632568,0.6880800127983093,0.5849999785423279,C32D11
15,0.6929186582565308,0.5105555653572083,0.6881406903266907,0.5849999785423279,C32D11
16,0.6926353573799133,0.5111111402511597,0.6883668303489685,0.5849999785423279,C32D11
17,0.6928653717041016,0.5088889002799988,0.6883980631828308,0.5849999785423279,C32D11
18,0.692782998085022,0.5099999904632568,0.6884958148002625,0.5849999785423279,C32D11
19,0.6926767826080322,0.5088889002799988,0.68858802318573,0.5849999785423279,C32D11
