index,loss,categorical_accuracy,val_loss,val_categorical_accuracy,model
0,0.5855461955070496,0.7161111235618591,0.5753452181816101,0.7250000238418579,C21D22
1,0.5815010070800781,0.7327777743339539,0.5730234980583191,0.7200000286102295,C21D22
2,0.5764947533607483,0.7350000143051147,0.576184093952179,0.7149999737739563,C21D22
3,0.5728805661201477,0.7372221946716309,0.5658769011497498,0.7400000095367432,C21D22
4,0.5682345032691956,0.7394444346427917,0.5626367330551147,0.7450000047683716,C21D22
5,0.5735207200050354,0.7333333492279053,0.5665475726127625,0.7350000143051147,C21D22
6,0.5740773677825928,0.7350000143051147,0.5731460452079773,0.7300000190734863,C21D22
7,0.5685112476348877,0.7433333396911621,0.5689980983734131,0.7250000238418579,C21D22
8,0.5696698427200317,0.7366666793823242,0.5821076035499573,0.7099999785423279,C21D22
9,0.561594545841217,0.7488889098167419,0.5776712894439697,0.7099999785423279,C21D22
10,0.5800479054450989,0.7311111092567444,0.573412299156189,0.7350000143051147,C21D22
11,0.5627784729003906,0.7511110901832581,0.5580806136131287,0.7350000143051147,C21D22
12,0.5696253776550293,0.7394444346427917,0.5602086186408997,0.75,C21D22
13,0.5617493391036987,0.7538889050483704,0.5777889490127563,0.7149999737739563,C21D22
14,0.5600947141647339,0.7561110854148865,0.5700979828834534,0.7300000190734863,C21D22
15,0.5603599548339844,0.757777750492096,0.5697521567344666,0.7200000286102295,C21D22
16,0.5649106502532959,0.745555579662323,0.578734815120697,0.7149999737739563,C21D22
17,0.5647521615028381,0.7472222447395325,0.567267894744873,0.7350000143051147,C21D22
18,0.5640856623649597,0.7383333444595337,0.5718581676483154,0.7350000143051147,C21D22
19,0.5604155659675598,0.745555579662323,0.5653306841850281,0.7350000143051147,C21D22
