index,loss,categorical_accuracy,val_loss,val_categorical_accuracy,model
0,0.4644673466682434,0.8422222137451172,0.4514431655406952,0.8550000190734863,C32D31
1,0.4579557180404663,0.851111114025116,0.43027442693710327,0.8700000047683716,C32D31
2,0.46175724267959595,0.8444444537162781,0.42317086458206177,0.8799999952316284,C32D31
3,0.4495526850223541,0.8605555295944214,0.45226800441741943,0.8550000190734863,C32D31
4,0.44835415482521057,0.8594444394111633,0.42829251289367676,0.8849999904632568,C32D31
5,0.4534306228160858,0.8566666841506958,0.4308532476425171,0.875,C32D31
6,0.4568972885608673,0.8500000238418579,0.4373641908168793,0.8700000047683716,C32D31
7,0.4513971209526062,0.8577777743339539,0.42270219326019287,0.8949999809265137,C32D31
8,0.4419797360897064,0.8650000095367432,0.45658257603645325,0.8550000190734863,C32D31
9,0.44470715522766113,0.8661110997200012,0.43126094341278076,0.875,C32D31
10,0.44721290469169617,0.8611111044883728,0.4554460644721985,0.8450000286102295,C32D31
11,0.4493732750415802,0.8594444394111633,0.41815468668937683,0.8999999761581421,C32D31
12,0.43744003772735596,0.8727777600288391,0.4398996829986572,0.8650000095367432,C32D31
13,0.4492807686328888,0.8566666841506958,0.4111923575401306,0.8899999856948853,C32D31
14,0.4453364312648773,0.8633333444595337,0.43555113673210144,0.8700000047683716,C32D31
15,0.44390690326690674,0.867222249507904,0.4412566125392914,0.8700000047683716,C32D31
16,0.45294395089149475,0.8544444441795349,0.4377695322036743,0.8650000095367432,C32D31
17,0.43671125173568726,0.8744444251060486,0.41716617345809937,0.8899999856948853,C32D31
18,0.44697999954223633,0.8600000143051147,0.4565456509590149,0.8500000238418579,C32D31
19,0.4422222077846527,0.8683333396911621,0.43733692169189453,0.875,C32D31
