index,loss,categorical_accuracy,val_loss,val_categorical_accuracy,model
0,0.4421550929546356,0.8722222447395325,0.4074667692184448,0.9049999713897705,C31D32
1,0.43639233708381653,0.8766666650772095,0.40172308683395386,0.9150000214576721,C31D32
2,0.42752939462661743,0.8861111402511597,0.4269624650478363,0.8849999904632568,C31D32
3,0.4196154475212097,0.8949999809265137,0.4235808253288269,0.8849999904632568,C31D32
4,0.4167013168334961,0.8966666460037231,0.41353607177734375,0.8949999809265137,C31D32
5,0.4080673158168793,0.9049999713897705,0.40834373235702515,0.8999999761581421,C31D32
6,0.4099811017513275,0.9061111211776733,0.39937737584114075,0.9150000214576721,C31D32
7,0.4080163538455963,0.9061111211776733,0.41202598810195923,0.8949999809265137,C31D32
8,0.4061872661113739,0.9072222113609314,0.42448484897613525,0.8849999904632568,C31D32
9,0.4032813310623169,0.9100000262260437,0.41959241032600403,0.8899999856948853,C31D32
10,0.4074340760707855,0.9088888764381409,0.42598217725753784,0.8799999952316284,C31D32
11,0.3954991102218628,0.9200000166893005,0.42223724722862244,0.8899999856948853,C31D32
12,0.39488694071769714,0.92166668176651,0.4411569833755493,0.8650000095367432,C31D32
13,0.40204811096191406,0.9138888716697693,0.41380172967910767,0.8999999761581421,C31D32
14,0.4066723883152008,0.9066666960716248,0.41716980934143066,0.8949999809265137,C31D32
15,0.4012672007083893,0.9144444465637207,0.4229852259159088,0.8849999904632568,C31D32
16,0.398330420255661,0.9138888716697693,0.42344310879707336,0.8899999856948853,C31D32
17,0.3962467312812805,0.9150000214576721,0.4217766523361206,0.8849999904632568,C31D32
18,0.39343419671058655,0.9211111068725586,0.4345749616622925,0.875,C31D32
19,0.39236944913864136,0.9211111068725586,0.42214956879615784,0.8899999856948853,C31D32
