index,loss,categorical_accuracy,val_loss,val_categorical_accuracy,model
0,0.492872953414917,0.8100000023841858,0.4783225953578949,0.8299999833106995,C12D11
1,0.4820665717124939,0.8199999928474426,0.44790735840797424,0.8700000047683716,C12D11
2,0.4734564423561096,0.8299999833106995,0.4876572787761688,0.8149999976158142,C12D11
3,0.47199514508247375,0.8311111330986023,0.4440343379974365,0.8650000095367432,C12D11
4,0.4607694447040558,0.8500000238418579,0.448137104511261,0.875,C12D11
5,0.45726078748703003,0.852222204208374,0.4602792263031006,0.8550000190734863,C12D11
6,0.45321911573410034,0.8544444441795349,0.44405755400657654,0.8650000095367432,C12D11
7,0.4484158456325531,0.8650000095367432,0.44389021396636963,0.8700000047683716,C12D11
8,0.4395996630191803,0.8755555748939514,0.44571158289909363,0.8600000143051147,C12D11
9,0.44370967149734497,0.867222249507904,0.4428856372833252,0.8650000095367432,C12D11
10,0.43193474411964417,0.8799999952316284,0.46339529752731323,0.8550000190734863,C12D11
11,0.43329253792762756,0.8799999952316284,0.44598227739334106,0.8650000095367432,C12D11
12,0.4250800907611847,0.8938888907432556,0.4447663426399231,0.8700000047683716,C12D11
13,0.4252106845378876,0.8861111402511597,0.4407729208469391,0.8799999952316284,C12D11
14,0.42026984691619873,0.8938888907432556,0.4472736120223999,0.8600000143051147,C12D11
15,0.4195235073566437,0.8994444608688354,0.4396930932998657,0.875,C12D11
16,0.4148545265197754,0.9044444561004639,0.4542069137096405,0.8500000238418579,C12D11
17,0.4111101031303406,0.9116666913032532,0.44946929812431335,0.8600000143051147,C12D11
18,0.4086145758628845,0.9111111164093018,0.43736183643341064,0.8700000047683716,C12D11
19,0.40526852011680603,0.9155555367469788,0.4332811236381531,0.8849999904632568,C12D11
