index,loss,categorical_accuracy,val_loss,val_categorical_accuracy,model
0,0.5858099460601807,0.7105555534362793,0.5846149921417236,0.7149999737739563,C21D32
1,0.5884388089179993,0.7027778029441833,0.5840253233909607,0.7149999737739563,C21D32
2,0.5787172913551331,0.7177777886390686,0.5834051370620728,0.7149999737739563,C21D32
3,0.5739582180976868,0.7244444489479065,0.5850154757499695,0.7049999833106995,C21D32
4,0.5843623280525208,0.7161111235618591,0.5911466479301453,0.699999988079071,C21D32
5,0.5833720564842224,0.7138888835906982,0.5896848440170288,0.6899999976158142,C21D32
6,0.5839666128158569,0.7138888835906982,0.5846076011657715,0.7200000286102295,C21D32
7,0.5816959738731384,0.7061111330986023,0.583148181438446,0.7200000286102295,C21D32
8,0.5771902203559875,0.7133333086967468,0.5879518985748291,0.7149999737739563,C21D32
9,0.5801576972007751,0.7177777886390686,0.590843141078949,0.6949999928474426,C21D32
10,0.5807698369026184,0.7177777886390686,0.5863325595855713,0.699999988079071,C21D32
11,0.5781150460243225,0.7133333086967468,0.5763335227966309,0.7250000238418579,C21D32
12,0.5820390582084656,0.7161111235618591,0.573524534702301,0.7200000286102295,C21D32
13,0.5777607560157776,0.7244444489479065,0.5785326361656189,0.7149999737739563,C21D32
14,0.5813069939613342,0.7166666388511658,0.5764955282211304,0.7200000286102295,C21D32
15,0.5659626722335815,0.7355555295944214,0.5738504528999329,0.7400000095367432,C21D32
16,0.5784786939620972,0.7233333587646484,0.5770295262336731,0.7350000143051147,C21D32
17,0.5663423538208008,0.7433333396911621,0.5710785388946533,0.7300000190734863,C21D32
18,0.5740488171577454,0.7244444489479065,0.5733828544616699,0.7350000143051147,C21D32
19,0.5803457498550415,0.722777783870697,0.5767926573753357,0.7250000238418579,C21D32
