index,loss,categorical_accuracy,val_loss,val_categorical_accuracy,model
0,0.4922822117805481,0.8183333277702332,0.4128955602645874,0.8999999761581421,C22D21
1,0.4944402277469635,0.8111110925674438,0.4969433844089508,0.8050000071525574,C22D21
2,0.503026008605957,0.804444432258606,0.4181116223335266,0.8949999809265137,C22D21
3,0.4902266561985016,0.8183333277702332,0.426242470741272,0.8799999952316284,C22D21
4,0.49384140968322754,0.8166666626930237,0.41665008664131165,0.8949999809265137,C22D21
5,0.4963040053844452,0.8105555772781372,0.4157670736312866,0.9049999713897705,C22D21
6,0.49709951877593994,0.8127777576446533,0.42621761560440063,0.8849999904632568,C22D21
7,0.48469075560569763,0.8272222280502319,0.4078783094882965,0.8999999761581421,C22D21
8,0.48956260085105896,0.8172222375869751,0.4330776631832123,0.875,C22D21
9,0.4899834096431732,0.8183333277702332,0.4169919490814209,0.8849999904632568,C22D21
10,0.48956242203712463,0.8183333277702332,0.4205683767795563,0.8849999904632568,C22D21
11,0.4888061583042145,0.8166666626930237,0.4448062479496002,0.8700000047683716,C22D21
12,0.4914949834346771,0.8188889026641846,0.4058528244495392,0.9049999713897705,C22D21
13,0.48626258969306946,0.8183333277702332,0.40822359919548035,0.9100000262260437,C22D21
14,0.4875071346759796,0.8216666579246521,0.4188274145126343,0.8899999856948853,C22D21
15,0.48160281777381897,0.8244444727897644,0.40977030992507935,0.8899999856948853,C22D21
16,0.4845183193683624,0.8227777481079102,0.40867477655410767,0.9049999713897705,C22D21
17,0.48479220271110535,0.8244444727897644,0.40139085054397583,0.9200000166893005,C22D21
18,0.5035362243652344,0.8066666722297668,0.41117772459983826,0.8999999761581421,C22D21
19,0.4857623279094696,0.8244444727897644,0.4120449721813202,0.9049999713897705,C22D21
