index,loss,categorical_accuracy,val_loss,val_categorical_accuracy,model
0,0.441560834646225,0.8650000095367432,0.45903971791267395,0.8450000286102295,C12D31
1,0.4251076579093933,0.8849999904632568,0.461894154548645,0.8399999737739563,C12D31
2,0.4201323091983795,0.8905555605888367,0.4584648013114929,0.8550000190734863,C12D31
3,0.41050803661346436,0.9038888812065125,0.45958560705184937,0.8550000190734863,C12D31
4,0.40641167759895325,0.9044444561004639,0.4577743411064148,0.8500000238418579,C12D31
5,0.4019560217857361,0.9111111164093018,0.461142897605896,0.8399999737739563,C12D31
6,0.39441365003585815,0.9211111068725586,0.4573366641998291,0.8550000190734863,C12D31
7,0.38895556330680847,0.9277777671813965,0.45154616236686707,0.8700000047683716,C12D31
8,0.3867093324661255,0.929444432258606,0.4520479440689087,0.8550000190734863,C12D31
9,0.383435994386673,0.9322222471237183,0.45588424801826477,0.8450000286102295,C12D31
10,0.3781178891658783,0.9388889074325562,0.4410187900066376,0.8700000047683716,C12D31
11,0.37644368410110474,0.9411110877990723,0.4493926167488098,0.8550000190734863,C12D31
12,0.37285488843917847,0.9433333277702332,0.4481848180294037,0.8650000095367432,C12D31
13,0.37125277519226074,0.945555567741394,0.4492190182209015,0.8600000143051147,C12D31
14,0.3699623942375183,0.945555567741394,0.44308021664619446,0.8650000095367432,C12D31
15,0.3676263988018036,0.9494444727897644,0.4514475166797638,0.8500000238418579,C12D31
16,0.3680253326892853,0.9477777481079102,0.4477085769176483,0.8650000095367432,C12D31
17,0.36520248651504517,0.9516666531562805,0.4438135623931885,0.8650000095367432,C12D31
18,0.3634156286716461,0.9522222280502319,0.44717252254486084,0.8550000190734863,C12D31
19,0.36258450150489807,0.9527778029441833,0.4482838809490204,0.8600000143051147,C12D31
