index,loss,categorical_accuracy,val_loss,val_categorical_accuracy,model
0,0.6314805150032043,0.6850000023841858,0.6245046854019165,0.6800000071525574,C11D31
1,0.6246463060379028,0.6894444227218628,0.6051762104034424,0.7149999737739563,C11D31
2,0.6203510761260986,0.6894444227218628,0.5991126298904419,0.7300000190734863,C11D31
3,0.612991213798523,0.6977777481079102,0.5927266478538513,0.7149999737739563,C11D31
4,0.6083927154541016,0.7099999785423279,0.6123472452163696,0.7099999785423279,C11D31
5,0.6005795001983643,0.7122222185134888,0.5848149657249451,0.7300000190734863,C11D31
6,0.6017251014709473,0.6994444727897644,0.5732120275497437,0.7350000143051147,C11D31
7,0.5911548733711243,0.7238888740539551,0.5676690936088562,0.7450000047683716,C11D31
8,0.5922649502754211,0.7172222137451172,0.6084006428718567,0.6899999976158142,C11D31
9,0.5845777988433838,0.727222204208374,0.5601755380630493,0.75,C11D31
10,0.5764099955558777,0.7294444441795349,0.5532970428466797,0.7749999761581421,C11D31
11,0.5734846591949463,0.7350000143051147,0.5549817681312561,0.7799999713897705,C11D31
12,0.5741834044456482,0.726111114025116,0.5438595414161682,0.7699999809265137,C11D31
13,0.5693240761756897,0.7333333492279053,0.5636496543884277,0.7450000047683716,C11D31
14,0.5617674589157104,0.7438889145851135,0.5356587171554565,0.7850000262260437,C11D31
15,0.5594003796577454,0.745555579662323,0.5462077260017395,0.7799999713897705,C11D31
16,0.5590025186538696,0.7433333396911621,0.5348799824714661,0.7699999809265137,C11D31
17,0.5509495139122009,0.7561110854148865,0.5388990044593811,0.7900000214576721,C11D31
18,0.5557206869125366,0.7411110997200012,0.5337477326393127,0.7799999713897705,C11D31
19,0.5577660202980042,0.7477777600288391,0.525336503982544,0.8050000071525574,C11D31
