index,loss,categorical_accuracy,val_loss,val_categorical_accuracy,model
0,0.4415329396724701,0.8638888597488403,0.42537277936935425,0.8799999952316284,C31D11
1,0.4277881681919098,0.8833333253860474,0.4307861328125,0.8700000047683716,C31D11
2,0.4177992343902588,0.894444465637207,0.41783374547958374,0.8899999856948853,C31D11
3,0.41597089171409607,0.8911111354827881,0.40606197714805603,0.8999999761581421,C31D11
4,0.4086908996105194,0.9011111259460449,0.41922301054000854,0.8949999809265137,C31D11
5,0.40353354811668396,0.9077777862548828,0.415800541639328,0.8899999856948853,C31D11
6,0.39881160855293274,0.9127777814865112,0.41415923833847046,0.8999999761581421,C31D11
7,0.3921585977077484,0.9200000166893005,0.42322468757629395,0.8899999856948853,C31D11
8,0.38800108432769775,0.925000011920929,0.4188181757926941,0.8899999856948853,C31D11
9,0.38127046823501587,0.9322222471237183,0.431356281042099,0.8799999952316284,C31D11
10,0.3780690133571625,0.9377777576446533,0.41532039642333984,0.8949999809265137,C31D11
11,0.37536343932151794,0.9383333325386047,0.41547924280166626,0.8949999809265137,C31D11
12,0.3712010979652405,0.9444444179534912,0.41923263669013977,0.8849999904632568,C31D11
13,0.36629584431648254,0.949999988079071,0.41964662075042725,0.8899999856948853,C31D11
14,0.36531856656074524,0.9494444727897644,0.4182353913784027,0.8899999856948853,C31D11
15,0.36285391449928284,0.9522222280502319,0.4170040488243103,0.8949999809265137,C31D11
16,0.36022335290908813,0.9561111330986023,0.41984763741493225,0.8999999761581421,C31D11
17,0.3594801425933838,0.9566666483879089,0.417399138212204,0.8999999761581421,C31D11
18,0.3574471175670624,0.9577777981758118,0.4153391718864441,0.8949999809265137,C31D11
19,0.3568132519721985,0.9583333134651184,0.4209997057914734,0.8899999856948853,C31D11
