index,loss,categorical_accuracy,val_loss,val_categorical_accuracy,model
0,0.5166587829589844,0.7827777862548828,0.46863019466400146,0.8600000143051147,C22D12
1,0.5195347666740417,0.7805555462837219,0.4770442247390747,0.8550000190734863,C22D12
2,0.5119253993034363,0.7877777814865112,0.5224130749702454,0.7799999713897705,C22D12
3,0.5123917460441589,0.7866666913032532,0.4705628454685211,0.8550000190734863,C22D12
4,0.5053938627243042,0.7961111068725586,0.5220375657081604,0.7699999809265137,C22D12
5,0.5071629285812378,0.7972221970558167,0.4883979558944702,0.8199999928474426,C22D12
6,0.49594002962112427,0.8116666674613953,0.4942505955696106,0.8050000071525574,C22D12
7,0.5091536641120911,0.7905555367469788,0.5494174957275391,0.7300000190734863,C22D12
8,0.5114961266517639,0.7883333563804626,0.47368064522743225,0.8450000286102295,C22D12
9,0.498822420835495,0.8094444274902344,0.4832967519760132,0.8349999785423279,C22D12
10,0.4998845160007477,0.7994444370269775,0.5174500346183777,0.7950000166893005,C22D12
11,0.4968222677707672,0.8066666722297668,0.4591907560825348,0.8500000238418579,C22D12
12,0.4944829046726227,0.8100000023841858,0.4633198082447052,0.8600000143051147,C22D12
13,0.49418967962265015,0.8100000023841858,0.505843997001648,0.8100000023841858,C22D12
14,0.4919217824935913,0.8094444274902344,0.544498860836029,0.7400000095367432,C22D12
15,0.49369263648986816,0.8122222423553467,0.5072507262229919,0.7950000166893005,C22D12
16,0.4897614121437073,0.8111110925674438,0.45673316717147827,0.8550000190734863,C22D12
17,0.48606112599372864,0.8211110830307007,0.5072387456893921,0.800000011920929,C22D12
18,0.4920646846294403,0.8094444274902344,0.5491390228271484,0.7300000190734863,C22D12
19,0.4892701506614685,0.8122222423553467,0.48157840967178345,0.8349999785423279,C22D12
