index,loss,categorical_accuracy,val_loss,val_categorical_accuracy,model
0,0.4982931911945343,0.8033333420753479,0.48336532711982727,0.8149999976158142,C21D31
1,0.4942919909954071,0.8122222423553467,0.48373958468437195,0.8399999737739563,C21D31
2,0.49014297127723694,0.8155555725097656,0.48317551612854004,0.8399999737739563,C21D31
3,0.49765875935554504,0.8027777671813965,0.4780392348766327,0.8399999737739563,C21D31
4,0.49077752232551575,0.8094444274902344,0.4798957109451294,0.8349999785423279,C21D31
5,0.4899495840072632,0.8149999976158142,0.48135897517204285,0.8199999928474426,C21D31
6,0.4874006509780884,0.8133333325386047,0.4811452031135559,0.8149999976158142,C21D31
7,0.48714691400527954,0.8194444179534912,0.48407870531082153,0.8149999976158142,C21D31
8,0.4797864556312561,0.82833331823349,0.48100051283836365,0.824999988079071,C21D31
9,0.49161460995674133,0.8105555772781372,0.47761839628219604,0.8349999785423279,C21D31
10,0.4882410764694214,0.8138889074325562,0.48857581615448,0.8149999976158142,C21D31
11,0.4946189224720001,0.8083333373069763,0.5005725026130676,0.800000011920929,C21D31
12,0.48626717925071716,0.8194444179534912,0.47758302092552185,0.8199999928474426,C21D31
13,0.4834601879119873,0.8211110830307007,0.4863842725753784,0.8100000023841858,C21D31
14,0.48095566034317017,0.8244444727897644,0.4750944972038269,0.8299999833106995,C21D31
15,0.48049160838127136,0.824999988079071,0.4747457206249237,0.8299999833106995,C21D31
16,0.4803922474384308,0.8277778029441833,0.47948548197746277,0.8199999928474426,C21D31
17,0.48376166820526123,0.8194444179534912,0.4746488630771637,0.8399999737739563,C21D31
18,0.47610434889793396,0.8361111283302307,0.4764634072780609,0.824999988079071,C21D31
19,0.4706657826900482,0.8361111283302307,0.4746491312980652,0.8399999737739563,C21D31
