index,loss,categorical_accuracy,val_loss,val_categorical_accuracy,model
0,0.4460587501525879,0.8633333444595337,0.4443826675415039,0.8700000047683716,C12D12
1,0.44225195050239563,0.8650000095367432,0.4367257058620453,0.8650000095367432,C12D12
2,0.43998944759368896,0.8677777647972107,0.4202437996864319,0.8849999904632568,C12D12
3,0.4345840513706207,0.8733333349227905,0.44534993171691895,0.8550000190734863,C12D12
4,0.4149092733860016,0.8955555558204651,0.4251970052719116,0.8799999952316284,C12D12
5,0.414809912443161,0.8972222208976746,0.4159955680370331,0.8999999761581421,C12D12
6,0.4170650541782379,0.8911111354827881,0.4089415669441223,0.9049999713897705,C12D12
7,0.40424275398254395,0.9072222113609314,0.4254189431667328,0.8799999952316284,C12D12
8,0.4013952314853668,0.9105555415153503,0.43505096435546875,0.875,C12D12
9,0.3946341276168823,0.9188888669013977,0.41934242844581604,0.8949999809265137,C12D12
10,0.3932094871997833,0.9188888669013977,0.4392128884792328,0.8600000143051147,C12D12
11,0.38942304253578186,0.925000011920929,0.4164064824581146,0.8949999809265137,C12D12
12,0.3817873001098633,0.9338889122009277,0.42600715160369873,0.8799999952316284,C12D12
13,0.3812773525714874,0.9327777624130249,0.4439416825771332,0.8550000190734863,C12D12
14,0.37752050161361694,0.9372222423553467,0.4373956322669983,0.8600000143051147,C12D12
15,0.37701523303985596,0.9383333325386047,0.4329996407032013,0.875,C12D12
16,0.3737456202507019,0.9399999976158142,0.4255748987197876,0.8799999952316284,C12D12
17,0.3729279637336731,0.9399999976158142,0.44245201349258423,0.8600000143051147,C12D12
18,0.3699958920478821,0.9444444179534912,0.4290614426136017,0.8799999952316284,C12D12
19,0.36791741847991943,0.9477777481079102,0.44009149074554443,0.8700000047683716,C12D12
