index,loss,categorical_accuracy,val_loss,val_categorical_accuracy,model
0,0.6128584146499634,0.6922222375869751,0.5882631540298462,0.7450000047683716,C32D12
1,0.6100802421569824,0.6933333277702332,0.5863819122314453,0.7400000095367432,C32D12
2,0.608518123626709,0.6966666579246521,0.5853716135025024,0.7400000095367432,C32D12
3,0.6049265265464783,0.6972222328186035,0.5909358859062195,0.7350000143051147,C32D12
4,0.6029332876205444,0.7049999833106995,0.5867270231246948,0.7400000095367432,C32D12
5,0.6053478717803955,0.7061111330986023,0.6296724081039429,0.6449999809265137,C32D12
6,0.6005226373672485,0.7049999833106995,0.585521399974823,0.7200000286102295,C32D12
7,0.6018760800361633,0.699999988079071,0.5798516273498535,0.7350000143051147,C32D12
8,0.5961005091667175,0.7072222232818604,0.5778836607933044,0.7350000143051147,C32D12
9,0.6008438467979431,0.698888897895813,0.5856630206108093,0.7200000286102295,C32D12
10,0.5981192588806152,0.7027778029441833,0.598231315612793,0.6899999976158142,C32D12
11,0.5919246673583984,0.7194444537162781,0.5988534092903137,0.6850000023841858,C32D12
12,0.5930998921394348,0.7122222185134888,0.589796245098114,0.7099999785423279,C32D12
13,0.5963419079780579,0.7072222232818604,0.5796562433242798,0.75,C32D12
14,0.5899765491485596,0.7138888835906982,0.5880582332611084,0.7149999737739563,C32D12
15,0.5910089015960693,0.7155555486679077,0.5879225730895996,0.7200000286102295,C32D12
16,0.5908069014549255,0.7116666436195374,0.6001932621002197,0.6850000023841858,C32D12
17,0.5886717438697815,0.7111111283302307,0.5817528367042542,0.7149999737739563,C32D12
18,0.5851857662200928,0.7205555438995361,0.5835232734680176,0.7099999785423279,C32D12
19,0.5864371657371521,0.7200000286102295,0.5853720307350159,0.699999988079071,C32D12
