index,loss,categorical_accuracy,val_loss,val_categorical_accuracy,model
0,0.47386226058006287,0.8344444632530212,0.4681379795074463,0.8349999785423279,C22D11
1,0.4627692401409149,0.8427777886390686,0.4604491889476776,0.8600000143051147,C22D11
2,0.4684202969074249,0.8388888835906982,0.46389275789260864,0.8349999785423279,C22D11
3,0.45749589800834656,0.8505555391311646,0.46047431230545044,0.8500000238418579,C22D11
4,0.4654792547225952,0.8427777886390686,0.4624040126800537,0.8450000286102295,C22D11
5,0.4627722501754761,0.8416666388511658,0.4659220576286316,0.824999988079071,C22D11
6,0.47450149059295654,0.824999988079071,0.4537462890148163,0.8600000143051147,C22D11
7,0.46067458391189575,0.8422222137451172,0.45326128602027893,0.8650000095367432,C22D11
8,0.4578564465045929,0.847777783870697,0.45053768157958984,0.875,C22D11
9,0.4595392644405365,0.8438888788223267,0.4504167437553406,0.8600000143051147,C22D11
10,0.455280601978302,0.8500000238418579,0.4519096314907074,0.8650000095367432,C22D11
11,0.462995707988739,0.8427777886390686,0.45483723282814026,0.8500000238418579,C22D11
12,0.46278810501098633,0.8416666388511658,0.4525097608566284,0.8500000238418579,C22D11
13,0.457150399684906,0.8488888740539551,0.45874595642089844,0.8399999737739563,C22D11
14,0.4520561695098877,0.8561111092567444,0.46252644062042236,0.8600000143051147,C22D11
15,0.45204436779022217,0.8550000190734863,0.4551604390144348,0.8399999737739563,C22D11
16,0.4581889510154724,0.8483333587646484,0.45727187395095825,0.8550000190734863,C22D11
17,0.4486945867538452,0.8588888645172119,0.4488753080368042,0.8500000238418579,C22D11
18,0.45592039823532104,0.8527777791023254,0.4475082457065582,0.875,C22D11
19,0.45784616470336914,0.8500000238418579,0.4549245834350586,0.8500000238418579,C22D11
