index,loss,categorical_accuracy,val_loss,val_categorical_accuracy,model
0,0.5362517833709717,0.7722222208976746,0.5289271473884583,0.7749999761581421,C21D22
1,0.5352156162261963,0.769444465637207,0.543331503868103,0.7649999856948853,C21D22
2,0.5277794599533081,0.7816666960716248,0.506796658039093,0.8100000023841858,C21D22
3,0.5270914435386658,0.7877777814865112,0.49005240201950073,0.8299999833106995,C21D22
4,0.5159331560134888,0.7961111068725586,0.5082823634147644,0.800000011920929,C21D22
5,0.5296644568443298,0.7861111164093018,0.5083251595497131,0.8100000023841858,C21D22
6,0.5229802131652832,0.7844444513320923,0.5055877566337585,0.8100000023841858,C21D22
7,0.5362788438796997,0.7716666460037231,0.5067458748817444,0.8100000023841858,C21D22
8,0.5317564010620117,0.7816666960716248,0.5202388167381287,0.7900000214576721,C21D22
9,0.5331193208694458,0.772777795791626,0.5219942331314087,0.7850000262260437,C21D22
10,0.5400294065475464,0.7711111307144165,0.5343559384346008,0.7699999809265137,C21D22
11,0.525148332118988,0.7872222065925598,0.5098922848701477,0.7950000166893005,C21D22
12,0.5335460305213928,0.7777777910232544,0.5099632740020752,0.8149999976158142,C21D22
13,0.5319350957870483,0.7777777910232544,0.5120828747749329,0.800000011920929,C21D22
14,0.5384764671325684,0.7705555558204651,0.5485802888870239,0.75,C21D22
15,0.5174224376678467,0.7972221970558167,0.5321300029754639,0.7749999761581421,C21D22
16,0.532702624797821,0.7761111259460449,0.5102887749671936,0.7950000166893005,C21D22
17,0.52801913022995,0.7838888764381409,0.5128167867660522,0.7950000166893005,C21D22
18,0.5166527032852173,0.7938888669013977,0.5204684138298035,0.800000011920929,C21D22
19,0.5318596959114075,0.7744444608688354,0.5088095664978027,0.800000011920929,C21D22
