index,loss,categorical_accuracy,val_loss,val_categorical_accuracy,model
0,0.5449511408805847,0.7549999952316284,0.5017659068107605,0.8050000071525574,C32D11
1,0.5459462404251099,0.7555555701255798,0.5016031861305237,0.800000011920929,C32D11
2,0.5330115556716919,0.7699999809265137,0.5385933518409729,0.7649999856948853,C32D11
3,0.5420914888381958,0.753333330154419,0.5050171613693237,0.7850000262260437,C32D11
4,0.5370082855224609,0.7644444704055786,0.5073487758636475,0.7900000214576721,C32D11
5,0.5363988280296326,0.7666666507720947,0.5202886462211609,0.7850000262260437,C32D11
6,0.5339891314506531,0.769444465637207,0.49908149242401123,0.8199999928474426,C32D11
7,0.5356776714324951,0.7699999809265137,0.5261061787605286,0.7950000166893005,C32D11
8,0.5298725366592407,0.7722222208976746,0.5026521682739258,0.7950000166893005,C32D11
9,0.536602795124054,0.7677778005599976,0.5089301466941833,0.800000011920929,C32D11
10,0.5313031077384949,0.7672222256660461,0.5077922344207764,0.7950000166893005,C32D11
11,0.5272852778434753,0.7688888907432556,0.49781739711761475,0.8100000023841858,C32D11
12,0.5341847538948059,0.7638888955116272,0.49078449606895447,0.8100000023841858,C32D11
13,0.5245587229728699,0.7711111307144165,0.4981497824192047,0.7850000262260437,C32D11
14,0.5176765322685242,0.7844444513320923,0.5018754601478577,0.8050000071525574,C32D11
15,0.5131274461746216,0.7927777767181396,0.5010395646095276,0.8050000071525574,C32D11
16,0.5209048986434937,0.7822222113609314,0.4891136586666107,0.8149999976158142,C32D11
17,0.5334943532943726,0.7661111354827881,0.4894256293773651,0.8050000071525574,C32D11
18,0.5202829241752625,0.7905555367469788,0.49637410044670105,0.8050000071525574,C32D11
19,0.5281545519828796,0.7722222208976746,0.4891558885574341,0.8199999928474426,C32D11
