index,loss,categorical_accuracy,val_loss,val_categorical_accuracy,model
0,0.472872257232666,0.8372222185134888,0.4253212809562683,0.8899999856948853,C12D22
1,0.47941088676452637,0.8305555582046509,0.438259094953537,0.875,C12D22
2,0.48258084058761597,0.8305555582046509,0.432902455329895,0.8799999952316284,C12D22
3,0.4663398265838623,0.8450000286102295,0.42404308915138245,0.8849999904632568,C12D22
4,0.4625595510005951,0.8494444489479065,0.41890811920166016,0.8949999809265137,C12D22
5,0.4614424407482147,0.8494444489479065,0.4740372896194458,0.8349999785423279,C12D22
6,0.4606301784515381,0.8544444441795349,0.4448913633823395,0.8650000095367432,C12D22
7,0.47041085362434387,0.8388888835906982,0.47877517342567444,0.8349999785423279,C12D22
8,0.45669400691986084,0.8572221994400024,0.4554840326309204,0.8550000190734863,C12D22
9,0.446723610162735,0.8677777647972107,0.46072766184806824,0.8500000238418579,C12D22
10,0.45870256423950195,0.8527777791023254,0.46687981486320496,0.8450000286102295,C12D22
11,0.4538571536540985,0.8583333492279053,0.5033767223358154,0.8100000023841858,C12D22
12,0.4674527645111084,0.8444444537162781,0.42961356043815613,0.8799999952316284,C12D22
13,0.45702099800109863,0.8527777791023254,0.4390755891799927,0.875,C12D22
14,0.44257456064224243,0.8694444298744202,0.513247013092041,0.800000011920929,C12D22
15,0.44588953256607056,0.8655555844306946,0.46177875995635986,0.8500000238418579,C12D22
16,0.43942978978157043,0.8733333349227905,0.4826364815235138,0.8299999833106995,C12D22
17,0.44240719079971313,0.8688889145851135,0.43509089946746826,0.875,C12D22
18,0.4330122768878937,0.8788889050483704,0.45621177554130554,0.8550000190734863,C12D22
19,0.43831706047058105,0.875,0.4565458297729492,0.8550000190734863,C12D22
