index,loss,categorical_accuracy,val_loss,val_categorical_accuracy,model
0,0.4348262548446655,0.8761110901832581,0.40310630202293396,0.9100000262260437,C31D12
1,0.4277137815952301,0.8833333253860474,0.42737922072410583,0.8799999952316284,C31D12
2,0.42350688576698303,0.8866666555404663,0.42355528473854065,0.8799999952316284,C31D12
3,0.41027629375457764,0.8999999761581421,0.41167667508125305,0.8949999809265137,C31D12
4,0.4043458104133606,0.9072222113609314,0.4119336009025574,0.8999999761581421,C31D12
5,0.39456823468208313,0.9188888669013977,0.40985721349716187,0.9049999713897705,C31D12
6,0.3919118046760559,0.9194444417953491,0.41692811250686646,0.8899999856948853,C31D12
7,0.3958333432674408,0.9150000214576721,0.4586956799030304,0.8500000238418579,C31D12
8,0.39842793345451355,0.9133333563804626,0.41136473417282104,0.9049999713897705,C31D12
9,0.3928743898868561,0.9183333516120911,0.41603201627731323,0.8899999856948853,C31D12
10,0.39350318908691406,0.9194444417953491,0.41183924674987793,0.8949999809265137,C31D12
11,0.38256216049194336,0.9283333420753479,0.49036839604377747,0.8149999976158142,C31D12
12,0.3862415850162506,0.926111102104187,0.4558342695236206,0.8550000190734863,C31D12
13,0.37443092465400696,0.9377777576446533,0.4062211513519287,0.9049999713897705,C31D12
14,0.3790569603443146,0.9344444274902344,0.42434296011924744,0.8799999952316284,C31D12
15,0.37239596247673035,0.9405555725097656,0.42303135991096497,0.8899999856948853,C31D12
16,0.3666890561580658,0.9472222328186035,0.42274215817451477,0.8799999952316284,C31D12
17,0.37016943097114563,0.9427777528762817,0.41970548033714294,0.8899999856948853,C31D12
18,0.3666378855705261,0.9472222328186035,0.41936150193214417,0.8949999809265137,C31D12
19,0.3632585108280182,0.9494444727897644,0.4086669087409973,0.8949999809265137,C31D12
