index,loss,categorical_accuracy,val_loss,val_categorical_accuracy,model
0,0.482814759016037,0.8183333277702332,0.44832488894462585,0.8650000095367432,C31D12
1,0.46449947357177734,0.8394444584846497,0.44121086597442627,0.8600000143051147,C31D12
2,0.4501872658729553,0.8588888645172119,0.4326075613498688,0.8700000047683716,C31D12
3,0.4395119845867157,0.8683333396911621,0.4414587914943695,0.875,C31D12
4,0.42980581521987915,0.8788889050483704,0.440623939037323,0.8700000047683716,C31D12
5,0.42472100257873535,0.8866666555404663,0.43634629249572754,0.8700000047683716,C31D12
6,0.4151340425014496,0.8961111307144165,0.43796440958976746,0.8700000047683716,C31D12
7,0.41204583644866943,0.9027777910232544,0.4521121084690094,0.8500000238418579,C31D12
8,0.4031440317630768,0.9100000262260437,0.4440142512321472,0.8650000095367432,C31D12
9,0.4017893373966217,0.9122222065925598,0.44610312581062317,0.8700000047683716,C31D12
10,0.3960041403770447,0.9183333516120911,0.4350682497024536,0.8650000095367432,C31D12
11,0.3913900554180145,0.9233333468437195,0.4328251779079437,0.8650000095367432,C31D12
12,0.39550814032554626,0.9166666865348816,0.44386565685272217,0.8650000095367432,C31D12
13,0.38813331723213196,0.9266666769981384,0.42932188510894775,0.875,C31D12
14,0.3834836483001709,0.9333333373069763,0.43813246488571167,0.8650000095367432,C31D12
15,0.37958425283432007,0.9361110925674438,0.42416542768478394,0.8799999952316284,C31D12
16,0.37520092725753784,0.9411110877990723,0.4219680726528168,0.8799999952316284,C31D12
17,0.3753000795841217,0.9377777576446533,0.4329157769680023,0.875,C31D12
18,0.37614738941192627,0.9399999976158142,0.44652506709098816,0.8600000143051147,C31D12
19,0.37459731101989746,0.9399999976158142,0.43307507038116455,0.8799999952316284,C31D12
