index,loss,categorical_accuracy,val_loss,val_categorical_accuracy,model
0,0.46110913157463074,0.8483333587646484,0.44213536381721497,0.8600000143051147,C22D11
1,0.45763465762138367,0.8494444489479065,0.4465121030807495,0.8600000143051147,C22D11
2,0.45964592695236206,0.8461111187934875,0.4433598220348358,0.8650000095367432,C22D11
3,0.4601118862628937,0.8500000238418579,0.4464521110057831,0.8700000047683716,C22D11
4,0.46392855048179626,0.8388888835906982,0.4412935674190521,0.8700000047683716,C22D11
5,0.46738216280937195,0.8344444632530212,0.4471260905265808,0.8700000047683716,C22D11
6,0.4624326825141907,0.8411111235618591,0.44299256801605225,0.8650000095367432,C22D11
7,0.4596004784107208,0.8416666388511658,0.4401814341545105,0.8650000095367432,C22D11
8,0.4477263391017914,0.8638888597488403,0.4489554464817047,0.8550000190734863,C22D11
9,0.45445170998573303,0.8500000238418579,0.4378388226032257,0.8650000095367432,C22D11
10,0.4528103768825531,0.855555534362793,0.4506642520427704,0.8500000238418579,C22D11
11,0.4538032114505768,0.855555534362793,0.4546152949333191,0.8500000238418579,C22D11
12,0.4597841501235962,0.8488888740539551,0.45913374423980713,0.8500000238418579,C22D11
13,0.4525422155857086,0.8566666841506958,0.44216546416282654,0.8700000047683716,C22D11
14,0.45022445917129517,0.8616666793823242,0.45048782229423523,0.8600000143051147,C22D11
15,0.4506361782550812,0.855555534362793,0.4391423761844635,0.8700000047683716,C22D11
16,0.44538477063179016,0.8577777743339539,0.44001296162605286,0.8650000095367432,C22D11
17,0.4459834396839142,0.8605555295944214,0.4530864655971527,0.8500000238418579,C22D11
18,0.4556358754634857,0.8538888692855835,0.4338796138763428,0.8650000095367432,C22D11
19,0.4447711110115051,0.8644444346427917,0.4486497640609741,0.8600000143051147,C22D11
