index,loss,categorical_accuracy,val_loss,val_categorical_accuracy,model
0,0.42124366760253906,0.8911111354827881,0.43185320496559143,0.875,C12D12
1,0.4162086248397827,0.894444465637207,0.45944565534591675,0.8450000286102295,C12D12
2,0.4111328125,0.8983333110809326,0.45524656772613525,0.8550000190734863,C12D12
3,0.4018922448158264,0.9094444513320923,0.4471501111984253,0.8600000143051147,C12D12
4,0.39865589141845703,0.9127777814865112,0.44219961762428284,0.8700000047683716,C12D12
5,0.39273521304130554,0.9183333516120911,0.44469544291496277,0.8650000095367432,C12D12
6,0.3877969980239868,0.925000011920929,0.43812066316604614,0.8650000095367432,C12D12
7,0.38440924882888794,0.9266666769981384,0.4428602457046509,0.8700000047683716,C12D12
8,0.377401202917099,0.9338889122009277,0.45071646571159363,0.8650000095367432,C12D12
9,0.37724584341049194,0.9338889122009277,0.45129525661468506,0.8650000095367432,C12D12
10,0.36983752250671387,0.9438889026641846,0.44772079586982727,0.8550000190734863,C12D12
11,0.3695339858531952,0.9444444179534912,0.47790858149528503,0.8349999785423279,C12D12
12,0.36348438262939453,0.949999988079071,0.4405514597892761,0.8700000047683716,C12D12
13,0.3606802821159363,0.95333331823349,0.45108821988105774,0.8700000047683716,C12D12
14,0.36213281750679016,0.9511111378669739,0.4756905436515808,0.8299999833106995,C12D12
15,0.3600657880306244,0.95333331823349,0.44150444865226746,0.875,C12D12
16,0.3591541349887848,0.9544444680213928,0.45700299739837646,0.8550000190734863,C12D12
17,0.35903725028038025,0.9544444680213928,0.4501352310180664,0.8600000143051147,C12D12
18,0.3589861989021301,0.9544444680213928,0.4492381811141968,0.8700000047683716,C12D12
19,0.35895827412605286,0.9544444680213928,0.4494210183620453,0.8700000047683716,C12D12
