index,loss,categorical_accuracy,val_loss,val_categorical_accuracy,model
0,0.5431749224662781,0.7611111402511597,0.5701138973236084,0.7200000286102295,C11D31
1,0.5344502329826355,0.7661111354827881,0.549863874912262,0.7400000095367432,C11D31
2,0.5328070521354675,0.7744444608688354,0.5398678779602051,0.7649999856948853,C11D31
3,0.5325294137001038,0.773888885974884,0.5433264970779419,0.7699999809265137,C11D31
4,0.5264948010444641,0.7799999713897705,0.5505921840667725,0.7599999904632568,C11D31
5,0.5255482792854309,0.7816666960716248,0.5356727838516235,0.75,C11D31
6,0.5235251784324646,0.7799999713897705,0.5337932109832764,0.7699999809265137,C11D31
7,0.5131284594535828,0.7944444417953491,0.5464447140693665,0.7599999904632568,C11D31
8,0.5199158191680908,0.7822222113609314,0.5300655364990234,0.7699999809265137,C11D31
9,0.5102373957633972,0.7988888621330261,0.5320475101470947,0.7699999809265137,C11D31
10,0.507362961769104,0.7994444370269775,0.5271744728088379,0.7749999761581421,C11D31
11,0.5074095726013184,0.804444432258606,0.5259121060371399,0.7749999761581421,C11D31
12,0.5055761337280273,0.8022222518920898,0.5289631485939026,0.7749999761581421,C11D31
13,0.5083081126213074,0.7944444417953491,0.5313480496406555,0.7699999809265137,C11D31
14,0.4996648132801056,0.8100000023841858,0.5938652157783508,0.6899999976158142,C11D31
15,0.4947289824485779,0.8144444227218628,0.5236612558364868,0.7749999761581421,C11D31
16,0.49994322657585144,0.8055555820465088,0.5317690372467041,0.7799999713897705,C11D31
17,0.49390456080436707,0.8166666626930237,0.5656185746192932,0.7250000238418579,C11D31
18,0.4937880337238312,0.8138889074325562,0.5298318266868591,0.7850000262260437,C11D31
19,0.4900832772254944,0.823888897895813,0.5142178535461426,0.7900000214576721,C11D31
