index,loss,categorical_accuracy,val_loss,val_categorical_accuracy,model
0,0.4851827323436737,0.8272222280502319,0.4643748998641968,0.8500000238418579,C12D21
1,0.4801403880119324,0.8311111330986023,0.4850454032421112,0.824999988079071,C12D21
2,0.47627636790275574,0.8311111330986023,0.45439597964286804,0.8500000238418579,C12D21
3,0.47249191999435425,0.8394444584846497,0.504427433013916,0.7900000214576721,C12D21
4,0.4734751284122467,0.8333333134651184,0.4557305872440338,0.8450000286102295,C12D21
5,0.4753587245941162,0.8366666436195374,0.44570213556289673,0.8700000047683716,C12D21
6,0.4628983438014984,0.851111114025116,0.45394575595855713,0.8500000238418579,C12D21
7,0.45906493067741394,0.8572221994400024,0.4514685869216919,0.8600000143051147,C12D21
8,0.45823797583580017,0.8566666841506958,0.44783416390419006,0.8600000143051147,C12D21
9,0.4494752585887909,0.8650000095367432,0.4506610631942749,0.8600000143051147,C12D21
10,0.45355674624443054,0.8616666793823242,0.472478449344635,0.8399999737739563,C12D21
11,0.44993671774864197,0.8650000095367432,0.44992634654045105,0.8600000143051147,C12D21
12,0.44312694668769836,0.8722222447395325,0.4440167546272278,0.8650000095367432,C12D21
13,0.43964651226997375,0.878333330154419,0.43834632635116577,0.875,C12D21
14,0.4322832226753235,0.882777750492096,0.434427946805954,0.875,C12D21
15,0.4342223107814789,0.882777750492096,0.4437789022922516,0.8650000095367432,C12D21
16,0.43325069546699524,0.8855555653572083,0.4436952471733093,0.8650000095367432,C12D21
17,0.4334019422531128,0.8766666650772095,0.456897497177124,0.8550000190734863,C12D21
18,0.43117353320121765,0.8838889002799988,0.432376891374588,0.8849999904632568,C12D21
19,0.4225001931190491,0.8911111354827881,0.4409441649913788,0.875,C12D21
