index,loss,categorical_accuracy,val_loss,val_categorical_accuracy,model
0,0.6741622090339661,0.5833333134651184,0.6670204997062683,0.6000000238418579,C22D22
1,0.6672670245170593,0.5983333587646484,0.6651764512062073,0.5950000286102295,C22D22
2,0.6695414185523987,0.5972222089767456,0.6592832207679749,0.6449999809265137,C22D22
3,0.666511595249176,0.597777783870697,0.6771253347396851,0.5699999928474426,C22D22
4,0.6691253185272217,0.6044444441795349,0.6540700793266296,0.6600000262260437,C22D22
5,0.662067174911499,0.6088888645172119,0.6718734502792358,0.5799999833106995,C22D22
6,0.6637464165687561,0.6094444394111633,0.6640470027923584,0.5950000286102295,C22D22
7,0.6668397188186646,0.5983333587646484,0.6628105044364929,0.6050000190734863,C22D22
8,0.6679331660270691,0.6000000238418579,0.6540486812591553,0.6650000214576721,C22D22
9,0.6579723358154297,0.6144444346427917,0.6807399988174438,0.5649999976158142,C22D22
10,0.6627728939056396,0.6133333444595337,0.6502679586410522,0.6700000166893005,C22D22
11,0.6591852903366089,0.6255555748939514,0.6640572547912598,0.6000000238418579,C22D22
12,0.6569947004318237,0.6272222399711609,0.6634385585784912,0.6150000095367432,C22D22
13,0.6473826766014099,0.6411111354827881,0.6454497575759888,0.6700000166893005,C22D22
14,0.6567208766937256,0.6227777600288391,0.6512633562088013,0.6499999761581421,C22D22
15,0.6575521230697632,0.6261110901832581,0.6527985334396362,0.625,C22D22
16,0.6478087306022644,0.6494444608688354,0.6316059827804565,0.6899999976158142,C22D22
17,0.6574966311454773,0.6177777647972107,0.640963613986969,0.6650000214576721,C22D22
18,0.652599036693573,0.6361111402511597,0.6289281845092773,0.6850000023841858,C22D22
19,0.6439200043678284,0.6466666460037231,0.6457955241203308,0.6600000262260437,C22D22
