index,loss,categorical_accuracy,val_loss,val_categorical_accuracy,model
0,0.4517664909362793,0.8650000095367432,0.4268409013748169,0.8849999904632568,C31D22
1,0.4477802515029907,0.8666666746139526,0.42017215490341187,0.8949999809265137,C31D22
2,0.45006605982780457,0.8633333444595337,0.41924208402633667,0.8999999761581421,C31D22
3,0.4468832314014435,0.8661110997200012,0.4472249150276184,0.8700000047683716,C31D22
4,0.4322710931301117,0.8811110854148865,0.4149244725704193,0.9049999713897705,C31D22
5,0.42293769121170044,0.8955555558204651,0.4020824730396271,0.9200000166893005,C31D22
6,0.42268136143684387,0.8927778005599976,0.42612114548683167,0.8849999904632568,C31D22
7,0.4184902310371399,0.898888885974884,0.4348828196525574,0.875,C31D22
8,0.4143500030040741,0.9011111259460449,0.4250601828098297,0.8949999809265137,C31D22
9,0.4122016727924347,0.9044444561004639,0.4455917775630951,0.8650000095367432,C31D22
10,0.4159598648548126,0.8999999761581421,0.4277185797691345,0.8899999856948853,C31D22
11,0.411119282245636,0.9055555462837219,0.4298296868801117,0.8799999952316284,C31D22
12,0.4139347970485687,0.9005555510520935,0.44762134552001953,0.8600000143051147,C31D22
13,0.4127426743507385,0.903333306312561,0.455389142036438,0.8600000143051147,C31D22
14,0.4030822217464447,0.9138888716697693,0.4454795718193054,0.8700000047683716,C31D22
15,0.4039495289325714,0.9127777814865112,0.42004621028900146,0.8999999761581421,C31D22
16,0.40456295013427734,0.9100000262260437,0.45783504843711853,0.8550000190734863,C31D22
17,0.4076984226703644,0.9088888764381409,0.44608306884765625,0.8650000095367432,C31D22
18,0.4050692021846771,0.9116666913032532,0.42472049593925476,0.8899999856948853,C31D22
19,0.4099181592464447,0.9044444561004639,0.40419548749923706,0.9150000214576721,C31D22
