index,loss,categorical_accuracy,val_loss,val_categorical_accuracy,model
0,0.44735437631607056,0.8611111044883728,0.395682692527771,0.9150000214576721,C12D31
1,0.42999163269996643,0.8772222399711609,0.3851781189441681,0.925000011920929,C12D31
2,0.4189186990261078,0.8911111354827881,0.40373900532722473,0.9049999713897705,C12D31
3,0.41149336099624634,0.8994444608688354,0.381382018327713,0.9350000023841858,C12D31
4,0.4061850309371948,0.9038888812065125,0.3917336165904999,0.9200000166893005,C12D31
5,0.39471957087516785,0.9188888669013977,0.3845840096473694,0.925000011920929,C12D31
6,0.39303162693977356,0.9183333516120911,0.38807758688926697,0.925000011920929,C12D31
7,0.385673850774765,0.9288889169692993,0.3891536295413971,0.925000011920929,C12D31
8,0.37995338439941406,0.9350000023841858,0.3883802890777588,0.925000011920929,C12D31
9,0.3758367896080017,0.9388889074325562,0.38904616236686707,0.925000011920929,C12D31
10,0.3724398612976074,0.9422222375869751,0.3861628770828247,0.925000011920929,C12D31
11,0.36865559220314026,0.9466666579246521,0.38469576835632324,0.925000011920929,C12D31
12,0.366688072681427,0.9472222328186035,0.387849897146225,0.9200000166893005,C12D31
13,0.36499524116516113,0.949999988079071,0.3894879221916199,0.9200000166893005,C12D31
14,0.36424991488456726,0.9494444727897644,0.3887902796268463,0.9200000166893005,C12D31
15,0.3636711835861206,0.9505555629730225,0.388641357421875,0.9150000214576721,C12D31
16,0.3633054494857788,0.9505555629730225,0.3892213702201843,0.9200000166893005,C12D31
17,0.36319684982299805,0.9505555629730225,0.39063796401023865,0.9150000214576721,C12D31
18,0.3629553020000458,0.9505555629730225,0.39523547887802124,0.9200000166893005,C12D31
19,0.3622875511646271,0.9522222280502319,0.39289987087249756,0.9200000166893005,C12D31
