index,loss,categorical_accuracy,val_loss,val_categorical_accuracy,model
0,0.6838249564170837,0.5427777767181396,0.6885520815849304,0.5099999904632568,C31D21
1,0.6825510263442993,0.5427777767181396,0.6889795660972595,0.5099999904632568,C31D21
2,0.6801247000694275,0.5427777767181396,0.6874653697013855,0.5099999904632568,C31D21
3,0.6806427240371704,0.5427777767181396,0.6868746876716614,0.5099999904632568,C31D21
4,0.6789160370826721,0.5427777767181396,0.6865822672843933,0.5099999904632568,C31D21
5,0.6770768165588379,0.5427777767181396,0.6844579577445984,0.5099999904632568,C31D21
6,0.6752102971076965,0.5427777767181396,0.6848554015159607,0.5099999904632568,C31D21
7,0.6745938062667847,0.5427777767181396,0.6826188564300537,0.5099999904632568,C31D21
8,0.6731054186820984,0.5427777767181396,0.6815346479415894,0.5099999904632568,C31D21
9,0.6705368161201477,0.5427777767181396,0.6791003346443176,0.5099999904632568,C31D21
10,0.6695460081100464,0.5427777767181396,0.6782698035240173,0.5099999904632568,C31D21
11,0.6652485728263855,0.5427777767181396,0.6779590845108032,0.5099999904632568,C31D21
12,0.6629307866096497,0.5516666769981384,0.6726807951927185,0.5699999928474426,C31D21
13,0.66020268201828,0.5755555629730225,0.6737475395202637,0.5699999928474426,C31D21
14,0.6579820513725281,0.597777783870697,0.6685172915458679,0.5899999737739563,C31D21
15,0.6537561416625977,0.6383333206176758,0.6742279529571533,0.5699999928474426,C31D21
16,0.6525129079818726,0.628333330154419,0.6622834205627441,0.6650000214576721,C31D21
17,0.6511383652687073,0.647777795791626,0.6631401181221008,0.6200000047683716,C31D21
18,0.6454284191131592,0.6688888669013977,0.6622604131698608,0.6050000190734863,C31D21
19,0.64652019739151,0.6727777719497681,0.6736448407173157,0.574999988079071,C31D21
