index,loss,categorical_accuracy,val_loss,val_categorical_accuracy,model
0,0.5144059658050537,0.7916666865348816,0.5213625431060791,0.7799999713897705,C32D11
1,0.5091835260391235,0.8005555272102356,0.5208852291107178,0.7749999761581421,C32D11
2,0.5015521049499512,0.8027777671813965,0.5148817300796509,0.7900000214576721,C32D11
3,0.5121293663978577,0.7938888669013977,0.526350736618042,0.7699999809265137,C32D11
4,0.5098778009414673,0.79666668176651,0.5231574177742004,0.7749999761581421,C32D11
5,0.505233883857727,0.7983333468437195,0.5197710394859314,0.7799999713897705,C32D11
6,0.5073632597923279,0.7955555319786072,0.5122466683387756,0.7799999713897705,C32D11
7,0.5106297135353088,0.7911111116409302,0.535251796245575,0.7599999904632568,C32D11
8,0.5053204894065857,0.7977777719497681,0.5172995924949646,0.7850000262260437,C32D11
9,0.5014150142669678,0.8077777624130249,0.5119615793228149,0.800000011920929,C32D11
10,0.5044630765914917,0.7983333468437195,0.522018551826477,0.7749999761581421,C32D11
11,0.5014143586158752,0.8022222518920898,0.5224680304527283,0.7699999809265137,C32D11
12,0.49651801586151123,0.8094444274902344,0.5337514281272888,0.7749999761581421,C32D11
13,0.4939650595188141,0.8111110925674438,0.5151578783988953,0.7950000166893005,C32D11
14,0.49359703063964844,0.8083333373069763,0.532950758934021,0.7599999904632568,C32D11
15,0.49093377590179443,0.8100000023841858,0.5185972452163696,0.7699999809265137,C32D11
16,0.4985783100128174,0.8022222518920898,0.5166000127792358,0.7900000214576721,C32D11
17,0.4839826226234436,0.8216666579246521,0.5181442499160767,0.7749999761581421,C32D11
18,0.48906567692756653,0.8188889026641846,0.5140951871871948,0.7749999761581421,C32D11
19,0.4824259877204895,0.8216666579246521,0.513792097568512,0.7799999713897705,C32D11
