index,loss,categorical_accuracy,val_loss,val_categorical_accuracy,model
0,0.3771575689315796,0.9411755204200745,0.36661475896835327,0.9466436505317688,C32D22
1,0.3720302879810333,0.9418939352035522,0.36661475896835327,0.9466436505317688,C32D22
2,0.3717360198497772,0.9419323205947876,0.36661475896835327,0.9466436505317688,C32D22
