index,loss,categorical_accuracy,val_loss,val_categorical_accuracy,model
0,0.466383695602417,0.846666693687439,0.44840794801712036,0.8650000095367432,C12D22
1,0.44846272468566895,0.8644444346427917,0.4200446605682373,0.8949999809265137,C12D22
2,0.46685197949409485,0.8455555438995361,0.4132601022720337,0.8999999761581421,C12D22
3,0.4493107199668884,0.8638888597488403,0.4266915023326874,0.8849999904632568,C12D22
4,0.44297394156455994,0.870555579662323,0.4181961715221405,0.8899999856948853,C12D22
5,0.4452614486217499,0.8688889145851135,0.40409767627716064,0.9100000262260437,C12D22
6,0.4489113688468933,0.8622221946716309,0.4309929311275482,0.8799999952316284,C12D22
7,0.45833587646484375,0.8516666889190674,0.42107146978378296,0.8899999856948853,C12D22
8,0.4571366310119629,0.8550000190734863,0.4511670172214508,0.8600000143051147,C12D22
9,0.4508620798587799,0.8605555295944214,0.4179874658584595,0.8949999809265137,C12D22
10,0.4429660141468048,0.8683333396911621,0.4560201168060303,0.8550000190734863,C12D22
11,0.43695107102394104,0.8766666650772095,0.4806441366672516,0.8349999785423279,C12D22
12,0.4405633211135864,0.8733333349227905,0.4306058883666992,0.8799999952316284,C12D22
13,0.46999362111091614,0.8433333039283752,0.47321629524230957,0.8399999737739563,C12D22
14,0.46273425221443176,0.8494444489479065,0.4327804148197174,0.8799999952316284,C12D22
15,0.4551296532154083,0.8572221994400024,0.44803619384765625,0.8650000095367432,C12D22
16,0.434935599565506,0.8777777552604675,0.43332505226135254,0.8799999952316284,C12D22
17,0.44068095088005066,0.870555579662323,0.41333240270614624,0.8999999761581421,C12D22
18,0.4305134117603302,0.8811110854148865,0.45802849531173706,0.8550000190734863,C12D22
19,0.4429762065410614,0.8688889145851135,0.4222166836261749,0.8899999856948853,C12D22
