index,loss,categorical_accuracy,val_loss,val_categorical_accuracy,model
0,0.5003069639205933,0.7988888621330261,0.4364684224128723,0.8899999856948853,C21D12
1,0.49137789011001587,0.8133333325386047,0.43498021364212036,0.875,C21D12
2,0.4800788164138794,0.8222222328186035,0.43993082642555237,0.8700000047683716,C21D12
3,0.4873864948749542,0.8100000023841858,0.4355050325393677,0.875,C21D12
4,0.48255401849746704,0.8172222375869751,0.45443421602249146,0.8650000095367432,C21D12
5,0.4910344183444977,0.8155555725097656,0.42844170331954956,0.8799999952316284,C21D12
6,0.4865119457244873,0.8149999976158142,0.4393068253993988,0.8849999904632568,C21D12
7,0.48468372225761414,0.8166666626930237,0.4481487572193146,0.875,C21D12
8,0.4770541191101074,0.8266666531562805,0.4335860311985016,0.8500000238418579,C21D12
9,0.487649142742157,0.8111110925674438,0.4368886649608612,0.875,C21D12
10,0.4730207026004791,0.8327777981758118,0.42484840750694275,0.8849999904632568,C21D12
11,0.48023721575737,0.823888897895813,0.4291634261608124,0.8799999952316284,C21D12
12,0.4809667766094208,0.8161110877990723,0.4377255141735077,0.875,C21D12
13,0.4683936536312103,0.8405555486679077,0.441463828086853,0.875,C21D12
14,0.4701355993747711,0.8333333134651184,0.44222721457481384,0.8550000190734863,C21D12
15,0.4744715094566345,0.8327777981758118,0.45291122794151306,0.8550000190734863,C21D12
16,0.47013765573501587,0.8361111283302307,0.43757346272468567,0.8700000047683716,C21D12
17,0.47919178009033203,0.8255555629730225,0.43183353543281555,0.8700000047683716,C21D12
18,0.4695430397987366,0.8366666436195374,0.4322257339954376,0.875,C21D12
19,0.4672185182571411,0.8361111283302307,0.4332023561000824,0.8550000190734863,C21D12
