index,loss,categorical_accuracy,val_loss,val_categorical_accuracy,model
0,0.39698413014411926,0.9402267336845398,0.37226223945617676,0.9466436505317688,C11D22
1,0.3751170039176941,0.9419652223587036,0.36943188309669495,0.9466436505317688,C11D22
2,0.37353047728538513,0.9419652223587036,0.36849120259284973,0.9466436505317688,C11D22
