index,loss,categorical_accuracy,val_loss,val_categorical_accuracy,model
0,0.5106727480888367,0.7950000166893005,0.5270000696182251,0.7850000262260437,C31D11
1,0.4992319643497467,0.8111110925674438,0.49444717168807983,0.824999988079071,C31D11
2,0.49139755964279175,0.8149999976158142,0.49244824051856995,0.8199999928474426,C31D11
3,0.489032119512558,0.8138889074325562,0.5058231949806213,0.800000011920929,C31D11
4,0.48095425963401794,0.8294444680213928,0.4877718985080719,0.8149999976158142,C31D11
5,0.4736189544200897,0.8422222137451172,0.48118820786476135,0.8299999833106995,C31D11
6,0.4691382646560669,0.8411111235618591,0.5797327160835266,0.7049999833106995,C31D11
7,0.4647301137447357,0.8527777791023254,0.48954033851623535,0.8199999928474426,C31D11
8,0.456673264503479,0.8600000143051147,0.4766099154949188,0.8399999737739563,C31D11
9,0.4560545086860657,0.8572221994400024,0.46972182393074036,0.8550000190734863,C31D11
10,0.4471017122268677,0.8727777600288391,0.5918846130371094,0.6949999928474426,C31D11
11,0.44604042172431946,0.8683333396911621,0.5536583065986633,0.7400000095367432,C31D11
12,0.4462076723575592,0.8605555295944214,0.46375399827957153,0.8600000143051147,C31D11
13,0.43755462765693665,0.8766666650772095,0.4607546329498291,0.8600000143051147,C31D11
14,0.4344770908355713,0.8816666603088379,0.46123895049095154,0.8399999737739563,C31D11
15,0.4274517595767975,0.8877778053283691,0.4628981649875641,0.8450000286102295,C31D11
16,0.4258178472518921,0.8938888907432556,0.4624766409397125,0.8500000238418579,C31D11
17,0.4224812090396881,0.894444465637207,0.4799489676952362,0.8299999833106995,C31D11
18,0.4227314889431,0.8922222256660461,0.46151116490364075,0.8349999785423279,C31D11
19,0.41669774055480957,0.9016666412353516,0.4828798770904541,0.8149999976158142,C31D11
