index,loss,categorical_accuracy,val_loss,val_categorical_accuracy,model
0,0.4646219313144684,0.8405555486679077,0.46762850880622864,0.8450000286102295,C32D11
1,0.472847580909729,0.8338888883590698,0.4534608721733093,0.8600000143051147,C32D11
2,0.4767947793006897,0.8355555534362793,0.44250884652137756,0.8650000095367432,C32D11
3,0.47628724575042725,0.8327777981758118,0.44924435019493103,0.8650000095367432,C32D11
4,0.4664817750453949,0.8405555486679077,0.43208685517311096,0.8799999952316284,C32D11
5,0.47555840015411377,0.8355555534362793,0.49322113394737244,0.8100000023841858,C32D11
6,0.46221768856048584,0.8494444489479065,0.45253631472587585,0.8550000190734863,C32D11
7,0.47040805220603943,0.8349999785423279,0.44249656796455383,0.875,C32D11
8,0.4598987102508545,0.8472222089767456,0.4350159466266632,0.8799999952316284,C32D11
9,0.461831271648407,0.8416666388511658,0.4464389383792877,0.8650000095367432,C32D11
10,0.4580267369747162,0.8488888740539551,0.4426475763320923,0.8600000143051147,C32D11
11,0.46012604236602783,0.8483333587646484,0.4447236657142639,0.8650000095367432,C32D11
12,0.46049991250038147,0.8455555438995361,0.46237197518348694,0.8450000286102295,C32D11
13,0.454973429441452,0.852222204208374,0.43455299735069275,0.8799999952316284,C32D11
14,0.451767235994339,0.855555534362793,0.42821502685546875,0.8949999809265137,C32D11
15,0.45758187770843506,0.847777783870697,0.4292658269405365,0.8899999856948853,C32D11
16,0.4604841470718384,0.8516666889190674,0.4346427023410797,0.8799999952316284,C32D11
17,0.4585871994495392,0.8494444489479065,0.445496141910553,0.8650000095367432,C32D11
18,0.4429907202720642,0.8694444298744202,0.4365983307361603,0.8799999952316284,C32D11
19,0.4605267345905304,0.846666693687439,0.45562073588371277,0.8399999737739563,C32D11
