index,loss,categorical_accuracy,val_loss,val_categorical_accuracy,model
0,0.6924508213996887,0.5322222113609314,0.6936094164848328,0.49000000953674316,C31D21
1,0.6925457715988159,0.527222216129303,0.6936959624290466,0.49000000953674316,C31D21
2,0.6926482915878296,0.527222216129303,0.6938609480857849,0.49000000953674316,C31D21
3,0.6919052600860596,0.527222216129303,0.6940764784812927,0.49000000953674316,C31D21
4,0.6923876404762268,0.527222216129303,0.6942053437232971,0.49000000953674316,C31D21
5,0.6916639804840088,0.527222216129303,0.694429874420166,0.49000000953674316,C31D21
6,0.6917600631713867,0.527222216129303,0.694598376750946,0.49000000953674316,C31D21
7,0.6916014552116394,0.527222216129303,0.6946475505828857,0.49000000953674316,C31D21
8,0.6915864944458008,0.527222216129303,0.6946293115615845,0.49000000953674316,C31D21
9,0.6915627717971802,0.527222216129303,0.6946728229522705,0.49000000953674316,C31D21
10,0.6913127899169922,0.527222216129303,0.6948426961898804,0.49000000953674316,C31D21
11,0.6910985112190247,0.527222216129303,0.6948696374893188,0.49000000953674316,C31D21
12,0.691291868686676,0.527222216129303,0.6947582960128784,0.49000000953674316,C31D21
13,0.6911769509315491,0.527222216129303,0.6948314905166626,0.49000000953674316,C31D21
14,0.6913755536079407,0.527222216129303,0.694776713848114,0.49000000953674316,C31D21
15,0.6911000609397888,0.527222216129303,0.694675624370575,0.49000000953674316,C31D21
16,0.6909869909286499,0.527222216129303,0.6946641802787781,0.49000000953674316,C31D21
17,0.6909074783325195,0.527222216129303,0.694655179977417,0.49000000953674316,C31D21
18,0.6906946301460266,0.527222216129303,0.6944820880889893,0.49000000953674316,C31D21
19,0.6905009746551514,0.527222216129303,0.6944578289985657,0.49000000953674316,C31D21
