index,loss,categorical_accuracy,val_loss,val_categorical_accuracy,model
0,0.6907315254211426,0.527222216129303,0.6861147284507751,0.574999988079071,C32D31
1,0.6912859678268433,0.528333306312561,0.6854482293128967,0.574999988079071,C32D31
2,0.6914041042327881,0.5222222208976746,0.6850806474685669,0.574999988079071,C32D31
3,0.691235363483429,0.5261111259460449,0.6849506497383118,0.574999988079071,C32D31
4,0.6912291049957275,0.5255555510520935,0.6847259402275085,0.574999988079071,C32D31
5,0.6914353370666504,0.5266666412353516,0.6848244667053223,0.574999988079071,C32D31
6,0.6910814642906189,0.5277777910232544,0.6849008798599243,0.574999988079071,C32D31
7,0.6908440589904785,0.5255555510520935,0.6848635673522949,0.574999988079071,C32D31
8,0.6915889978408813,0.5216666460037231,0.6847291588783264,0.574999988079071,C32D31
9,0.6909637451171875,0.5261111259460449,0.6847835779190063,0.574999988079071,C32D31
10,0.6915723085403442,0.5249999761581421,0.684775173664093,0.574999988079071,C32D31
11,0.6911165118217468,0.527222216129303,0.6847858428955078,0.574999988079071,C32D31
12,0.6902322173118591,0.5244444608688354,0.6851199865341187,0.574999988079071,C32D31
13,0.6904435157775879,0.5305555462837219,0.6847319006919861,0.574999988079071,C32D31
14,0.6912477016448975,0.5294444561004639,0.6843447685241699,0.574999988079071,C32D31
15,0.6905641555786133,0.5261111259460449,0.6846592426300049,0.574999988079071,C32D31
16,0.6906009912490845,0.522777795791626,0.6836226582527161,0.574999988079071,C32D31
17,0.6899435520172119,0.5299999713897705,0.684599757194519,0.574999988079071,C32D31
18,0.6905649304389954,0.5305555462837219,0.6832869052886963,0.574999988079071,C32D31
19,0.6905836462974548,0.528333306312561,0.6829618811607361,0.574999988079071,C32D31
