index,loss,categorical_accuracy,val_loss,val_categorical_accuracy,model
0,0.6744391322135925,0.574999988079071,0.6770935654640198,0.5400000214576721,C32D11
1,0.6707028150558472,0.5888888835906982,0.6732000112533569,0.5699999928474426,C32D11
2,0.6725507378578186,0.6061111092567444,0.6714668869972229,0.574999988079071,C32D11
3,0.6688120365142822,0.5994444489479065,0.6678775548934937,0.6100000143051147,C32D11
4,0.66648268699646,0.6027777791023254,0.6654927134513855,0.6650000214576721,C32D11
5,0.6650333404541016,0.6166666746139526,0.6634401082992554,0.6349999904632568,C32D11
6,0.6598058342933655,0.6349999904632568,0.6667569875717163,0.5899999737739563,C32D11
7,0.6563045978546143,0.6361111402511597,0.6660603284835815,0.6000000238418579,C32D11
8,0.654964804649353,0.6494444608688354,0.6540413498878479,0.6650000214576721,C32D11
9,0.6574528217315674,0.6266666650772095,0.6560938358306885,0.6600000262260437,C32D11
10,0.6532939076423645,0.6516666412353516,0.650956392288208,0.6700000166893005,C32D11
11,0.6509823203086853,0.6549999713897705,0.6461740732192993,0.6899999976158142,C32D11
12,0.6457188725471497,0.6583333611488342,0.6439812183380127,0.6650000214576721,C32D11
13,0.6461984515190125,0.653333306312561,0.6488744616508484,0.6600000262260437,C32D11
14,0.6383962035179138,0.6638888716697693,0.6443783640861511,0.6700000166893005,C32D11
15,0.6405579447746277,0.6544444561004639,0.6384867429733276,0.6700000166893005,C32D11
16,0.6381237506866455,0.6666666865348816,0.6342473030090332,0.675000011920929,C32D11
17,0.6403272151947021,0.6527777910232544,0.6326707601547241,0.675000011920929,C32D11
18,0.6319431662559509,0.6677777767181396,0.6309623122215271,0.6800000071525574,C32D11
19,0.6340256929397583,0.6583333611488342,0.638478696346283,0.6850000023841858,C32D11
