index,loss,categorical_accuracy,val_loss,val_categorical_accuracy,model
0,0.6433169841766357,0.6666666865348816,0.6237295269966125,0.75,C31D21
1,0.6378135681152344,0.6722221970558167,0.6209065914154053,0.7250000238418579,C31D21
2,0.6336358189582825,0.6855555772781372,0.6167571544647217,0.7549999952316284,C31D21
3,0.6292598247528076,0.7005555629730225,0.6105179786682129,0.7450000047683716,C31D21
4,0.6281698346138,0.6883333325386047,0.6141160726547241,0.7549999952316284,C31D21
5,0.6259428858757019,0.7027778029441833,0.6399087309837341,0.6299999952316284,C31D21
6,0.6301409006118774,0.6938889026641846,0.5995727181434631,0.7599999904632568,C31D21
7,0.6226256489753723,0.7049999833106995,0.6039379835128784,0.7200000286102295,C31D21
8,0.6167765259742737,0.7088888883590698,0.5915588736534119,0.7599999904632568,C31D21
9,0.6158580780029297,0.7055555582046509,0.5986234545707703,0.7699999809265137,C31D21
10,0.6073711514472961,0.7094444632530212,0.5903184413909912,0.7599999904632568,C31D21
11,0.6069342494010925,0.7205555438995361,0.5845191478729248,0.7749999761581421,C31D21
12,0.6113772988319397,0.7183333039283752,0.5767712593078613,0.7749999761581421,C31D21
13,0.6026911735534668,0.7294444441795349,0.5823731422424316,0.7799999713897705,C31D21
14,0.6053541302680969,0.7133333086967468,0.5702651739120483,0.7749999761581421,C31D21
15,0.5975397825241089,0.7322221994400024,0.6174306273460388,0.6800000071525574,C31D21
16,0.6010362505912781,0.7294444441795349,0.5639352202415466,0.7749999761581421,C31D21
17,0.5987200140953064,0.7172222137451172,0.560763955116272,0.7850000262260437,C31D21
18,0.5936290621757507,0.7300000190734863,0.5607756972312927,0.7649999856948853,C31D21
19,0.5888849496841431,0.7333333492279053,0.5929608941078186,0.7200000286102295,C31D21
