index,loss,categorical_accuracy,val_loss,val_categorical_accuracy,model
0,0.6932767033576965,0.47777777910232544,0.6920095086097717,0.5849999785423279,C32D31
1,0.6928257346153259,0.5233333110809326,0.6907019019126892,0.5849999785423279,C32D31
2,0.6921382546424866,0.522777795791626,0.6894544959068298,0.5849999785423279,C32D31
3,0.6924872994422913,0.5216666460037231,0.6887578368186951,0.5849999785423279,C32D31
4,0.6919422745704651,0.5255555510520935,0.6879147887229919,0.5849999785423279,C32D31
5,0.6915915012359619,0.5266666412353516,0.6872807145118713,0.5849999785423279,C32D31
6,0.6927668452262878,0.5249999761581421,0.6870200634002686,0.5849999785423279,C32D31
7,0.6918068528175354,0.5244444608688354,0.6866389513015747,0.5849999785423279,C32D31
8,0.6919004917144775,0.5244444608688354,0.686556875705719,0.5849999785423279,C32D31
9,0.6916865110397339,0.5249999761581421,0.6861996650695801,0.5849999785423279,C32D31
10,0.6922444105148315,0.5266666412353516,0.686057984828949,0.5849999785423279,C32D31
11,0.6912851333618164,0.5261111259460449,0.6858692169189453,0.5849999785423279,C32D31
12,0.6921230554580688,0.5249999761581421,0.6857559084892273,0.5849999785423279,C32D31
13,0.6919798254966736,0.5249999761581421,0.6857198476791382,0.5849999785423279,C32D31
14,0.6921563744544983,0.5249999761581421,0.6857107281684875,0.5849999785423279,C32D31
15,0.6913802027702332,0.5249999761581421,0.6855406761169434,0.5849999785423279,C32D31
16,0.691765546798706,0.523888885974884,0.6854684948921204,0.5849999785423279,C32D31
17,0.692046582698822,0.5244444608688354,0.6851562261581421,0.5849999785423279,C32D31
18,0.6917299628257751,0.5255555510520935,0.6850908398628235,0.5849999785423279,C32D31
19,0.6910667419433594,0.5255555510520935,0.6850699782371521,0.5849999785423279,C32D31
