index,loss,categorical_accuracy,val_loss,val_categorical_accuracy,model
0,0.46144306659698486,0.8461111187934875,0.45454418659210205,0.8550000190734863,C32D31
1,0.45711204409599304,0.8494444489479065,0.4773803651332855,0.824999988079071,C32D31
2,0.44998615980148315,0.8611111044883728,0.4283332824707031,0.8949999809265137,C32D31
3,0.45140913128852844,0.8550000190734863,0.43368780612945557,0.875,C32D31
4,0.4436529874801636,0.8666666746139526,0.428182452917099,0.8849999904632568,C32D31
5,0.4553162157535553,0.8527777791023254,0.43107154965400696,0.8849999904632568,C32D31
6,0.44836968183517456,0.8605555295944214,0.41894766688346863,0.8999999761581421,C32D31
7,0.4497847259044647,0.8583333492279053,0.4201295077800751,0.8949999809265137,C32D31
8,0.4442615807056427,0.8633333444595337,0.42851898074150085,0.8799999952316284,C32D31
9,0.44255563616752625,0.8661110997200012,0.4123988449573517,0.8999999761581421,C32D31
10,0.4434376358985901,0.8688889145851135,0.4394690990447998,0.8700000047683716,C32D31
11,0.44399210810661316,0.8666666746139526,0.42237308621406555,0.8899999856948853,C32D31
12,0.4489189386367798,0.8633333444595337,0.4209933876991272,0.8899999856948853,C32D31
13,0.448822557926178,0.8583333492279053,0.4253636598587036,0.875,C32D31
14,0.4417528510093689,0.8644444346427917,0.43368297815322876,0.8700000047683716,C32D31
15,0.4428732097148895,0.8700000047683716,0.42669686675071716,0.8899999856948853,C32D31
16,0.4346689283847809,0.8805555701255798,0.4301046133041382,0.8949999809265137,C32D31
17,0.4405580759048462,0.8677777647972107,0.4236540198326111,0.8899999856948853,C32D31
18,0.4328334629535675,0.8755555748939514,0.43580853939056396,0.875,C32D31
19,0.4344436228275299,0.8744444251060486,0.4454934000968933,0.8650000095367432,C32D31
