index,loss,categorical_accuracy,val_loss,val_categorical_accuracy,model
0,0.37693002820014954,0.9405776858329773,0.3666463792324066,0.9466436505317688,C22D31
1,0.3713200092315674,0.9419652223587036,0.36662933230400085,0.9466436505317688,C22D31
2,0.37131595611572266,0.9419652223587036,0.3666227161884308,0.9466436505317688,C22D31
