index,loss,categorical_accuracy,val_loss,val_categorical_accuracy,model
0,0.6363779902458191,0.6694444417953491,0.6183595061302185,0.7049999833106995,C22D32
1,0.6407555937767029,0.6566666960716248,0.6175184845924377,0.6949999928474426,C22D32
2,0.6322218775749207,0.6833333373069763,0.614814281463623,0.7149999737739563,C22D32
3,0.6282842755317688,0.6838889122009277,0.6132181882858276,0.699999988079071,C22D32
4,0.631916344165802,0.6711111068725586,0.6119299530982971,0.7099999785423279,C22D32
5,0.6225306391716003,0.6883333325386047,0.6099720001220703,0.699999988079071,C22D32
6,0.6253447532653809,0.6811110973358154,0.6093836426734924,0.699999988079071,C22D32
7,0.6274905204772949,0.676111102104187,0.6078299283981323,0.699999988079071,C22D32
8,0.6211453080177307,0.6877777576446533,0.603689968585968,0.7149999737739563,C22D32
9,0.6271899938583374,0.676111102104187,0.6041383147239685,0.699999988079071,C22D32
10,0.6256129741668701,0.6738888621330261,0.6109495759010315,0.699999988079071,C22D32
11,0.6185693144798279,0.6805555820465088,0.6000308394432068,0.7250000238418579,C22D32
12,0.6181133985519409,0.7011111378669739,0.601060152053833,0.7099999785423279,C22D32
13,0.6172520518302917,0.6855555772781372,0.6117823123931885,0.6899999976158142,C22D32
14,0.6156176924705505,0.6822222471237183,0.6125919818878174,0.6850000023841858,C22D32
15,0.613327145576477,0.6883333325386047,0.5971772074699402,0.7200000286102295,C22D32
16,0.614748477935791,0.6838889122009277,0.5935512781143188,0.7300000190734863,C22D32
17,0.6111737489700317,0.6922222375869751,0.5939224362373352,0.7250000238418579,C22D32
18,0.6084659695625305,0.7038888931274414,0.590808629989624,0.7099999785423279,C22D32
19,0.6083536148071289,0.695555567741394,0.6014597415924072,0.675000011920929,C22D32
