index,loss,categorical_accuracy,val_loss,val_categorical_accuracy,model
0,0.4610740840435028,0.851111114025116,0.45082375407218933,0.8600000143051147,C12D32
1,0.4626140594482422,0.847777783870697,0.4371050298213959,0.8799999952316284,C12D32
2,0.4502915143966675,0.8666666746139526,0.43197596073150635,0.8799999952316284,C12D32
3,0.4382006824016571,0.8761110901832581,0.4337914288043976,0.8799999952316284,C12D32
4,0.44967949390411377,0.8683333396911621,0.43254944682121277,0.8799999952316284,C12D32
5,0.44514983892440796,0.870555579662323,0.4324480891227722,0.8799999952316284,C12D32
6,0.43492475152015686,0.8811110854148865,0.4252549409866333,0.8899999856948853,C12D32
7,0.4417518079280853,0.875,0.43082350492477417,0.8849999904632568,C12D32
8,0.43469658493995667,0.8822222352027893,0.4339461028575897,0.8799999952316284,C12D32
9,0.42363154888153076,0.8949999809265137,0.4398399293422699,0.875,C12D32
10,0.43450039625167847,0.882777750492096,0.44774189591407776,0.8600000143051147,C12D32
11,0.4310310482978821,0.8855555653572083,0.4283384680747986,0.8849999904632568,C12D32
12,0.42373552918434143,0.8972222208976746,0.42517033219337463,0.8899999856948853,C12D32
13,0.42543870210647583,0.8911111354827881,0.42562469840049744,0.8899999856948853,C12D32
14,0.42503583431243896,0.8899999856948853,0.4335625171661377,0.8799999952316284,C12D32
15,0.4200277328491211,0.8955555558204651,0.4307924509048462,0.8799999952316284,C12D32
16,0.41869843006134033,0.897777795791626,0.42387115955352783,0.8899999856948853,C12D32
17,0.4240622818470001,0.8894444704055786,0.4254515767097473,0.8849999904632568,C12D32
18,0.4167322814464569,0.9038888812065125,0.4393051862716675,0.875,C12D32
19,0.4150606393814087,0.9027777910232544,0.42461028695106506,0.8849999904632568,C12D32
