index,loss,categorical_accuracy,val_loss,val_categorical_accuracy,model
0,0.4662349224090576,0.8399999737739563,0.44111964106559753,0.8700000047683716,C22D31
1,0.46438172459602356,0.8399999737739563,0.4486435353755951,0.8600000143051147,C22D31
2,0.45919081568717957,0.8472222089767456,0.43627139925956726,0.8799999952316284,C22D31
3,0.45795315504074097,0.851111114025116,0.4452361762523651,0.8650000095367432,C22D31
4,0.46210160851478577,0.8433333039283752,0.4403623342514038,0.8650000095367432,C22D31
5,0.4528277814388275,0.8577777743339539,0.44894883036613464,0.8500000238418579,C22D31
6,0.4509360194206238,0.8516666889190674,0.4413538873195648,0.8550000190734863,C22D31
7,0.44814935326576233,0.8616666793823242,0.4402059316635132,0.8700000047683716,C22D31
8,0.44879150390625,0.8583333492279053,0.44672760367393494,0.8500000238418579,C22D31
9,0.4517017602920532,0.8527777791023254,0.442239910364151,0.8700000047683716,C22D31
10,0.4556593596935272,0.8533333539962769,0.4318317472934723,0.875,C22D31
11,0.45348483324050903,0.8527777791023254,0.4383697509765625,0.8700000047683716,C22D31
12,0.44853007793426514,0.8644444346427917,0.44846248626708984,0.8550000190734863,C22D31
13,0.4426618218421936,0.8700000047683716,0.47132986783981323,0.8450000286102295,C22D31
14,0.45273077487945557,0.8561111092567444,0.4539898931980133,0.8450000286102295,C22D31
15,0.44952505826950073,0.855555534362793,0.4196203649044037,0.8949999809265137,C22D31
16,0.4530009627342224,0.8594444394111633,0.43189507722854614,0.875,C22D31
17,0.450945109128952,0.8577777743339539,0.4394172430038452,0.8650000095367432,C22D31
18,0.45122030377388,0.8550000190734863,0.4506317973136902,0.8500000238418579,C22D31
19,0.4530640244483948,0.8538888692855835,0.44220584630966187,0.8700000047683716,C22D31
