index,loss,categorical_accuracy,val_loss,val_categorical_accuracy,model
0,0.6916700005531311,0.5455555319786072,0.6905543804168701,0.5400000214576721,C12D11
1,0.6896482110023499,0.5455555319786072,0.6892085075378418,0.5400000214576721,C12D11
2,0.6882983446121216,0.5455555319786072,0.6883732080459595,0.5400000214576721,C12D11
3,0.6875508427619934,0.5455555319786072,0.6878420114517212,0.5400000214576721,C12D11
4,0.6869752407073975,0.5455555319786072,0.6873618364334106,0.5400000214576721,C12D11
5,0.686339795589447,0.5455555319786072,0.6868607401847839,0.5400000214576721,C12D11
6,0.6856706142425537,0.5455555319786072,0.6863706707954407,0.5400000214576721,C12D11
7,0.6839984059333801,0.5455555319786072,0.6851276159286499,0.5400000214576721,C12D11
8,0.6826382875442505,0.5455555319786072,0.6834884881973267,0.5400000214576721,C12D11
9,0.6808997392654419,0.5455555319786072,0.6820380687713623,0.5400000214576721,C12D11
10,0.6789108514785767,0.5455555319786072,0.6802935600280762,0.5400000214576721,C12D11
11,0.6763877272605896,0.5455555319786072,0.6797763109207153,0.5400000214576721,C12D11
12,0.6744793057441711,0.5455555319786072,0.6757104992866516,0.5400000214576721,C12D11
13,0.6721405982971191,0.5455555319786072,0.6725357174873352,0.5400000214576721,C12D11
14,0.6680646538734436,0.5455555319786072,0.6704613566398621,0.5400000214576721,C12D11
15,0.6664099097251892,0.5455555319786072,0.6661320328712463,0.5400000214576721,C12D11
16,0.6632017493247986,0.5561110973358154,0.6623225212097168,0.5550000071525574,C12D11
17,0.6597227454185486,0.6072221994400024,0.6590502262115479,0.5699999928474426,C12D11
18,0.655849277973175,0.6194444298744202,0.655565619468689,0.6650000214576721,C12D11
19,0.6515510678291321,0.6349999904632568,0.6498358249664307,0.6100000143051147,C12D11
