index,loss,categorical_accuracy,val_loss,val_categorical_accuracy,model
0,0.5491480231285095,0.7427777647972107,0.5425407886505127,0.7549999952316284,C32D31
1,0.5412858128547668,0.7594444155693054,0.5024011135101318,0.8050000071525574,C32D31
2,0.5451775789260864,0.753333330154419,0.5071122050285339,0.7850000262260437,C32D31
3,0.5411393642425537,0.7594444155693054,0.4907710552215576,0.8149999976158142,C32D31
4,0.5461588501930237,0.7555555701255798,0.495380163192749,0.8100000023841858,C32D31
5,0.5504885911941528,0.7427777647972107,0.514131486415863,0.7900000214576721,C32D31
6,0.5432431101799011,0.7538889050483704,0.5116398334503174,0.7850000262260437,C32D31
7,0.5404261946678162,0.754444420337677,0.4961385428905487,0.824999988079071,C32D31
8,0.5360917448997498,0.7588889002799988,0.4960743188858032,0.8149999976158142,C32D31
9,0.5355502367019653,0.7622222304344177,0.5314167141914368,0.7549999952316284,C32D31
10,0.5264462232589722,0.7749999761581421,0.4938093423843384,0.8199999928474426,C32D31
11,0.5334104299545288,0.7644444704055786,0.49530380964279175,0.8050000071525574,C32D31
12,0.5230973362922668,0.7777777910232544,0.49238818883895874,0.8149999976158142,C32D31
13,0.5217317938804626,0.777222216129303,0.487192839384079,0.8149999976158142,C32D31
14,0.5327892899513245,0.7688888907432556,0.4934062659740448,0.8050000071525574,C32D31
15,0.5282728672027588,0.772777795791626,0.514588475227356,0.7799999713897705,C32D31
16,0.5295976996421814,0.7705555558204651,0.49867475032806396,0.8149999976158142,C32D31
17,0.5141860842704773,0.7933333516120911,0.4840671122074127,0.8299999833106995,C32D31
18,0.5170935988426208,0.7855555415153503,0.47930312156677246,0.824999988079071,C32D31
19,0.5182611346244812,0.7844444513320923,0.48351582884788513,0.8100000023841858,C32D31
