index,loss,categorical_accuracy,val_loss,val_categorical_accuracy,model
0,0.4402376413345337,0.8711110949516296,0.41607344150543213,0.8999999761581421,C12D11
1,0.4293156564235687,0.8799999952316284,0.427994966506958,0.8849999904632568,C12D11
2,0.4133676588535309,0.8999999761581421,0.42202213406562805,0.8849999904632568,C12D11
3,0.4088038504123688,0.9016666412353516,0.4208218455314636,0.8899999856948853,C12D11
4,0.4013459384441376,0.9116666913032532,0.4155004024505615,0.8949999809265137,C12D11
5,0.39563998579978943,0.9161111116409302,0.4260460138320923,0.8849999904632568,C12D11
6,0.3867829144001007,0.9266666769981384,0.41394951939582825,0.8949999809265137,C12D11
7,0.38262468576431274,0.929444432258606,0.40468814969062805,0.8999999761581421,C12D11
8,0.37948763370513916,0.9333333373069763,0.400002658367157,0.9150000214576721,C12D11
9,0.3735787868499756,0.9411110877990723,0.40362340211868286,0.9049999713897705,C12D11
10,0.36732882261276245,0.9477777481079102,0.40422987937927246,0.9150000214576721,C12D11
11,0.3667576313018799,0.948888897895813,0.41112586855888367,0.8949999809265137,C12D11
12,0.36318090558052063,0.9522222280502319,0.40365999937057495,0.9100000262260437,C12D11
13,0.36114174127578735,0.95333331823349,0.4060477316379547,0.9049999713897705,C12D11
14,0.36005228757858276,0.9544444680213928,0.4052877724170685,0.8999999761581421,C12D11
15,0.3607334792613983,0.9538888931274414,0.40431609749794006,0.9100000262260437,C12D11
16,0.35977351665496826,0.9555555582046509,0.40843483805656433,0.9049999713897705,C12D11
17,0.3571198582649231,0.9572222232818604,0.40458518266677856,0.9100000262260437,C12D11
18,0.3564213812351227,0.9577777981758118,0.40552252531051636,0.9049999713897705,C12D11
19,0.35600024461746216,0.9583333134651184,0.4027565121650696,0.9150000214576721,C12D11
