index,loss,categorical_accuracy,val_loss,val_categorical_accuracy,model
0,0.38463568687438965,0.9409725666046143,0.3667336404323578,0.9466436505317688,C32D32
1,0.37275999784469604,0.9419652223587036,0.3666369318962097,0.9466436505317688,C32D32
2,0.3721611499786377,0.9419652223587036,0.3666233420372009,0.9466436505317688,C32D32
