index,loss,categorical_accuracy,val_loss,val_categorical_accuracy,model
0,0.43616870045661926,0.871666669845581,0.4077272415161133,0.8949999809265137,C11D31
1,0.42015737295150757,0.8905555605888367,0.3986667990684509,0.9100000262260437,C11D31
2,0.4159110188484192,0.8955555558204651,0.41225117444992065,0.8949999809265137,C11D31
3,0.411077618598938,0.9005555510520935,0.40460291504859924,0.9100000262260437,C11D31
4,0.40359094738960266,0.9094444513320923,0.4006476104259491,0.9049999713897705,C11D31
5,0.40027952194213867,0.9144444465637207,0.3981379568576813,0.9100000262260437,C11D31
6,0.3976562023162842,0.9138888716697693,0.3967106342315674,0.9200000166893005,C11D31
7,0.3919096291065216,0.9233333468437195,0.3997686803340912,0.9150000214576721,C11D31
8,0.3860813081264496,0.9327777624130249,0.3993443250656128,0.9150000214576721,C11D31
9,0.3878864645957947,0.926111102104187,0.3950482904911041,0.9150000214576721,C11D31
10,0.38368144631385803,0.9338889122009277,0.4154718816280365,0.8899999856948853,C11D31
11,0.37967413663864136,0.9372222423553467,0.4065527021884918,0.8999999761581421,C11D31
12,0.3791464865207672,0.9377777576446533,0.4006691873073578,0.9100000262260437,C11D31
13,0.37579545378685,0.9405555725097656,0.3988402485847473,0.9150000214576721,C11D31
14,0.3754848539829254,0.9427777528762817,0.41241273283958435,0.9049999713897705,C11D31
15,0.37306448817253113,0.945555567741394,0.4076393246650696,0.8999999761581421,C11D31
16,0.3718701899051666,0.945555567741394,0.4081376791000366,0.8899999856948853,C11D31
17,0.36938050389289856,0.948888897895813,0.410194993019104,0.9049999713897705,C11D31
18,0.3681560456752777,0.948888897895813,0.42625948786735535,0.8949999809265137,C11D31
19,0.36824923753738403,0.948888897895813,0.4079360067844391,0.8999999761581421,C11D31
