index,loss,categorical_accuracy,val_loss,val_categorical_accuracy,model
0,0.5513762831687927,0.754444420337677,0.6070377826690674,0.6700000166893005,C22D31
1,0.5567241907119751,0.7511110901832581,0.5360588431358337,0.7599999904632568,C22D31
2,0.5474425554275513,0.7522222399711609,0.5751619338989258,0.7049999833106995,C22D31
3,0.5420837998390198,0.7661111354827881,0.5148063898086548,0.8149999976158142,C22D31
4,0.5465003252029419,0.7649999856948853,0.529085099697113,0.7850000262260437,C22D31
5,0.5402113795280457,0.7649999856948853,0.5074173808097839,0.8149999976158142,C22D31
6,0.5378624200820923,0.7711111307144165,0.515993058681488,0.8100000023841858,C22D31
7,0.5463218688964844,0.757777750492096,0.5246368646621704,0.8050000071525574,C22D31
8,0.5376765131950378,0.7661111354827881,0.58266282081604,0.6899999976158142,C22D31
9,0.5360763669013977,0.7683333158493042,0.5675492882728577,0.7149999737739563,C22D31
10,0.5273256897926331,0.7838888764381409,0.5277889370918274,0.7900000214576721,C22D31
11,0.5340080261230469,0.7716666460037231,0.6071332693099976,0.6800000071525574,C22D31
12,0.5431357622146606,0.7549999952316284,0.5442577600479126,0.7649999856948853,C22D31
13,0.5425500273704529,0.7594444155693054,0.5127142667770386,0.8100000023841858,C22D31
14,0.5264600515365601,0.7799999713897705,0.527742326259613,0.7799999713897705,C22D31
15,0.5241085886955261,0.7855555415153503,0.6035271286964417,0.6700000166893005,C22D31
16,0.5277922749519348,0.7827777862548828,0.50534987449646,0.8149999976158142,C22D31
17,0.5263246893882751,0.7794444561004639,0.5345672369003296,0.7799999713897705,C22D31
18,0.521620512008667,0.7877777814865112,0.5758243799209595,0.6850000023841858,C22D31
19,0.5286093354225159,0.7705555558204651,0.5109637379646301,0.8050000071525574,C22D31
