index,loss,categorical_accuracy,val_loss,val_categorical_accuracy,model
0,0.5256212949752808,0.7788888812065125,0.49175822734832764,0.8149999976158142,C32D21
1,0.5083286762237549,0.8005555272102356,0.49070292711257935,0.8100000023841858,C32D21
2,0.509729266166687,0.7927777767181396,0.5081566572189331,0.7799999713897705,C32D21
3,0.49727413058280945,0.8122222423553467,0.502910852432251,0.7950000166893005,C32D21
4,0.4993506968021393,0.8088889122009277,0.4856695532798767,0.8149999976158142,C32D21
5,0.5194626450538635,0.7900000214576721,0.5230871438980103,0.7799999713897705,C32D21
6,0.49664008617401123,0.8072222471237183,0.49647387862205505,0.8100000023841858,C32D21
7,0.5058544874191284,0.8033333420753479,0.5012974143028259,0.7950000166893005,C32D21
8,0.4927727282047272,0.8172222375869751,0.4874270558357239,0.824999988079071,C32D21
9,0.49197229743003845,0.8133333325386047,0.48776188492774963,0.8149999976158142,C32D21
10,0.4960179328918457,0.8144444227218628,0.5254676342010498,0.7749999761581421,C32D21
11,0.4840189814567566,0.8244444727897644,0.47338324785232544,0.8399999737739563,C32D21
12,0.5054323077201843,0.8016666769981384,0.5294433832168579,0.7649999856948853,C32D21
13,0.49674132466316223,0.8100000023841858,0.4736284017562866,0.8299999833106995,C32D21
14,0.5021604895591736,0.8105555772781372,0.4875955283641815,0.8100000023841858,C32D21
15,0.49280354380607605,0.8211110830307007,0.48619773983955383,0.824999988079071,C32D21
16,0.4875772297382355,0.8194444179534912,0.4930158257484436,0.8100000023841858,C32D21
17,0.49560055136680603,0.8116666674613953,0.48373499512672424,0.8299999833106995,C32D21
18,0.4852721393108368,0.8299999833106995,0.47807326912879944,0.8349999785423279,C32D21
19,0.4801656901836395,0.8294444680213928,0.4668183922767639,0.8399999737739563,C32D21
