index,loss,categorical_accuracy,val_loss,val_categorical_accuracy,model
0,0.5701165199279785,0.7355555295944214,0.5315659046173096,0.7950000166893005,C32D31
1,0.5783537030220032,0.7238888740539551,0.5010955333709717,0.800000011920929,C32D31
2,0.5682679414749146,0.7266666889190674,0.5009353160858154,0.8149999976158142,C32D31
3,0.5670728087425232,0.7338888645172119,0.49651068449020386,0.8100000023841858,C32D31
4,0.5604150295257568,0.7405555844306946,0.4977456331253052,0.8100000023841858,C32D31
5,0.5543379783630371,0.7438889145851135,0.49227726459503174,0.824999988079071,C32D31
6,0.5608285069465637,0.7383333444595337,0.5176389813423157,0.7850000262260437,C32D31
7,0.5603811740875244,0.7416666746139526,0.522132158279419,0.7900000214576721,C32D31
8,0.5543766617774963,0.7494444251060486,0.4931832551956177,0.800000011920929,C32D31
9,0.557750403881073,0.7388888597488403,0.49064406752586365,0.8050000071525574,C32D31
10,0.5446709990501404,0.7566666603088379,0.5258901119232178,0.7699999809265137,C32D31
11,0.5505937933921814,0.7494444251060486,0.4940037131309509,0.8050000071525574,C32D31
12,0.5517459511756897,0.7461110949516296,0.5168796181678772,0.800000011920929,C32D31
13,0.55194491147995,0.753333330154419,0.4902592599391937,0.8100000023841858,C32D31
14,0.5489262342453003,0.757777750492096,0.5046621561050415,0.7950000166893005,C32D31
15,0.5463693737983704,0.7549999952316284,0.49684131145477295,0.800000011920929,C32D31
16,0.529907763004303,0.778333306312561,0.4829333424568176,0.8199999928474426,C32D31
17,0.542583703994751,0.75,0.47992610931396484,0.8349999785423279,C32D31
18,0.5416399240493774,0.7549999952316284,0.4833889305591583,0.8299999833106995,C32D31
19,0.5384679436683655,0.7599999904632568,0.48570796847343445,0.8199999928474426,C32D31
