index,loss,categorical_accuracy,val_loss,val_categorical_accuracy,model
0,0.43237248063087463,0.8822222352027893,0.442243754863739,0.8700000047683716,C31D22
1,0.44041064381599426,0.8727777600288391,0.44065621495246887,0.875,C31D22
2,0.4290063679218292,0.8844444155693054,0.4451657831668854,0.8700000047683716,C31D22
3,0.43401581048965454,0.879444420337677,0.47176074981689453,0.8399999737739563,C31D22
4,0.4301186800003052,0.8855555653572083,0.45954838395118713,0.8550000190734863,C31D22
5,0.43502601981163025,0.8766666650772095,0.4520030915737152,0.8600000143051147,C31D22
6,0.42261916399002075,0.8911111354827881,0.4637206792831421,0.8500000238418579,C31D22
7,0.4288119375705719,0.8844444155693054,0.4451678395271301,0.8700000047683716,C31D22
8,0.4190980792045593,0.898888885974884,0.4280501902103424,0.8899999856948853,C31D22
9,0.42409634590148926,0.8888888955116272,0.4552989602088928,0.8600000143051147,C31D22
10,0.4235016405582428,0.8888888955116272,0.47345227003097534,0.8450000286102295,C31D22
11,0.4187704026699066,0.8955555558204651,0.4740389287471771,0.8349999785423279,C31D22
12,0.4180264174938202,0.8972222208976746,0.45973724126815796,0.8550000190734863,C31D22
13,0.4153551459312439,0.8994444608688354,0.46186381578445435,0.8500000238418579,C31D22
14,0.4170098602771759,0.8972222208976746,0.44360101222991943,0.8700000047683716,C31D22
15,0.41351747512817383,0.9005555510520935,0.44035521149635315,0.875,C31D22
16,0.4118034839630127,0.9027777910232544,0.45372435450553894,0.8550000190734863,C31D22
17,0.4199239909648895,0.894444465637207,0.44568538665771484,0.8700000047683716,C31D22
18,0.40387725830078125,0.9111111164093018,0.43771645426750183,0.875,C31D22
19,0.4194597601890564,0.894444465637207,0.4281425476074219,0.8899999856948853,C31D22
