index,loss,categorical_accuracy,val_loss,val_categorical_accuracy,model
0,0.5888898372650146,0.7155555486679077,0.5654783844947815,0.7450000047683716,C32D22
1,0.6005716919898987,0.695555567741394,0.5778707265853882,0.7400000095367432,C32D22
2,0.5934131145477295,0.7133333086967468,0.5951548218727112,0.7099999785423279,C32D22
3,0.588973879814148,0.7138888835906982,0.5709960460662842,0.7400000095367432,C32D22
4,0.5896393656730652,0.7166666388511658,0.5582465529441833,0.7549999952316284,C32D22
5,0.5915437340736389,0.7099999785423279,0.596466600894928,0.7149999737739563,C32D22
6,0.594027042388916,0.699999988079071,0.562110185623169,0.7549999952316284,C32D22
7,0.5873854756355286,0.7149999737739563,0.5508138537406921,0.7549999952316284,C32D22
8,0.5871629118919373,0.7155555486679077,0.5546636581420898,0.7649999856948853,C32D22
9,0.5843832492828369,0.7222222089767456,0.5676687359809875,0.7350000143051147,C32D22
10,0.5934433341026306,0.7161111235618591,0.5538283586502075,0.7549999952316284,C32D22
11,0.5829655528068542,0.7238888740539551,0.5598971247673035,0.75,C32D22
12,0.5846099257469177,0.7211111187934875,0.5705422163009644,0.7400000095367432,C32D22
13,0.5971640348434448,0.6983333230018616,0.5843092203140259,0.7400000095367432,C32D22
14,0.5870867967605591,0.7222222089767456,0.5535609126091003,0.7549999952316284,C32D22
15,0.5789754390716553,0.7288888692855835,0.5544266700744629,0.7599999904632568,C32D22
16,0.5773037672042847,0.7327777743339539,0.5696872472763062,0.7549999952316284,C32D22
17,0.5871173739433289,0.7111111283302307,0.5655761957168579,0.75,C32D22
18,0.584783136844635,0.7161111235618591,0.5670471787452698,0.7450000047683716,C32D22
19,0.5985565185546875,0.7011111378669739,0.5752063393592834,0.7350000143051147,C32D22
