index,loss,categorical_accuracy,val_loss,val_categorical_accuracy,model
0,0.47318291664123535,0.8327777981758118,0.43732738494873047,0.8849999904632568,C31D12
1,0.4601573348045349,0.846666693687439,0.42917466163635254,0.8849999904632568,C31D12
2,0.4534689784049988,0.8516666889190674,0.451935350894928,0.8550000190734863,C31D12
3,0.44290292263031006,0.8655555844306946,0.43234026432037354,0.8849999904632568,C31D12
4,0.4360795319080353,0.8711110949516296,0.455023854970932,0.8650000095367432,C31D12
5,0.43030673265457153,0.8799999952316284,0.4432585835456848,0.8650000095367432,C31D12
6,0.42219170928001404,0.8894444704055786,0.43548765778541565,0.8600000143051147,C31D12
7,0.41874444484710693,0.894444465637207,0.44436344504356384,0.8700000047683716,C31D12
8,0.41388243436813354,0.8972222208976746,0.4350232779979706,0.875,C31D12
9,0.40574100613594055,0.9100000262260437,0.4337572455406189,0.875,C31D12
10,0.40247073769569397,0.9094444513320923,0.44050541520118713,0.8650000095367432,C31D12
11,0.39433854818344116,0.9166666865348816,0.44188910722732544,0.8650000095367432,C31D12
12,0.39462560415267944,0.9222221970558167,0.4493226706981659,0.8600000143051147,C31D12
13,0.3907455503940582,0.9238888621330261,0.44133278727531433,0.8650000095367432,C31D12
14,0.3868721127510071,0.929444432258606,0.4459998309612274,0.8600000143051147,C31D12
15,0.37886887788772583,0.9366666674613953,0.4467916488647461,0.8550000190734863,C31D12
16,0.37806904315948486,0.9383333325386047,0.4402272701263428,0.8700000047683716,C31D12
17,0.3692185878753662,0.948888897895813,0.4382486641407013,0.8650000095367432,C31D12
18,0.3705418109893799,0.9449999928474426,0.4476145803928375,0.8550000190734863,C31D12
19,0.3645762801170349,0.9544444680213928,0.4504038989543915,0.8600000143051147,C31D12
