index,loss,categorical_accuracy,val_loss,val_categorical_accuracy,model
0,0.47326114773750305,0.8383333086967468,0.4532535672187805,0.8600000143051147,C12D22
1,0.47496387362480164,0.8361111283302307,0.45647910237312317,0.8600000143051147,C12D22
2,0.4722186326980591,0.8388888835906982,0.4724147319793701,0.8399999737739563,C12D22
3,0.466862291097641,0.8450000286102295,0.43938010931015015,0.875,C12D22
4,0.4610759913921356,0.8538888692855835,0.44834792613983154,0.8650000095367432,C12D22
5,0.4637129008769989,0.8500000238418579,0.4438999593257904,0.8700000047683716,C12D22
6,0.4644036293029785,0.8494444489479065,0.4483715891838074,0.8650000095367432,C12D22
7,0.48249390721321106,0.8277778029441833,0.45397675037384033,0.8600000143051147,C12D22
8,0.46454548835754395,0.847777783870697,0.4511944651603699,0.8600000143051147,C12D22
9,0.4557516276836395,0.855555534362793,0.46198874711990356,0.8450000286102295,C12D22
10,0.45106399059295654,0.8611111044883728,0.4672714173793793,0.8450000286102295,C12D22
11,0.4438427686691284,0.8688889145851135,0.44182097911834717,0.8650000095367432,C12D22
12,0.4489293694496155,0.8633333444595337,0.4474674463272095,0.8650000095367432,C12D22
13,0.4456038475036621,0.867222249507904,0.457236111164093,0.8550000190734863,C12D22
14,0.4606814682483673,0.8516666889190674,0.4320838153362274,0.8799999952316284,C12D22
15,0.446516215801239,0.8650000095367432,0.45120769739151,0.8600000143051147,C12D22
16,0.4469525218009949,0.867222249507904,0.4721725583076477,0.8399999737739563,C12D22
17,0.44655925035476685,0.8666666746139526,0.4735791087150574,0.8349999785423279,C12D22
18,0.44766807556152344,0.8611111044883728,0.47210028767585754,0.8399999737739563,C12D22
19,0.4399501085281372,0.8733333349227905,0.4636634886264801,0.8450000286102295,C12D22
