index,loss,categorical_accuracy,val_loss,val_categorical_accuracy,model
0,0.4538494050502777,0.8588888645172119,0.4280143976211548,0.8949999809265137,C32D12
1,0.45769116282463074,0.8533333539962769,0.46353527903556824,0.8500000238418579,C32D12
2,0.46139028668403625,0.8472222089767456,0.4663065969944,0.8450000286102295,C32D12
3,0.4546424448490143,0.8605555295944214,0.4422897398471832,0.8700000047683716,C32D12
4,0.4541018009185791,0.8611111044883728,0.4387621283531189,0.8799999952316284,C32D12
5,0.45479220151901245,0.8566666841506958,0.4907305836677551,0.8149999976158142,C32D12
6,0.4584106206893921,0.8488888740539551,0.438193142414093,0.8700000047683716,C32D12
7,0.45023369789123535,0.8622221946716309,0.44212964177131653,0.875,C32D12
8,0.4526790380477905,0.8577777743339539,0.43955475091934204,0.8849999904632568,C32D12
9,0.4518415331840515,0.8600000143051147,0.42842429876327515,0.8899999856948853,C32D12
10,0.4488077759742737,0.8611111044883728,0.4373438358306885,0.8700000047683716,C32D12
11,0.4401770830154419,0.8727777600288391,0.4342268407344818,0.8799999952316284,C32D12
12,0.447553813457489,0.8638888597488403,0.4321529269218445,0.875,C32D12
13,0.4455249309539795,0.8677777647972107,0.4404658079147339,0.8600000143051147,C32D12
14,0.4533333480358124,0.8611111044883728,0.45800232887268066,0.8600000143051147,C32D12
15,0.44230225682258606,0.870555579662323,0.44541874527931213,0.8650000095367432,C32D12
16,0.4404928982257843,0.8733333349227905,0.43566834926605225,0.8849999904632568,C32D12
17,0.451729953289032,0.8594444394111633,0.45347023010253906,0.8500000238418579,C32D12
18,0.44126662611961365,0.8733333349227905,0.4602680206298828,0.8600000143051147,C32D12
19,0.4401627480983734,0.8727777600288391,0.44668471813201904,0.8500000238418579,C32D12
