index,loss,categorical_accuracy,val_loss,val_categorical_accuracy,model
0,0.47710707783699036,0.8322222232818604,0.47051459550857544,0.8349999785423279,C11D32
1,0.4715849459171295,0.8366666436195374,0.46649065613746643,0.8450000286102295,C11D32
2,0.4715301990509033,0.8349999785423279,0.4803800880908966,0.824999988079071,C11D32
3,0.46291160583496094,0.846666693687439,0.4554801881313324,0.8500000238418579,C11D32
4,0.4673907160758972,0.8383333086967468,0.45754414796829224,0.8500000238418579,C11D32
5,0.4589579403400421,0.8472222089767456,0.47206705808639526,0.8199999928474426,C11D32
6,0.45853957533836365,0.8516666889190674,0.44609394669532776,0.8700000047683716,C11D32
7,0.45614999532699585,0.8544444441795349,0.4632537066936493,0.8450000286102295,C11D32
8,0.4597088396549225,0.852222204208374,0.4779468774795532,0.8299999833106995,C11D32
9,0.4543415904045105,0.8605555295944214,0.4601761996746063,0.8500000238418579,C11D32
10,0.446379154920578,0.8661110997200012,0.45986437797546387,0.8399999737739563,C11D32
11,0.4465886652469635,0.8688889145851135,0.44514763355255127,0.8700000047683716,C11D32
12,0.4503615200519562,0.8600000143051147,0.47068455815315247,0.8349999785423279,C11D32
13,0.4495370388031006,0.8622221946716309,0.4603644609451294,0.8450000286102295,C11D32
14,0.44527575373649597,0.8694444298744202,0.48402565717697144,0.8100000023841858,C11D32
15,0.4454492926597595,0.8677777647972107,0.45245516300201416,0.8550000190734863,C11D32
16,0.44223707914352417,0.8733333349227905,0.4424329102039337,0.875,C11D32
17,0.43756163120269775,0.875,0.4859289526939392,0.8199999928474426,C11D32
18,0.44192051887512207,0.8711110949516296,0.48787060379981995,0.8149999976158142,C11D32
19,0.4335308372974396,0.8799999952316284,0.4463653564453125,0.8650000095367432,C11D32
