index,loss,categorical_accuracy,val_loss,val_categorical_accuracy,model
0,0.5770884156227112,0.7238888740539551,0.5987520813941956,0.6700000166893005,C21D12
1,0.5742009878158569,0.727222204208374,0.6268628835678101,0.6299999952316284,C21D12
2,0.5705128312110901,0.726111114025116,0.5654884576797485,0.7549999952316284,C21D12
3,0.5688104629516602,0.7194444537162781,0.5708631277084351,0.7300000190734863,C21D12
4,0.5667068958282471,0.7388888597488403,0.5772700309753418,0.7099999785423279,C21D12
5,0.5679346323013306,0.7277777791023254,0.6152231693267822,0.6700000166893005,C21D12
6,0.5663764476776123,0.730555534362793,0.5835579633712769,0.7250000238418579,C21D12
7,0.5674889087677002,0.7294444441795349,0.5632253289222717,0.7400000095367432,C21D12
8,0.5655850172042847,0.7283333539962769,0.5486037731170654,0.7599999904632568,C21D12
9,0.5650627613067627,0.7283333539962769,0.5655134320259094,0.7450000047683716,C21D12
10,0.5571415424346924,0.7477777600288391,0.6023917198181152,0.7149999737739563,C21D12
11,0.5588134527206421,0.7383333444595337,0.6001771688461304,0.7149999737739563,C21D12
12,0.5566543340682983,0.7433333396911621,0.5528793334960938,0.7599999904632568,C21D12
13,0.5624632239341736,0.7300000190734863,0.5717378258705139,0.7099999785423279,C21D12
14,0.556628406047821,0.7394444346427917,0.5509293079376221,0.7400000095367432,C21D12
15,0.5498403310775757,0.7472222447395325,0.5888040065765381,0.7149999737739563,C21D12
16,0.5447891354560852,0.7555555701255798,0.5586187839508057,0.7450000047683716,C21D12
17,0.5530385971069336,0.7450000047683716,0.5628778338432312,0.7250000238418579,C21D12
18,0.5566573143005371,0.7383333444595337,0.5580890774726868,0.7300000190734863,C21D12
19,0.5459645986557007,0.7588889002799988,0.5472878813743591,0.7699999809265137,C21D12
