index,loss,categorical_accuracy,val_loss,val_categorical_accuracy,model
0,0.6900629997253418,0.5294444561004639,0.6869646310806274,0.5699999928474426,C32D32
1,0.6907299160957336,0.5305555462837219,0.6867826581001282,0.5699999928474426,C32D32
2,0.6911858916282654,0.5288888812065125,0.686593770980835,0.5699999928474426,C32D32
3,0.6905202865600586,0.5299999713897705,0.6861280798912048,0.5699999928474426,C32D32
4,0.6913697123527527,0.5299999713897705,0.6860446333885193,0.5699999928474426,C32D32
5,0.6919260025024414,0.5294444561004639,0.686198353767395,0.5699999928474426,C32D32
6,0.6907694935798645,0.5299999713897705,0.6860766410827637,0.5699999928474426,C32D32
7,0.6907609105110168,0.5299999713897705,0.6859909892082214,0.5699999928474426,C32D32
8,0.6908792853355408,0.5299999713897705,0.6859152913093567,0.5699999928474426,C32D32
9,0.6911267042160034,0.5299999713897705,0.6860479712486267,0.5699999928474426,C32D32
10,0.691400408744812,0.5299999713897705,0.6861348152160645,0.5699999928474426,C32D32
11,0.6906386017799377,0.5299999713897705,0.6861139535903931,0.5699999928474426,C32D32
12,0.690435528755188,0.5299999713897705,0.6859520077705383,0.5699999928474426,C32D32
13,0.6910114884376526,0.5299999713897705,0.6858794689178467,0.5699999928474426,C32D32
14,0.690850019454956,0.5294444561004639,0.6858391761779785,0.5699999928474426,C32D32
15,0.6902776956558228,0.5299999713897705,0.6858055591583252,0.5699999928474426,C32D32
16,0.6902790665626526,0.5299999713897705,0.6854372620582581,0.5699999928474426,C32D32
17,0.6909210085868835,0.5299999713897705,0.6853970289230347,0.5699999928474426,C32D32
18,0.6903121471405029,0.5299999713897705,0.6853078603744507,0.5699999928474426,C32D32
19,0.6902767419815063,0.5294444561004639,0.6855925917625427,0.5699999928474426,C32D32
