index,loss,categorical_accuracy,val_loss,val_categorical_accuracy,model
0,0.6904389262199402,0.5383333563804626,0.6868525147438049,0.5699999928474426,C21D22
1,0.6922217607498169,0.5261111259460449,0.6866645216941833,0.5699999928474426,C21D22
2,0.6913952827453613,0.5288888812065125,0.686506986618042,0.5699999928474426,C21D22
3,0.6915779113769531,0.5305555462837219,0.6863626837730408,0.5699999928474426,C21D22
4,0.690071165561676,0.5355555415153503,0.6862207651138306,0.5699999928474426,C21D22
5,0.6909746527671814,0.5361111164093018,0.686145007610321,0.5699999928474426,C21D22
6,0.6907396912574768,0.5350000262260437,0.6860460638999939,0.5699999928474426,C21D22
7,0.6901999115943909,0.5322222113609314,0.6859977841377258,0.5699999928474426,C21D22
8,0.6913224458694458,0.527222216129303,0.6859040260314941,0.5699999928474426,C21D22
9,0.6911256909370422,0.5333333611488342,0.6858623027801514,0.5699999928474426,C21D22
10,0.6910356879234314,0.5383333563804626,0.6858407855033875,0.5699999928474426,C21D22
11,0.6910811066627502,0.5338888764381409,0.6858168244361877,0.5699999928474426,C21D22
12,0.6906045079231262,0.5338888764381409,0.6857678294181824,0.5699999928474426,C21D22
13,0.691088855266571,0.5316666960716248,0.6857389807701111,0.5699999928474426,C21D22
14,0.6903545260429382,0.5372222065925598,0.6856940984725952,0.5699999928474426,C21D22
15,0.6905262470245361,0.5361111164093018,0.6856746673583984,0.5699999928474426,C21D22
16,0.6909832954406738,0.5333333611488342,0.6856412291526794,0.5699999928474426,C21D22
17,0.6913756728172302,0.5327777862548828,0.6856111884117126,0.5699999928474426,C21D22
18,0.6903827786445618,0.5366666913032532,0.685608983039856,0.5699999928474426,C21D22
19,0.6901976466178894,0.5366666913032532,0.6855837106704712,0.5699999928474426,C21D22
