index,loss,categorical_accuracy,val_loss,val_categorical_accuracy,model
0,0.45264488458633423,0.8561111092567444,0.4765731394290924,0.824999988079071,C32D31
1,0.4455900192260742,0.8633333444595337,0.4098811447620392,0.8999999761581421,C32D31
2,0.44564899802207947,0.8627777695655823,0.40945520997047424,0.8999999761581421,C32D31
3,0.4462561309337616,0.8611111044883728,0.4149589240550995,0.8999999761581421,C32D31
4,0.4452285170555115,0.8666666746139526,0.41433799266815186,0.8899999856948853,C32D31
5,0.4439168870449066,0.867222249507904,0.48227041959762573,0.824999988079071,C32D31
6,0.44530367851257324,0.8616666793823242,0.4348032474517822,0.8799999952316284,C32D31
7,0.43798336386680603,0.867222249507904,0.43213027715682983,0.8849999904632568,C32D31
8,0.44623443484306335,0.8622221946716309,0.42095935344696045,0.8849999904632568,C32D31
9,0.4396669864654541,0.871666669845581,0.4083000123500824,0.8949999809265137,C32D31
10,0.4355010390281677,0.8761110901832581,0.40589240193367004,0.9049999713897705,C32D31
11,0.43393003940582275,0.875,0.4340461492538452,0.875,C32D31
12,0.4380960166454315,0.871666669845581,0.4096446931362152,0.8949999809265137,C32D31
13,0.4383785128593445,0.870555579662323,0.4097863435745239,0.8999999761581421,C32D31
14,0.431367963552475,0.8777777552604675,0.4151872396469116,0.8849999904632568,C32D31
15,0.43062734603881836,0.879444420337677,0.4173378348350525,0.8949999809265137,C32D31
16,0.4240046441555023,0.8883333206176758,0.4109979569911957,0.8999999761581421,C32D31
17,0.433284729719162,0.878333330154419,0.4072611331939697,0.9200000166893005,C32D31
18,0.43498921394348145,0.875,0.44850167632102966,0.8650000095367432,C32D31
19,0.4290604591369629,0.8799999952316284,0.42235469818115234,0.8899999856948853,C32D31
