index,loss,categorical_accuracy,val_loss,val_categorical_accuracy,model
0,0.43730616569519043,0.8761110901832581,0.4378109872341156,0.875,C31D32
1,0.4257388710975647,0.8888888955116272,0.43318331241607666,0.8799999952316284,C31D32
2,0.4242713451385498,0.8933333158493042,0.4268551170825958,0.8899999856948853,C31D32
3,0.4165361523628235,0.8999999761581421,0.4351423978805542,0.875,C31D32
4,0.42250972986221313,0.8955555558204651,0.43930724263191223,0.875,C31D32
5,0.4197511374950409,0.8961111307144165,0.45029860734939575,0.8600000143051147,C31D32
6,0.41589853167533875,0.8983333110809326,0.43207114934921265,0.8799999952316284,C31D32
7,0.4107268154621124,0.9061111211776733,0.42950648069381714,0.8799999952316284,C31D32
8,0.40218648314476013,0.9161111116409302,0.42202264070510864,0.8949999809265137,C31D32
9,0.40901145339012146,0.9111111164093018,0.42647048830986023,0.875,C31D32
10,0.402749240398407,0.9127777814865112,0.428261399269104,0.8799999952316284,C31D32
11,0.40292707085609436,0.9150000214576721,0.4326874613761902,0.8700000047683716,C31D32
12,0.40517669916152954,0.9111111164093018,0.4416273832321167,0.8700000047683716,C31D32
13,0.4068588316440582,0.9066666960716248,0.4336775243282318,0.8700000047683716,C31D32
14,0.3991718888282776,0.9183333516120911,0.44219517707824707,0.875,C31D32
15,0.4035540521144867,0.9144444465637207,0.44154784083366394,0.8700000047683716,C31D32
16,0.4007427990436554,0.9127777814865112,0.42898231744766235,0.8799999952316284,C31D32
17,0.38773205876350403,0.9305555820465088,0.42711883783340454,0.8799999952316284,C31D32
18,0.3924589157104492,0.9244444370269775,0.44644439220428467,0.8700000047683716,C31D32
19,0.3867971897125244,0.9316666722297668,0.4395515024662018,0.875,C31D32
