index,loss,categorical_accuracy,val_loss,val_categorical_accuracy,model
0,0.464819073677063,0.8366666436195374,0.42828041315078735,0.8849999904632568,C11D12
1,0.4496648609638214,0.8594444394111633,0.4280194342136383,0.8799999952316284,C11D12
2,0.43643075227737427,0.8772222399711609,0.44219154119491577,0.8650000095367432,C11D12
3,0.4367879331111908,0.8755555748939514,0.4176710247993469,0.8899999856948853,C11D12
4,0.42815232276916504,0.8849999904632568,0.48168835043907166,0.8100000023841858,C11D12
5,0.4319676160812378,0.8811110854148865,0.41643470525741577,0.8949999809265137,C11D12
6,0.4223726689815521,0.8883333206176758,0.423374742269516,0.8899999856948853,C11D12
7,0.415176659822464,0.8983333110809326,0.4256223738193512,0.8899999856948853,C11D12
8,0.4139288067817688,0.903333306312561,0.42495864629745483,0.8849999904632568,C11D12
9,0.4097694456577301,0.9038888812065125,0.41983386874198914,0.8849999904632568,C11D12
10,0.4049358367919922,0.9116666913032532,0.4222451448440552,0.8949999809265137,C11D12
11,0.40182027220726013,0.9150000214576721,0.42619505524635315,0.8799999952316284,C11D12
12,0.40261977910995483,0.9116666913032532,0.4157165288925171,0.8949999809265137,C11D12
13,0.39300888776779175,0.9211111068725586,0.45923057198524475,0.8399999737739563,C11D12
14,0.3954738974571228,0.9194444417953491,0.43081462383270264,0.8799999952316284,C11D12
15,0.3903255760669708,0.9277777671813965,0.4513453245162964,0.8500000238418579,C11D12
16,0.38811373710632324,0.9311110973358154,0.42043304443359375,0.8949999809265137,C11D12
17,0.3856487274169922,0.9311110973358154,0.42662787437438965,0.8799999952316284,C11D12
18,0.3784274756908417,0.9399999976158142,0.43153151869773865,0.8700000047683716,C11D12
19,0.38250282406806946,0.9355555772781372,0.43010953068733215,0.875,C11D12
