index,loss,categorical_accuracy,val_loss,val_categorical_accuracy,model
0,0.5517716407775879,0.7744444608688354,0.48362264037132263,0.8600000143051147,C31D22
1,0.5447359085083008,0.7794444561004639,0.48362281918525696,0.8500000238418579,C31D22
2,0.5340793132781982,0.7922222018241882,0.4864695072174072,0.8349999785423279,C31D22
3,0.528832197189331,0.8005555272102356,0.4816514849662781,0.8550000190734863,C31D22
4,0.5283271670341492,0.7916666865348816,0.4799930453300476,0.8450000286102295,C31D22
5,0.519529402256012,0.8033333420753479,0.4882093369960785,0.8399999737739563,C31D22
6,0.5180429220199585,0.8116666674613953,0.54319167137146,0.7799999713897705,C31D22
7,0.513522207736969,0.8122222423553467,0.46482452750205994,0.8550000190734863,C31D22
8,0.5152106285095215,0.800000011920929,0.45543795824050903,0.8849999904632568,C31D22
9,0.5015489459037781,0.824999988079071,0.45836979150772095,0.8550000190734863,C31D22
10,0.4963345229625702,0.8294444680213928,0.45623862743377686,0.8700000047683716,C31D22
11,0.49148574471473694,0.8372222185134888,0.4519362151622772,0.875,C31D22
12,0.4903894066810608,0.8377777934074402,0.45240166783332825,0.8650000095367432,C31D22
13,0.4857475459575653,0.8411111235618591,0.4463600218296051,0.8849999904632568,C31D22
14,0.4914366602897644,0.8322222232818604,0.4505671560764313,0.875,C31D22
15,0.47996985912323,0.8500000238418579,0.4365570545196533,0.8949999809265137,C31D22
16,0.47909578680992126,0.8483333587646484,0.45219066739082336,0.875,C31D22
17,0.4705507159233093,0.8594444394111633,0.4537111222743988,0.8700000047683716,C31D22
18,0.47647833824157715,0.8505555391311646,0.45580482482910156,0.875,C31D22
19,0.47246652841567993,0.8561111092567444,0.45626434683799744,0.8650000095367432,C31D22
