index,loss,categorical_accuracy,val_loss,val_categorical_accuracy,model
0,0.37357231974601746,0.9414387345314026,0.3666531443595886,0.9466436505317688,C22D11
1,0.37131834030151367,0.9419652223587036,0.36663323640823364,0.9466436505317688,C22D11
2,0.37131527066230774,0.9419652223587036,0.36662569642066956,0.9466436505317688,C22D11
