index,loss,categorical_accuracy,val_loss,val_categorical_accuracy,model
0,0.46017852425575256,0.8472222089767456,0.38943973183631897,0.925000011920929,C32D11
1,0.4662509262561798,0.8388888835906982,0.386307954788208,0.9350000023841858,C32D11
2,0.4617216885089874,0.8483333587646484,0.3915868401527405,0.9200000166893005,C32D11
3,0.4575357139110565,0.8550000190734863,0.3877311646938324,0.9300000071525574,C32D11
4,0.45734235644340515,0.852222204208374,0.3816961646080017,0.9350000023841858,C32D11
5,0.44958338141441345,0.8611111044883728,0.3958222568035126,0.9150000214576721,C32D11
6,0.45119714736938477,0.8600000143051147,0.3712960481643677,0.9399999976158142,C32D11
7,0.4541204869747162,0.8572221994400024,0.38676926493644714,0.925000011920929,C32D11
8,0.4435904622077942,0.8666666746139526,0.4053322970867157,0.8899999856948853,C32D11
9,0.4432482123374939,0.867222249507904,0.3766273558139801,0.9350000023841858,C32D11
10,0.44490697979927063,0.8638888597488403,0.40326863527297974,0.9049999713897705,C32D11
11,0.43979576230049133,0.8688889145851135,0.3751637637615204,0.9399999976158142,C32D11
12,0.4415592849254608,0.8700000047683716,0.37477657198905945,0.9350000023841858,C32D11
13,0.4458087980747223,0.8627777695655823,0.37797296047210693,0.9300000071525574,C32D11
14,0.43766817450523376,0.8738889098167419,0.3722809851169586,0.9399999976158142,C32D11
15,0.4403074383735657,0.8644444346427917,0.4061541259288788,0.9049999713897705,C32D11
16,0.4416784346103668,0.8622221946716309,0.4321715533733368,0.8600000143051147,C32D11
17,0.4544718563556671,0.8488888740539551,0.4010041058063507,0.9049999713897705,C32D11
18,0.43773165345191956,0.8755555748939514,0.4470217823982239,0.8550000190734863,C32D11
19,0.438040554523468,0.8650000095367432,0.36905720829963684,0.949999988079071,C32D11
