index,loss,categorical_accuracy,val_loss,val_categorical_accuracy,model
0,0.6331353187561035,0.6583333611488342,0.6682092547416687,0.6050000190734863,C32D31
1,0.6348509788513184,0.6461111307144165,0.6284984946250916,0.675000011920929,C32D31
2,0.6279164552688599,0.6711111068725586,0.6129233837127686,0.7350000143051147,C32D31
3,0.6233416795730591,0.6827777624130249,0.6754774451255798,0.5950000286102295,C32D31
4,0.6145565509796143,0.6866666674613953,0.6251861453056335,0.6600000262260437,C32D31
5,0.6164749264717102,0.6833333373069763,0.6140167713165283,0.6850000023841858,C32D31
6,0.6084625720977783,0.6916666626930237,0.5938305854797363,0.7250000238418579,C32D31
7,0.598453938961029,0.7116666436195374,0.6220234036445618,0.6499999761581421,C32D31
8,0.5974764823913574,0.7094444632530212,0.681496798992157,0.5899999737739563,C32D31
9,0.6072056889533997,0.6894444227218628,0.6021597385406494,0.699999988079071,C32D31
10,0.5917301177978516,0.7066666483879089,0.5972689986228943,0.7099999785423279,C32D31
11,0.5894405841827393,0.7099999785423279,0.5763844847679138,0.7300000190734863,C32D31
12,0.5845587849617004,0.7161111235618591,0.5814964175224304,0.7350000143051147,C32D31
13,0.5895605087280273,0.7072222232818604,0.6091434955596924,0.6700000166893005,C32D31
14,0.5757603645324707,0.7277777791023254,0.5772789120674133,0.7149999737739563,C32D31
15,0.5754950046539307,0.7266666889190674,0.5720221996307373,0.7300000190734863,C32D31
16,0.5741214752197266,0.726111114025116,0.5601534843444824,0.7400000095367432,C32D31
17,0.5761570334434509,0.7283333539962769,0.5802348852157593,0.7250000238418579,C32D31
18,0.5812671184539795,0.7166666388511658,0.577181339263916,0.75,C32D31
19,0.5711008906364441,0.7350000143051147,0.5764604210853577,0.7149999737739563,C32D31
